indicator_code,country_iso3,who_region,year,dim1_type,dim1,value_numeric,value_low,value_high,value_display,last_updated
cpmt,MRT,AFR,2007,WEALTHDECILE,WEALTHDECILE_WEALTHDECILE10,23.08922,19.85856,26.67056,23.1 [19.9-26.7],2022-05-26T12:19:15+02:00
cpmt,GHA,AFR,2011,WEALTHDECILE,WEALTHDECILE_WEALTHDECILE09,42.78189,37.3438,48.40017,42.8 [37.3-48.4],2022-05-26T12:10:01+02:00
cpmt,NAM,AFR,2000,DHSMICSGEOREGION,DHSMICSGEOREGION_NAMDHS200004,61.5094,52.68555,69.63606,61.5 [52.7-69.6],2022-05-26T14:35:34+02:00
cpmt,BEN,AFR,2011,WEALTHDECILE,WEALTHDECILE_WEALTHDECILE10,19.16324,16.40542,22.26121,19.2 [16.4-22.3],2022-05-26T11:59:28+02:00
cpmt,BFA,AFR,1998,WEALTHQUINTILE,WEALTHQUINTILE_WQ3,9.08719,7.16991,11.4539,9.1 [7.2-11.5],2022-05-26T12:47:26+02:00
cpmt,SWZ,AFR,2014,WEALTHDECILE,WEALTHDECILE_WEALTHDECILE02,58.87542,52.38195,65.07382,58.9 [52.4-65.1],2022-05-26T12:08:02+02:00
cpmt,NER,AFR,1998,WEALTHQUINTILE,WEALTHQUINTILE_WQ5,22.5005,19.46452,25.85796,22.5 [19.5-25.9],2022-05-26T12:59:32+02:00
cpmt,BFA,AFR,2010,WEALTHQUINTILE,WEALTHQUINTILE_WQ4,17.09212,15.36282,18.97245,17.1 [15.4-19.0],2022-05-26T12:47:35+02:00
cpmt,MOZ,AFR,2015,WEALTHDECILE,WEALTHDECILE_WEALTHDECILE03,20.00586,15.37087,25.61545,20.0 [15.4-25.6],2022-05-26T12:20:44+02:00
cpmt,CAF,AFR,1994,WEALTHDECILE,WEALTHDECILE_WEALTHDECILE08,20.61184,16.38756,25.59173,20.6 [16.4-25.6],2022-05-26T12:02:31+02:00
cpmt,SEN,AFR,2010,DHSMICSGEOREGION,DHSMICSGEOREGION_SENDHS201009,10.9161,7.83798,15.00621,10.9 [7.8-15.0],2022-05-26T14:45:44+02:00
cpmt,CMR,AFR,2004,WEALTHDECILE,WEALTHDECILE_WEALTHDECILE05,23.24973,19.75181,27.15747,23.2 [19.8-27.2],2022-05-26T12:02:01+02:00
cpmt,SEN,AFR,2012,WEALTHQUINTILE,WEALTHQUINTILE_WQ1,7.24168,5.36862,9.70124,7.2 [5.4-9.7],2022-05-26T13:03:10+02:00
cpmt,GHA,AFR,1993,WEALTHDECILE,WEALTHDECILE_WEALTHDECILE09,30.0885,25.50517,35.1073,30.1 [25.5-35.1],2022-05-26T12:09:32+02:00
cpmt,AGO,AFR,2015,WEALTHDECILE,WEALTHDECILE_WEALTHDECILE02,1.56388,0.7587,3.19608,1.6 [0.8-3.2],2022-05-26T11:56:27+02:00
cpmt,MOZ,AFR,2003,DHSMICSGEOREGION,DHSMICSGEOREGION_MOZDHS200311,50.01047,44.63307,55.38762,50.0 [44.6-55.4],2022-05-26T14:34:53+02:00
cpmt,COM,AFR,1996,WEALTHDECILE,WEALTHDECILE_WEALTHDECILE02,13.0137,9.22428,18.0503,13.0 [9.2-18.1],2022-05-26T12:03:44+02:00
cpmt,GNB,AFR,2014,WEALTHDECILE,WEALTHDECILE_WEALTHDECILE03,10.58586,8.21779,13.5357,10.6 [8.2-13.5],2022-05-26T12:11:19+02:00
cpmt,GHA,AFR,2006,WEALTHQUINTILE,WEALTHQUINTILE_WQ4,21.29448,17.83346,25.22102,21.3 [17.8-25.2],2022-05-26T12:52:23+02:00
cpmt,MDG,AFR,1997,WEALTHDECILE,WEALTHDECILE_WEALTHDECILE06,14.8146,10.43005,20.61802,14.8 [10.4-20.6],2022-05-26T12:17:12+02:00
cpmt,MLI,AFR,2001,DHSMICSGEOREGION,DHSMICSGEOREGION_MLIDHS200106,4.78005,3.16776,7.15233,4.8 [3.2-7.2],2022-05-26T14:33:24+02:00
cpmt,GAB,AFR,2000,AGEGROUP,AGEGROUP_YEARS15-19,40.10034,34.96953,45.45773,40.1 [35.0-45.5],2022-05-26T11:01:45+02:00
cpmt,SEN,AFR,2019,DHSMICSGEOREGION,DHSMICSGEOREGION_SENDHS201910,23.29343,18.11745,29.41689,23.3 [18.1-29.4],2022-05-26T14:46:41+02:00
cpmt,TZA,AFR,1996,DHSMICSGEOREGION,DHSMICSGEOREGION_TZADHS199608,19.04762,12.79318,27.3991,19.0 [12.8-27.4],2022-05-26T14:50:53+02:00
cpmt,GHA,AFR,2014,DHSMICSGEOREGION,DHSMICSGEOREGION_GHADHS201408,11.20541,8.57448,14.51543,11.2 [8.6-14.5],2022-05-26T14:24:01+02:00
cpmt,SLE,AFR,2008,WEALTHQUINTILE,WEALTHQUINTILE_WQ4,10.63438,8.74238,12.87805,10.6 [8.7-12.9],2022-05-26T13:03:49+02:00
cpmt,SLE,AFR,2008,DHSMICSGEOREGION,DHSMICSGEOREGION_SLEDHS200804,21.15016,17.53628,25.28047,21.2 [17.5-25.3],2022-05-26T14:46:59+02:00
cpmt,TCD,AFR,2014,EDUCATIONLEVEL,EDUCATIONLEVEL_NHLM,3.19365,2.64145,3.85672,3.2 [2.6-3.9],2022-05-26T11:15:56+02:00
cpmt,CIV,AFR,1994,EDUCATIONLEVEL,EDUCATIONLEVEL_SHLM,38.69774,34.53268,43.03493,38.7 [34.5-43.0],2022-05-26T11:16:30+02:00
cpmt,SWZ,AFR,2006,WEALTHDECILE,WEALTHDECILE_WEALTHDECILE03,40.04057,32.42815,48.16619,40.0 [32.4-48.2],2022-05-26T12:07:51+02:00
cpmt,SSD,AFR,2010,EDUCATIONLEVEL,EDUCATIONLEVEL_SHLM,10.6019,7.5904,14.61919,10.6 [7.6-14.6],2022-05-26T11:24:25+02:00
cpmt,MWI,AFR,2010,WEALTHDECILE,WEALTHDECILE_WEALTHDECILE02,40.96746,37.97975,44.02337,41.0 [38.0-44.0],2022-05-26T12:17:53+02:00
cpmt,LBR,AFR,2007,WEALTHDECILE,WEALTHDECILE_WEALTHDECILE10,20.30533,15.11379,26.71884,20.3 [15.1-26.7],2022-05-26T12:16:55+02:00
cpmt,ZWE,AFR,2014,WEALTHDECILE,WEALTHDECILE_WEALTHDECILE01,60.79472,57.03991,64.42603,60.8 [57.0-64.4],2022-05-26T12:39:16+02:00
cpmt,TCD,AFR,2004,WEALTHDECILE,WEALTHDECILE_WEALTHDECILE02,11.51895,7.11883,18.10854,11.5 [7.1-18.1],2022-05-26T12:02:58+02:00
cpmt,ZWE,AFR,2009,WEALTHDECILE,WEALTHDECILE_WEALTHDECILE05,63.3398,59.03341,67.44316,63.3 [59.0-67.4],2022-05-26T12:39:04+02:00
cpmt,RWA,AFR,2019,WEALTHDECILE,WEALTHDECILE_WEALTHDECILE01,63.30805,59.51216,66.94572,63.3 [59.5-66.9],2022-05-26T12:29:04+02:00
cpmt,BEN,AFR,2006,DHSMICSGEOREGION,DHSMICSGEOREGION_BENDHS200612,13.54437,11.18138,16.31502,13.5 [11.2-16.3],2022-05-26T14:13:07+02:00
cpmt,BFA,AFR,1998,WEALTHDECILE,WEALTHDECILE_WEALTHDECILE02,10.23006,7.10703,14.51106,10.2 [7.1-14.5],2022-05-26T12:00:34+02:00
cpmt,CMR,AFR,2006,WEALTHDECILE,WEALTHDECILE_WEALTHDECILE10,47.6025,42.50676,52.74867,47.6 [42.5-52.7],2022-05-26T12:02:07+02:00
cpmt,STP,AFR,2014,EDUCATIONLEVEL,EDUCATIONLEVEL_PRLM,39.02928,35.18246,43.01757,39.0 [35.2-43.0],2022-05-26T11:23:42+02:00
cpmt,BFA,AFR,2003,WEALTHQUINTILE,WEALTHQUINTILE_WQ4,9.8441,8.12443,11.8807,9.8 [8.1-11.9],2022-05-26T12:47:29+02:00
cpmt,SLE,AFR,2013,WEALTHQUINTILE,WEALTHQUINTILE_WQ2,12.07156,10.38123,13.99413,12.1 [10.4-14.0],2022-05-26T13:03:55+02:00
cpmt,MDG,AFR,2018,RESIDENCEAREATYPE,RESIDENCEAREATYPE_URB,45.91548,43.33236,48.52073,45.9 [43.3-48.5],2022-05-26T11:36:46+02:00
cpmt,UGA,AFR,1995,DHSMICSGEOREGION,DHSMICSGEOREGION_UGADHS199503,13.58101,11.16111,16.42855,13.6 [11.2-16.4],2022-05-26T14:50:00+02:00
cpmt,GHA,AFR,2003,WEALTHDECILE,WEALTHDECILE_WEALTHDECILE04,25.1369,19.8941,31.22283,25.1 [19.9-31.2],2022-05-26T12:09:44+02:00
cpmt,SEN,AFR,1997,WEALTHDECILE,WEALTHDECILE_WEALTHDECILE10,32.08316,26.39618,38.35687,32.1 [26.4-38.4],2022-05-26T12:29:44+02:00
cpmt,MLI,AFR,2015,WEALTHQUINTILE,WEALTHQUINTILE_WQ3,13.21815,11.53458,15.10549,13.2 [11.5-15.1],2022-05-26T12:57:35+02:00
cpmt,GMB,AFR,2010,WEALTHDECILE,WEALTHDECILE_WEALTHDECILE04,8.30244,6.17602,11.07458,8.3 [6.2-11.1],2022-05-26T12:08:55+02:00
cpmt,TZA,AFR,2010,AGEGROUP,AGEGROUP_YEARS15-19,14.86808,10.49647,20.64053,14.9 [10.5-20.6],2022-05-26T11:07:36+02:00
cpmt,UGA,AFR,2016,WEALTHQUINTILE,WEALTHQUINTILE_WQ4,45.48856,42.78792,48.21602,45.5 [42.8-48.2],2022-05-26T13:06:22+02:00
cpmt,SEN,AFR,1997,DHSMICSGEOREGION,DHSMICSGEOREGION_SENDHS199703,18.55859,15.01047,22.72117,18.6 [15.0-22.7],2022-05-26T14:45:34+02:00
cpmt,CIV,AFR,2006,WEALTHDECILE,WEALTHDECILE_WEALTHDECILE10,29.96328,24.55394,35.99576,30.0 [24.6-36.0],2022-05-26T12:05:09+02:00
cpmt,LBR,AFR,2013,WEALTHDECILE,WEALTHDECILE_WEALTHDECILE03,16.27022,13.21455,19.8707,16.3 [13.2-19.9],2022-05-26T12:17:01+02:00
cpmt,ETH,AFR,2005,WEALTHDECILE,WEALTHDECILE_WEALTHDECILE09,24.37152,20.50559,28.70312,24.4 [20.5-28.7],2022-05-26T12:08:14+02:00
cpmt,SLE,AFR,2019,EDUCATIONLEVEL,EDUCATIONLEVEL_NHLM,17.01894,15.70718,18.41631,17.0 [15.7-18.4],2022-05-26T11:24:19+02:00
cpmt,BDI,AFR,2005,WEALTHDECILE,WEALTHDECILE_WEALTHDECILE10,19.15902,15.2968,23.72327,19.2 [15.3-23.7],2022-05-26T12:01:05+02:00
cpmt,MWI,AFR,2000,WEALTHDECILE,WEALTHDECILE_WEALTHDECILE09,41.12678,36.29063,46.14066,41.1 [36.3-46.1],2022-05-26T12:17:35+02:00
cpmt,RWA,AFR,2019,DHSMICSGEOREGION,DHSMICSGEOREGION_RWADHS201901,60.60815,56.36081,64.70103,60.6 [56.4-64.7],2022-05-26T14:45:21+02:00
cpmt,GHA,AFR,2008,DHSMICSGEOREGION,DHSMICSGEOREGION_GHADHS200801,19.10951,14.38063,24.94045,19.1 [14.4-24.9],2022-05-26T14:23:49+02:00
cpmt,GMB,AFR,2013,RESIDENCEAREATYPE,RESIDENCEAREATYPE_URB,13.01781,10.95339,15.40401,13.0 [11.0-15.4],2022-05-26T11:34:54+02:00
cpmt,SEN,AFR,2014,WEALTHDECILE,WEALTHDECILE_WEALTHDECILE06,23.36027,18.43832,29.12689,23.4 [18.4-29.1],2022-05-26T12:30:11+02:00
cpmt,MRT,AFR,2007,DHSMICSGEOREGION,DHSMICSGEOREGION_MRTMICS200702,4.99565,3.28639,7.52473,5.0 [3.3-7.5],2022-05-26T14:33:55+02:00
cpmt,ZMB,AFR,2013,WEALTHQUINTILE,WEALTHQUINTILE_WQ2,43.35222,40.76894,45.97214,43.4 [40.8-46.0],2022-05-26T13:07:40+02:00
cpmt,MOZ,AFR,2008,RESIDENCEAREATYPE,RESIDENCEAREATYPE_RUR,12.39218,10.61469,14.41931,12.4 [10.6-14.4],2022-05-26T11:37:27+02:00
cpmt,TCD,AFR,1996,DHSMICSGEOREGION,DHSMICSGEOREGION_TCDDHS199608,3.55745,1.51028,8.14992,3.6 [1.5-8.1],2022-05-26T14:17:05+02:00
cpmt,ZMB,AFR,2007,DHSMICSGEOREGION,DHSMICSGEOREGION_ZMBDHS200704,15.83438,11.64574,21.1686,15.8 [11.6-21.2],2022-05-26T14:53:16+02:00
cpmt,LSO,AFR,2004,AGEGROUP,AGEGROUP_YEARS20-49,39.23414,37.11092,41.39887,39.2 [37.1-41.4],2022-05-26T11:03:30+02:00
cpmt,SEN,AFR,2018,WEALTHDECILE,WEALTHDECILE_WEALTHDECILE06,30.02771,25.03295,35.54651,30.0 [25.0-35.5],2022-05-26T12:30:38+02:00
cpmt,RWA,AFR,2010,DHSMICSGEOREGION,DHSMICSGEOREGION_RWADHS201002,55.26573,52.59665,57.9048,55.3 [52.6-57.9],2022-05-26T14:45:15+02:00
cpmt,NGA,AFR,2016,EDUCATIONLEVEL,EDUCATIONLEVEL_NHLM,5.51541,4.9195,6.17881,5.5 [4.9-6.2],2022-05-26T11:22:13+02:00
cpmt,NAM,AFR,2000,AGEGROUP,AGEGROUP_YEARS20-49,43.70442,40.4975,46.96485,43.7 [40.5-47.0],2022-05-26T11:04:26+02:00
cpmt,CIV,AFR,2016,RESIDENCEAREATYPE,RESIDENCEAREATYPE_URB,19.65135,17.61848,21.85654,19.7 [17.6-21.9],2022-05-26T11:34:09+02:00
cpmt,TZA,AFR,1996,WEALTHDECILE,WEALTHDECILE_WEALTHDECILE03,10.43138,7.56385,14.2188,10.4 [7.6-14.2],2022-05-26T12:36:34+02:00
cpmt,SLE,AFR,2013,WEALTHQUINTILE,WEALTHQUINTILE_WQ4,20.406,18.04777,22.98594,20.4 [18.0-23.0],2022-05-26T13:03:55+02:00
cpmt,UGA,AFR,2000,RESIDENCEAREATYPE,RESIDENCEAREATYPE_URB,46.30741,43.11028,49.5352,46.3 [43.1-49.5],2022-05-26T11:40:21+02:00
cpmt,NGA,AFR,2016,DHSMICSGEOREGION,DHSMICSGEOREGION_NGAMICS201602,9.10132,6.64693,12.34216,9.1 [6.6-12.3],2022-05-26T14:38:01+02:00
cpmt,KEN,AFR,1993,DHSMICSGEOREGION,DHSMICSGEOREGION_KENDHS199305,23.80002,20.07397,27.9756,23.8 [20.1-28.0],2022-05-26T14:30:35+02:00
cpmt,CAF,AFR,2010,DHSMICSGEOREGION,DHSMICSGEOREGION_CAFMICS201001,18.67447,12.96223,26.14778,18.7 [13.0-26.1],2022-05-26T14:16:50+02:00
cpmt,NAM,AFR,2000,DHSMICSGEOREGION,DHSMICSGEOREGION_NAMDHS200008,41.95693,35.61729,48.57365,42.0 [35.6-48.6],2022-05-26T14:35:34+02:00
cpmt,LSO,AFR,2009,DHSMICSGEOREGION,DHSMICSGEOREGION_LSODHS200910,34.09038,29.42194,39.08931,34.1 [29.4-39.1],2022-05-26T14:31:50+02:00
cpmt,RWA,AFR,2014,WEALTHQUINTILE,WEALTHQUINTILE_WQ5,56.82968,53.63096,59.97244,56.8 [53.6-60.0],2022-05-26T13:02:37+02:00
cpmt,MWI,AFR,2010,EDUCATIONLEVEL,EDUCATIONLEVEL_SHLM,53.17506,50.49009,55.84178,53.2 [50.5-55.8],2022-05-26T11:20:33+02:00
cpmt,MWI,AFR,2004,WEALTHQUINTILE,WEALTHQUINTILE_WQ1,25.27761,22.67656,28.06871,25.3 [22.7-28.1],2022-05-26T12:56:52+02:00
cpmt,CMR,AFR,2004,WEALTHDECILE,WEALTHDECILE_WEALTHDECILE10,48.61389,45.0438,52.19818,48.6 [45.0-52.2],2022-05-26T12:02:01+02:00
cpmt,CMR,AFR,2011,EDUCATIONLEVEL,EDUCATIONLEVEL_NHLM,4.09611,3.19787,5.23302,4.1 [3.2-5.2],2022-05-26T11:15:38+02:00
cpmt,SLE,AFR,2013,WEALTHDECILE,WEALTHDECILE_WEALTHDECILE01,12.58473,10.22198,15.39992,12.6 [10.2-15.4],2022-05-26T12:31:36+02:00
cpmt,SEN,AFR,2005,WEALTHDECILE,WEALTHDECILE_WEALTHDECILE10,26.88544,21.8185,32.63785,26.9 [21.8-32.6],2022-05-26T12:29:50+02:00
cpmt,TGO,AFR,2013,AGEGROUP,AGEGROUP_YEARS20-49,20.26791,18.83269,21.78316,20.3 [18.8-21.8],2022-05-26T11:06:56+02:00
cpmt,STP,AFR,2014,WEALTHDECILE,WEALTHDECILE_WEALTHDECILE05,40.42874,32.8877,48.4506,40.4 [32.9-48.5],2022-05-26T12:29:30+02:00
cpmt,TZA,AFR,2010,DHSMICSGEOREGION,DHSMICSGEOREGION_TZADHS201020,11.85791,7.22232,18.86386,11.9 [7.2-18.9],2022-05-26T14:51:35+02:00
cpmt,BEN,AFR,2006,WEALTHQUINTILE,WEALTHQUINTILE_WQ1,7.71636,6.48581,9.15751,7.7 [6.5-9.2],2022-05-26T12:46:50+02:00
cpmt,UGA,AFR,1995,DHSMICSGEOREGION,DHSMICSGEOREGION_UGADHS199504,10.28609,8.04691,13.05986,10.3 [8.0-13.1],2022-05-26T14:50:00+02:00
cpmt,COG,AFR,2005,WEALTHQUINTILE,WEALTHQUINTILE_WQ3,46.57433,42.26026,50.94027,46.6 [42.3-50.9],2022-05-26T12:49:11+02:00
cpmt,CAF,AFR,2018,WEALTHDECILE,WEALTHDECILE_WEALTHDECILE05,11.86608,9.07482,15.37076,11.9 [9.1-15.4],2022-05-26T12:02:47+02:00
cpmt,MOZ,AFR,2011,WEALTHDECILE,WEALTHDECILE_WEALTHDECILE09,24.13872,21.58303,26.89324,24.1 [21.6-26.9],2022-05-26T12:20:38+02:00
cpmt,BDI,AFR,2005,DHSMICSGEOREGION,DHSMICSGEOREGION_BDIMICS200502,7.74696,5.65686,10.52317,7.7 [5.7-10.5],2022-05-26T14:14:45+02:00
cpmt,NAM,AFR,2006,DHSMICSGEOREGION,DHSMICSGEOREGION_NAMDHS200612,50.34859,43.00422,57.67794,50.3 [43.0-57.7],2022-05-26T14:35:42+02:00
cpmt,ZWE,AFR,2015,AGEGROUP,AGEGROUP_YEARS15-19,45.8295,40.21471,51.55225,45.8 [40.2-51.6],2022-05-26T11:08:07+02:00
cpmt,NAM,AFR,2000,WEALTHDECILE,WEALTHDECILE_WEALTHDECILE07,41.98998,34.07998,50.33406,42.0 [34.1-50.3],2022-05-26T12:20:56+02:00
cpmt,ETH,AFR,2019,DHSMICSGEOREGION,DHSMICSGEOREGION_ETHDHS201906,38.5387,32.46676,44.98971,38.5 [32.5-45.0],2022-05-26T14:22:36+02:00
cpmt,TZA,AFR,2004,DHSMICSGEOREGION,DHSMICSGEOREGION_TZADHS200412,45.14539,38.02964,52.46535,45.1 [38.0-52.5],2022-05-26T14:51:19+02:00
cpmt,COM,AFR,2012,WEALTHDECILE,WEALTHDECILE_WEALTHDECILE04,15.84727,11.87479,20.83447,15.8 [11.9-20.8],2022-05-26T12:03:49+02:00
cpmt,MDG,AFR,2018,WEALTHQUINTILE,WEALTHQUINTILE_WQ1,32.80505,30.06637,35.66598,32.8 [30.1-35.7],2022-05-26T12:56:46+02:00
cpmt,COD,AFR,2017,DHSMICSGEOREGION,DHSMICSGEOREGION_CODMICS201726,16.30415,10.01395,25.42896,16.3 [10.0-25.4],2022-05-26T14:19:46+02:00
cpmt,CIV,AFR,2016,DHSMICSGEOREGION,DHSMICSGEOREGION_CIVMICS201601,19.84936,15.58829,24.93118,19.8 [15.6-24.9],2022-05-26T14:19:16+02:00
cpmt,SEN,AFR,2017,WEALTHDECILE,WEALTHDECILE_WEALTHDECILE01,17.14743,15.00908,19.52046,17.1 [15.0-19.5],2022-05-26T12:30:31+02:00
cpmt,KEN,AFR,2008,DHSMICSGEOREGION,DHSMICSGEOREGION_KENDHS200804,52.04929,45.37298,58.65319,52.0 [45.4-58.7],2022-05-26T14:30:47+02:00
cpmt,CIV,AFR,2006,WEALTHDECILE,WEALTHDECILE_WEALTHDECILE03,10.05219,7.80227,12.86042,10.1 [7.8-12.9],2022-05-26T12:05:09+02:00
cpmt,NGA,AFR,2011,DHSMICSGEOREGION,DHSMICSGEOREGION_NGAMICS201122,11.9181,8.25213,16.91246,11.9 [8.3-16.9],2022-05-26T14:37:37+02:00
cpmt,ZAF,AFR,1998,WEALTHQUINTILE,WEALTHQUINTILE_WQ3,55.83867,52.71503,58.91679,55.8 [52.7-58.9],2022-05-26T13:04:09+02:00
cpmt,GIN,AFR,1999,WEALTHQUINTILE,WEALTHQUINTILE_WQ5,15.10194,12.358,18.32773,15.1 [12.4-18.3],2022-05-26T12:52:55+02:00
cpmt,GMB,AFR,2018,DHSMICSGEOREGION,DHSMICSGEOREGION_GMBMICS201804,14.25797,11.56717,17.45119,14.3 [11.6-17.5],2022-05-26T14:23:05+02:00
cpmt,TZA,AFR,2004,DHSMICSGEOREGION,DHSMICSGEOREGION_TZADHS200426,9.35406,6.14708,13.98484,9.4 [6.1-14.0],2022-05-26T14:51:19+02:00
cpmt,CMR,AFR,2014,WEALTHDECILE,WEALTHDECILE_WEALTHDECILE02,16.16471,12.50619,20.64099,16.2 [12.5-20.6],2022-05-26T12:02:21+02:00
cpmt,DZA,AFR,2012,DHSMICSGEOREGION,DHSMICSGEOREGION_DZAMICS201203,58.63563,56.20124,61.02853,58.6 [56.2-61.0],2022-05-26T14:10:47+02:00
cpmt,BDI,AFR,2016,AGEGROUP,AGEGROUP_YEARS20-49,28.64643,27.36243,29.96583,28.6 [27.4-30.0],2022-05-26T11:00:09+02:00
cpmt,GNB,AFR,2006,WEALTHQUINTILE,WEALTHQUINTILE_WQ1,6.26959,4.67098,8.3673,6.3 [4.7-8.4],2022-05-26T12:53:11+02:00
cpmt,ZMB,AFR,1996,DHSMICSGEOREGION,DHSMICSGEOREGION_ZMBDHS199605,35.33243,30.56524,40.41041,35.3 [30.6-40.4],2022-05-26T14:53:06+02:00
cpmt,CMR,AFR,2006,WEALTHQUINTILE,WEALTHQUINTILE_WQ5,43.86963,40.47496,47.32266,43.9 [40.5-47.3],2022-05-26T12:48:08+02:00
cpmt,NGA,AFR,2011,DHSMICSGEOREGION,DHSMICSGEOREGION_NGAMICS201136,4.7938,2.70792,8.34855,4.8 [2.7-8.3],2022-05-26T14:37:37+02:00
cpmt,MDG,AFR,2003,WEALTHDECILE,WEALTHDECILE_WEALTHDECILE10,50.50787,46.9588,54.05182,50.5 [47.0-54.1],2022-05-26T12:17:18+02:00
cpmt,TCD,AFR,2019,DHSMICSGEOREGION,DHSMICSGEOREGION_TCDMICS201918,15.45845,12.20637,19.38566,15.5 [12.2-19.4],2022-05-26T14:17:44+02:00
cpmt,TCD,AFR,1996,WEALTHDECILE,WEALTHDECILE_WEALTHDECILE05,1.94809,0.87363,4.28683,1.9 [0.9-4.3],2022-05-26T12:02:52+02:00
cpmt,TCD,AFR,2019,AGEGROUP,AGEGROUP_YEARS20-49,8.44926,7.54034,9.45654,8.4 [7.5-9.5],2022-05-26T11:00:35+02:00
cpmt,SEN,AFR,2015,WEALTHDECILE,WEALTHDECILE_WEALTHDECILE01,12.61035,9.95467,15.8498,12.6 [10.0-15.8],2022-05-26T12:30:18+02:00
cpmt,SLE,AFR,2017,WEALTHDECILE,WEALTHDECILE_WEALTHDECILE08,36.09628,32.06617,40.33219,36.1 [32.1-40.3],2022-05-26T12:31:42+02:00
cpmt,BEN,AFR,2017,WEALTHQUINTILE,WEALTHQUINTILE_WQ2,11.86493,10.37701,13.53398,11.9 [10.4-13.5],2022-05-26T12:46:59+02:00
cpmt,SEN,AFR,2017,RESIDENCEAREATYPE,RESIDENCEAREATYPE_URB,38.86473,36.3475,41.44279,38.9 [36.3-41.4],2022-05-26T11:39:19+02:00
cpmt,TGO,AFR,2017,WEALTHDECILE,WEALTHDECILE_WEALTHDECILE04,20.56117,16.23944,25.68042,20.6 [16.2-25.7],2022-05-26T12:34:17+02:00
cpmt,MOZ,AFR,2011,RESIDENCEAREATYPE,RESIDENCEAREATYPE_RUR,7.44176,6.4397,8.58544,7.4 [6.4-8.6],2022-05-26T11:37:29+02:00
cpmt,BFA,AFR,1998,EDUCATIONLEVEL,EDUCATIONLEVEL_PRLM,23.12543,18.80224,28.09866,23.1 [18.8-28.1],2022-05-26T11:15:04+02:00
cpmt,ZAF,AFR,2016,EDUCATIONLEVEL,EDUCATIONLEVEL_NHLM,29.60504,18.44292,43.88743,29.6 [18.4-43.9],2022-05-26T11:24:24+02:00
cpmt,BFA,AFR,1998,DHSMICSGEOREGION,DHSMICSGEOREGION_BFADHS199805,15.47529,12.68228,18.7513,15.5 [12.7-18.8],2022-05-26T14:14:16+02:00
cpmt,CMR,AFR,2006,WEALTHDECILE,WEALTHDECILE_WEALTHDECILE06,31.15536,25.92761,36.91192,31.2 [25.9-36.9],2022-05-26T12:02:08+02:00
cpmt,ZWE,AFR,2015,EDUCATIONLEVEL,EDUCATIONLEVEL_SHLM,69.26969,67.49104,70.99284,69.3 [67.5-71.0],2022-05-26T11:26:30+02:00
cpmt,TGO,AFR,2006,RESIDENCEAREATYPE,RESIDENCEAREATYPE_RUR,16.37593,14.32383,18.65801,16.4 [14.3-18.7],2022-05-26T11:39:58+02:00
cpmt,SEN,AFR,1997,EDUCATIONLEVEL,EDUCATIONLEVEL_SHLM,43.00876,37.15507,49.06466,43.0 [37.2-49.1],2022-05-26T11:23:46+02:00
cpmt,MOZ,AFR,2011,DHSMICSGEOREGION,DHSMICSGEOREGION_MOZDHS201102,2.9415,1.76483,4.86386,2.9 [1.8-4.9],2022-05-26T14:35:07+02:00
cpmt,NAM,AFR,2006,DHSMICSGEOREGION,DHSMICSGEOREGION_NAMDHS200607,45.17524,33.92604,56.94006,45.2 [33.9-56.9],2022-05-26T14:35:42+02:00
cpmt,CIV,AFR,2016,EDUCATIONLEVEL,EDUCATIONLEVEL_SHLM,23.48712,20.45738,26.8143,23.5 [20.5-26.8],2022-05-26T11:16:38+02:00
cpmt,BEN,AFR,2014,WEALTHQUINTILE,WEALTHQUINTILE_WQ5,24.43064,21.93581,27.11067,24.4 [21.9-27.1],2022-05-26T12:46:56+02:00
cpmt,BEN,AFR,2001,WEALTHDECILE,WEALTHDECILE_WEALTHDECILE10,31.29038,27.00274,35.92379,31.3 [27.0-35.9],2022-05-26T11:59:16+02:00
cpmt,NGA,AFR,2018,WEALTHQUINTILE,WEALTHQUINTILE_WQ2,7.79203,6.58652,9.19646,7.8 [6.6-9.2],2022-05-26T13:00:04+02:00
cpmt,MDG,AFR,2008,WEALTHDECILE,WEALTHDECILE_WEALTHDECILE03,24.24423,20.79538,28.0624,24.2 [20.8-28.1],2022-05-26T12:17:23+02:00
cpmt,KEN,AFR,1998,WEALTHDECILE,WEALTHDECILE_WEALTHDECILE02,21.62506,17.4481,26.4812,21.6 [17.4-26.5],2022-05-26T12:15:17+02:00
cpmt,CAF,AFR,2010,DHSMICSGEOREGION,DHSMICSGEOREGION_CAFMICS201007,11.49693,8.499,15.37467,11.5 [8.5-15.4],2022-05-26T14:16:50+02:00
cpmt,MLI,AFR,1995,WEALTHQUINTILE,WEALTHQUINTILE_WQ4,7.06061,5.63199,8.81777,7.1 [5.6-8.8],2022-05-26T12:57:19+02:00
cpmt,ZAF,AFR,1998,WEALTHDECILE,WEALTHDECILE_WEALTHDECILE05,55.61376,51.07017,60.06536,55.6 [51.1-60.1],2022-05-26T12:32:01+02:00
cpmt,TGO,AFR,2010,DHSMICSGEOREGION,DHSMICSGEOREGION_TGOMICS201003,14.93455,11.74268,18.80912,14.9 [11.7-18.8],2022-05-26T14:48:59+02:00
cpmt,MOZ,AFR,2011,WEALTHQUINTILE,WEALTHQUINTILE_WQ5,30.27787,28.29932,32.33237,30.3 [28.3-32.3],2022-05-26T12:58:32+02:00
cpmt,CIV,AFR,2006,DHSMICSGEOREGION,DHSMICSGEOREGION_CIVMICS200606,12.43635,8.3878,18.05392,12.4 [8.4-18.1],2022-05-26T14:19:04+02:00
cpmt,DZA,AFR,2012,AGEGROUP,AGEGROUP_YEARS20-49,57.40805,56.34389,58.46539,57.4 [56.3-58.5],2022-05-26T10:59:09+02:00
cpmt,SEN,AFR,2014,DHSMICSGEOREGION,DHSMICSGEOREGION_SENDHS201411,8.48329,5.18996,13.56738,8.5 [5.2-13.6],2022-05-26T14:46:01+02:00
cpmt,SEN,AFR,2016,EDUCATIONLEVEL,EDUCATIONLEVEL_SHLM,30.51016,25.33998,36.22343,30.5 [25.3-36.2],2022-05-26T11:23:57+02:00
cpmt,TZA,AFR,1996,DHSMICSGEOREGION,DHSMICSGEOREGION_TZADHS199617,5.11811,2.12286,11.82877,5.1 [2.1-11.8],2022-05-26T14:50:53+02:00
cpmt,LSO,AFR,2014,DHSMICSGEOREGION,DHSMICSGEOREGION_LSODHS201403,63.87832,58.77043,68.69051,63.9 [58.8-68.7],2022-05-26T14:31:55+02:00
cpmt,CMR,AFR,2014,WEALTHDECILE,WEALTHDECILE_WEALTHDECILE03,25.30508,20.86395,30.32924,25.3 [20.9-30.3],2022-05-26T12:02:21+02:00
cpmt,BFA,AFR,2010,DHSMICSGEOREGION,DHSMICSGEOREGION_BFADHS201003,36.1277,31.80639,40.68584,36.1 [31.8-40.7],2022-05-26T14:14:37+02:00
cpmt,RWA,AFR,2014,WEALTHDECILE,WEALTHDECILE_WEALTHDECILE06,59.07348,55.08565,62.94541,59.1 [55.1-62.9],2022-05-26T12:28:57+02:00
cpmt,NGA,AFR,2018,EDUCATIONLEVEL,EDUCATIONLEVEL_NHLM,5.19882,4.57802,5.89859,5.2 [4.6-5.9],2022-05-26T11:22:15+02:00
cpmt,SWZ,AFR,2006,RESIDENCEAREATYPE,RESIDENCEAREATYPE_URB,58.10724,53.45175,62.62271,58.1 [53.5-62.6],2022-05-26T11:34:40+02:00
cpmt,MDG,AFR,1997,WEALTHQUINTILE,WEALTHQUINTILE_WQ4,25.97975,22.12424,30.2462,26.0 [22.1-30.2],2022-05-26T12:56:36+02:00
cpmt,COM,AFR,2012,WEALTHDECILE,WEALTHDECILE_WEALTHDECILE02,15.27888,10.55186,21.61189,15.3 [10.6-21.6],2022-05-26T12:03:49+02:00
cpmt,ETH,AFR,2016,WEALTHDECILE,WEALTHDECILE_WEALTHDECILE08,39.53433,34.12684,45.21058,39.5 [34.1-45.2],2022-05-26T12:08:25+02:00
cpmt,GNB,AFR,2018,WEALTHQUINTILE,WEALTHQUINTILE_WQ4,23.97273,20.4681,27.86717,24.0 [20.5-27.9],2022-05-26T12:53:17+02:00
cpmt,MDG,AFR,1997,WEALTHQUINTILE,WEALTHQUINTILE_WQ1,5.78194,4.01275,8.26401,5.8 [4.0-8.3],2022-05-26T12:56:36+02:00
cpmt,GHA,AFR,2006,WEALTHDECILE,WEALTHDECILE_WEALTHDECILE04,15.95796,12.42736,20.25956,16.0 [12.4-20.3],2022-05-26T12:09:49+02:00
cpmt,MWI,AFR,2006,EDUCATIONLEVEL,EDUCATIONLEVEL_SHLM,46.18813,43.79113,48.60288,46.2 [43.8-48.6],2022-05-26T11:20:32+02:00
cpmt,GIN,AFR,2012,WEALTHDECILE,WEALTHDECILE_WEALTHDECILE04,3.10133,1.64869,5.7589,3.1 [1.6-5.8],2022-05-26T12:10:57+02:00
cpmt,SWZ,AFR,2014,WEALTHDECILE,WEALTHDECILE_WEALTHDECILE10,71.92194,64.85935,78.04556,71.9 [64.9-78.0],2022-05-26T12:08:02+02:00
cpmt,LBR,AFR,2007,WEALTHDECILE,WEALTHDECILE_WEALTHDECILE07,15.29048,11.43717,20.14669,15.3 [11.4-20.1],2022-05-26T12:16:55+02:00
cpmt,MDG,AFR,1997,WEALTHDECILE,WEALTHDECILE_WEALTHDECILE05,10.97045,7.92582,14.9942,11.0 [7.9-15.0],2022-05-26T12:17:12+02:00
cpmt,KEN,AFR,2014,DHSMICSGEOREGION,DHSMICSGEOREGION_KENDHS201405,52.75818,50.78925,54.71856,52.8 [50.8-54.7],2022-05-26T14:30:52+02:00
cpmt,GHA,AFR,2003,WEALTHDECILE,WEALTHDECILE_WEALTHDECILE01,11.22277,8.51138,14.65949,11.2 [8.5-14.7],2022-05-26T12:09:44+02:00
cpmt,UGA,AFR,2000,AGEGROUP,AGEGROUP_YEARS20-49,23.91802,22.01166,25.93458,23.9 [22.0-25.9],2022-05-26T11:07:21+02:00
cpmt,TCD,AFR,2019,AGEGROUP,AGEGROUP_YEARS15-19,5.08335,3.7609,6.83778,5.1 [3.8-6.8],2022-05-26T11:00:35+02:00
cpmt,ZWE,AFR,2005,DHSMICSGEOREGION,DHSMICSGEOREGION_ZWEDHS200506,47.18937,42.4089,52.02194,47.2 [42.4-52.0],2022-05-26T14:53:46+02:00
cpmt,KEN,AFR,1998,DHSMICSGEOREGION,DHSMICSGEOREGION_KENDHS199804,45.59349,40.22131,51.0702,45.6 [40.2-51.1],2022-05-26T14:30:39+02:00
cpmt,KEN,AFR,2014,WEALTHQUINTILE,WEALTHQUINTILE_WQ3,64.21137,62.28497,66.09295,64.2 [62.3-66.1],2022-05-26T12:55:39+02:00
cpmt,SEN,AFR,2017,DHSMICSGEOREGION,DHSMICSGEOREGION_SENDHS201706,24.11793,19.43886,29.51071,24.1 [19.4-29.5],2022-05-26T14:46:25+02:00
cpmt,TZA,AFR,2010,WEALTHDECILE,WEALTHDECILE_WEALTHDECILE03,26.39701,22.03486,31.27628,26.4 [22.0-31.3],2022-05-26T12:36:53+02:00
cpmt,MOZ,AFR,2015,EDUCATIONLEVEL,EDUCATIONLEVEL_NHLM,20.21868,17.14581,23.68485,20.2 [17.1-23.7],2022-05-26T11:21:26+02:00
cpmt,TZA,AFR,2010,WEALTHDECILE,WEALTHDECILE_WEALTHDECILE01,21.73494,17.85212,26.193,21.7 [17.9-26.2],2022-05-26T12:36:53+02:00
cpmt,LBR,AFR,2019,AGEGROUP,AGEGROUP_YEARS20-49,25.75184,23.56781,28.06395,25.8 [23.6-28.1],2022-05-26T11:03:38+02:00
cpmt,COG,AFR,2011,DHSMICSGEOREGION,DHSMICSGEOREGION_COGDHS201107,36.05404,32.23584,40.05715,36.1 [32.2-40.1],2022-05-26T14:18:17+02:00
cpmt,LSO,AFR,2004,WEALTHDECILE,WEALTHDECILE_WEALTHDECILE06,40.93431,35.50241,46.59687,40.9 [35.5-46.6],2022-05-26T12:16:32+02:00
cpmt,GHA,AFR,1993,WEALTHDECILE,WEALTHDECILE_WEALTHDECILE01,12.5448,8.74674,17.67268,12.5 [8.7-17.7],2022-05-26T12:09:32+02:00
cpmt,GHA,AFR,2003,DHSMICSGEOREGION,DHSMICSGEOREGION_GHADHS200310,11.89579,6.24572,21.48576,11.9 [6.2-21.5],2022-05-26T14:23:38+02:00
cpmt,RWA,AFR,2019,DHSMICSGEOREGION,DHSMICSGEOREGION_RWADHS201902,62.48831,59.61481,65.27645,62.5 [59.6-65.3],2022-05-26T14:45:21+02:00
cpmt,NGA,AFR,2008,EDUCATIONLEVEL,EDUCATIONLEVEL_PRLM,17.16471,15.67696,18.76224,17.2 [15.7-18.8],2022-05-26T11:22:08+02:00
cpmt,DZA,AFR,2018,EDUCATIONLEVEL,EDUCATIONLEVEL_NHLM,49.25848,46.75189,51.7688,49.3 [46.8-51.8],2022-05-26T11:13:45+02:00
cpmt,BDI,AFR,2010,DHSMICSGEOREGION,DHSMICSGEOREGION_BDIDHS201002,30.55,27.35156,33.94769,30.6 [27.4-33.9],2022-05-26T14:14:48+02:00
cpmt,NER,AFR,2012,WEALTHDECILE,WEALTHDECILE_WEALTHDECILE09,21.3807,18.65646,24.38349,21.4 [18.7-24.4],2022-05-26T12:22:39+02:00
cpmt,DZA,AFR,2018,WEALTHDECILE,WEALTHDECILE_WEALTHDECILE09,55.80029,52.55178,58.99991,55.8 [52.6-59.0],2022-05-26T11:56:21+02:00
cpmt,MLI,AFR,1995,WEALTHDECILE,WEALTHDECILE_WEALTHDECILE05,3.18881,2.07663,4.86704,3.2 [2.1-4.9],2022-05-26T12:18:32+02:00
cpmt,ZWE,AFR,1994,EDUCATIONLEVEL,EDUCATIONLEVEL_NHLM,32.82664,27.86102,38.20851,32.8 [27.9-38.2],2022-05-26T11:26:20+02:00
cpmt,ZMB,AFR,2018,DHSMICSGEOREGION,DHSMICSGEOREGION_ZMBDHS201808,46.80908,41.49085,52.20081,46.8 [41.5-52.2],2022-05-26T14:53:28+02:00
cpmt,GAB,AFR,2000,DHSMICSGEOREGION,DHSMICSGEOREGION_GABDHS200005,26.63231,22.41003,31.32889,26.6 [22.4-31.3],2022-05-26T14:22:42+02:00
cpmt,GMB,AFR,2018,DHSMICSGEOREGION,DHSMICSGEOREGION_GMBMICS201808,8.08555,6.3544,10.23675,8.1 [6.4-10.2],2022-05-26T14:23:05+02:00
cpmt,CMR,AFR,2006,WEALTHDECILE,WEALTHDECILE_WEALTHDECILE04,29.94019,25.17034,35.18888,29.9 [25.2-35.2],2022-05-26T12:02:08+02:00
cpmt,GMB,AFR,2019,RESIDENCEAREATYPE,RESIDENCEAREATYPE_RUR,16.66753,14.71017,18.82785,16.7 [14.7-18.8],2022-05-26T11:34:57+02:00
cpmt,GNB,AFR,2014,DHSMICSGEOREGION,DHSMICSGEOREGION_GNBMICS201405,21.69413,17.33614,26.79256,21.7 [17.3-26.8],2022-05-26T14:24:57+02:00
cpmt,NGA,AFR,2003,DHSMICSGEOREGION,DHSMICSGEOREGION_NGADHS200301,13.30993,10.63674,16.53066,13.3 [10.6-16.5],2022-05-26T14:37:05+02:00
cpmt,BEN,AFR,2011,EDUCATIONLEVEL,EDUCATIONLEVEL_NHLM,11.18687,10.32317,12.11308,11.2 [10.3-12.1],2022-05-26T11:14:44+02:00
cpmt,BDI,AFR,2010,WEALTHQUINTILE,WEALTHQUINTILE_WQ4,21.11932,18.26991,24.28111,21.1 [18.3-24.3],2022-05-26T12:47:41+02:00
cpmt,GNB,AFR,2006,WEALTHDECILE,WEALTHDECILE_WEALTHDECILE08,16.71031,13.61858,20.33868,16.7 [13.6-20.3],2022-05-26T12:11:13+02:00
cpmt,KEN,AFR,1998,WEALTHDECILE,WEALTHDECILE_WEALTHDECILE08,45.85525,40.98209,50.80901,45.9 [41.0-50.8],2022-05-26T12:15:17+02:00
cpmt,MWI,AFR,2013,DHSMICSGEOREGION,DHSMICSGEOREGION_MWIMICS201310,65.74324,62.12671,69.1857,65.7 [62.1-69.2],2022-05-26T14:32:54+02:00
cpmt,TCD,AFR,1996,DHSMICSGEOREGION,DHSMICSGEOREGION_TCDDHS199601,0.24128,0.03307,1.73751,0.2 [0.0-1.7],2022-05-26T14:17:05+02:00
cpmt,MWI,AFR,2013,DHSMICSGEOREGION,DHSMICSGEOREGION_MWIMICS201320,67.05121,62.39792,71.39267,67.1 [62.4-71.4],2022-05-26T14:32:54+02:00
cpmt,COD,AFR,2010,WEALTHDECILE,WEALTHDECILE_WEALTHDECILE06,12.70181,9.84764,16.23425,12.7 [9.8-16.2],2022-05-26T12:05:32+02:00
cpmt,ZMB,AFR,1996,WEALTHQUINTILE,WEALTHQUINTILE_WQ5,40.50925,36.88254,44.24262,40.5 [36.9-44.2],2022-05-26T13:07:30+02:00
cpmt,TCD,AFR,1996,DHSMICSGEOREGION,DHSMICSGEOREGION_TCDDHS199604,3.12432,1.90114,5.09364,3.1 [1.9-5.1],2022-05-26T14:17:05+02:00
cpmt,TZA,AFR,2004,WEALTHDECILE,WEALTHDECILE_WEALTHDECILE06,21.65797,17.97756,25.85434,21.7 [18.0-25.9],2022-05-26T12:36:47+02:00
cpmt,RWA,AFR,2014,RESIDENCEAREATYPE,RESIDENCEAREATYPE_URB,56.48866,53.15035,59.76916,56.5 [53.2-59.8],2022-05-26T11:39:02+02:00
cpmt,COD,AFR,2007,DHSMICSGEOREGION,DHSMICSGEOREGION_CODDHS200711,14.22387,9.9256,19.97079,14.2 [9.9-20.0],2022-05-26T14:19:23+02:00
cpmt,ZWE,AFR,1994,WEALTHQUINTILE,WEALTHQUINTILE_WQ5,59.59188,55.57566,63.48357,59.6 [55.6-63.5],2022-05-26T13:07:46+02:00
cpmt,ZMB,AFR,2007,DHSMICSGEOREGION,DHSMICSGEOREGION_ZMBDHS200702,47.66677,42.73841,52.64099,47.7 [42.7-52.6],2022-05-26T14:53:16+02:00
cpmt,SLE,AFR,2005,WEALTHDECILE,WEALTHDECILE_WEALTHDECILE08,9.73089,7.31997,12.82598,9.7 [7.3-12.8],2022-05-26T12:31:18+02:00
cpmt,GIN,AFR,2016,EDUCATIONLEVEL,EDUCATIONLEVEL_SHLM,13.44916,11.42657,15.76604,13.4 [11.4-15.8],2022-05-26T11:18:28+02:00
cpmt,BFA,AFR,2006,WEALTHDECILE,WEALTHDECILE_WEALTHDECILE03,7.96864,5.73041,10.97926,8.0 [5.7-11.0],2022-05-26T12:00:51+02:00
cpmt,RWA,AFR,2010,WEALTHDECILE,WEALTHDECILE_WEALTHDECILE02,46.94305,43.02763,50.89647,46.9 [43.0-50.9],2022-05-26T12:28:51+02:00
cpmt,ZMB,AFR,2018,WEALTHDECILE,WEALTHDECILE_WEALTHDECILE05,53.3824,49.43761,57.28533,53.4 [49.4-57.3],2022-05-26T12:38:39+02:00
cpmt,GNB,AFR,2018,AGEGROUP,AGEGROUP_YEARS20-49,22.05627,20.55296,23.63683,22.1 [20.6-23.6],2022-05-26T11:02:20+02:00
cpmt,ETH,AFR,2011,WEALTHQUINTILE,WEALTHQUINTILE_WQ5,51.76564,47.77766,55.73125,51.8 [47.8-55.7],2022-05-26T12:51:37+02:00
cpmt,MOZ,AFR,1997,WEALTHDECILE,WEALTHDECILE_WEALTHDECILE05,2.39291,1.29654,4.37529,2.4 [1.3-4.4],2022-05-26T12:20:20+02:00
cpmt,SWZ,AFR,2014,WEALTHDECILE,WEALTHDECILE_WEALTHDECILE05,66.58308,59.68889,72.8348,66.6 [59.7-72.8],2022-05-26T12:08:02+02:00
cpmt,COD,AFR,2013,WEALTHDECILE,WEALTHDECILE_WEALTHDECILE06,16.40081,13.0529,20.4059,16.4 [13.1-20.4],2022-05-26T12:05:38+02:00
cpmt,MDG,AFR,1997,WEALTHDECILE,WEALTHDECILE_WEALTHDECILE08,30.12375,25.45999,35.23795,30.1 [25.5-35.2],2022-05-26T12:17:12+02:00
cpmt,TCD,AFR,1996,DHSMICSGEOREGION,DHSMICSGEOREGION_TCDDHS199603,0.79043,0.10215,5.84494,0.8 [0.1-5.8],2022-05-26T14:17:05+02:00
cpmt,CMR,AFR,2018,WEALTHDECILE,WEALTHDECILE_WEALTHDECILE02,7.36639,5.13178,10.46669,7.4 [5.1-10.5],2022-05-26T12:02:26+02:00
cpmt,ZAF,AFR,2016,DHSMICSGEOREGION,DHSMICSGEOREGION_ZAFDHS201604,46.15218,38.58797,53.89781,46.2 [38.6-53.9],2022-05-26T14:47:19+02:00
cpmt,MWI,AFR,2000,WEALTHDECILE,WEALTHDECILE_WEALTHDECILE06,28.14263,25.36579,31.09681,28.1 [25.4-31.1],2022-05-26T12:17:35+02:00
cpmt,CIV,AFR,1998,RESIDENCEAREATYPE,RESIDENCEAREATYPE_RUR,10.22222,7.71063,13.43283,10.2 [7.7-13.4],2022-05-26T11:34:06+02:00
cpmt,MOZ,AFR,2015,DHSMICSGEOREGION,DHSMICSGEOREGION_MOZDHS201507,14.66002,10.96626,19.32786,14.7 [11.0-19.3],2022-05-26T14:35:15+02:00
cpmt,CAF,AFR,2006,DHSMICSGEOREGION,DHSMICSGEOREGION_CAFMICS200610,13.90694,10.1979,18.68431,13.9 [10.2-18.7],2022-05-26T14:16:40+02:00
cpmt,UGA,AFR,2011,EDUCATIONLEVEL,EDUCATIONLEVEL_PRLM,27.96923,25.95819,30.07278,28.0 [26.0-30.1],2022-05-26T11:25:31+02:00
cpmt,BFA,AFR,2006,WEALTHDECILE,WEALTHDECILE_WEALTHDECILE07,17.85365,13.47915,23.26609,17.9 [13.5-23.3],2022-05-26T12:00:51+02:00
cpmt,SEN,AFR,2010,WEALTHDECILE,WEALTHDECILE_WEALTHDECILE01,4.74715,3.61676,6.20809,4.7 [3.6-6.2],2022-05-26T12:29:57+02:00
cpmt,SWZ,AFR,2014,WEALTHDECILE,WEALTHDECILE_WEALTHDECILE06,61.97028,54.3786,69.01839,62.0 [54.4-69.0],2022-05-26T12:08:02+02:00
cpmt,MLI,AFR,2009,WEALTHDECILE,WEALTHDECILE_WEALTHDECILE05,6.91985,5.56191,8.57922,6.9 [5.6-8.6],2022-05-26T12:18:50+02:00
cpmt,GHA,AFR,2011,WEALTHDECILE,WEALTHDECILE_WEALTHDECILE05,40.18453,35.03537,45.55974,40.2 [35.0-45.6],2022-05-26T12:10:01+02:00
cpmt,CMR,AFR,1998,EDUCATIONLEVEL,EDUCATIONLEVEL_SHLM,41.56002,38.00395,45.20621,41.6 [38.0-45.2],2022-05-26T11:15:33+02:00
cpmt,ETH,AFR,2016,WEALTHDECILE,WEALTHDECILE_WEALTHDECILE10,52.65371,47.73273,57.52367,52.7 [47.7-57.5],2022-05-26T12:08:25+02:00
cpmt,COD,AFR,2013,WEALTHQUINTILE,WEALTHQUINTILE_WQ3,16.73496,13.69563,20.29021,16.7 [13.7-20.3],2022-05-26T12:50:07+02:00
cpmt,SLE,AFR,2008,WEALTHDECILE,WEALTHDECILE_WEALTHDECILE02,4.67172,3.0712,7.04572,4.7 [3.1-7.0],2022-05-26T12:31:24+02:00
cpmt,MRT,AFR,2015,AGEGROUP,AGEGROUP_YEARS20-49,18.54659,17.1098,20.0748,18.5 [17.1-20.1],2022-05-26T11:04:07+02:00
cpmt,MOZ,AFR,2008,DHSMICSGEOREGION,DHSMICSGEOREGION_MOZMICS200803,7.32501,5.24568,10.14036,7.3 [5.2-10.1],2022-05-26T14:35:00+02:00
cpmt,LBR,AFR,2013,AGEGROUP,AGEGROUP_YEARS15-19,13.20429,8.29811,20.36695,13.2 [8.3-20.4],2022-05-26T11:03:37+02:00
cpmt,CIV,AFR,1994,DHSMICSGEOREGION,DHSMICSGEOREGION_CIVDHS199402,13.83528,9.65659,19.43325,13.8 [9.7-19.4],2022-05-26T14:18:56+02:00
cpmt,NAM,AFR,2013,WEALTHDECILE,WEALTHDECILE_WEALTHDECILE02,50.71027,44.29368,57.10356,50.7 [44.3-57.1],2022-05-26T12:21:08+02:00
cpmt,COD,AFR,2017,DHSMICSGEOREGION,DHSMICSGEOREGION_CODMICS201723,9.47692,6.77429,13.1062,9.5 [6.8-13.1],2022-05-26T14:19:46+02:00
cpmt,GNB,AFR,2006,WEALTHDECILE,WEALTHDECILE_WEALTHDECILE03,4.52817,2.80276,7.23667,4.5 [2.8-7.2],2022-05-26T12:11:13+02:00
cpmt,SWZ,AFR,2006,WEALTHQUINTILE,WEALTHQUINTILE_WQ5,62.2139,58.30014,65.97472,62.2 [58.3-66.0],2022-05-26T12:51:21+02:00
cpmt,NGA,AFR,2018,AGEGROUP,AGEGROUP_YEARS20-49,17.60638,16.59301,18.66778,17.6 [16.6-18.7],2022-05-26T11:04:58+02:00
cpmt,CIV,AFR,2006,DHSMICSGEOREGION,DHSMICSGEOREGION_CIVMICS200601,16.26674,12.92811,20.26686,16.3 [12.9-20.3],2022-05-26T14:19:03+02:00
cpmt,UGA,AFR,2000,WEALTHDECILE,WEALTHDECILE_WEALTHDECILE09,35.79542,31.42774,40.41236,35.8 [31.4-40.4],2022-05-26T12:35:46+02:00
cpmt,TZA,AFR,1999,WEALTHDECILE,WEALTHDECILE_WEALTHDECILE09,32.02786,26.82451,37.72025,32.0 [26.8-37.7],2022-05-26T12:36:40+02:00
cpmt,NGA,AFR,2007,WEALTHDECILE,WEALTHDECILE_WEALTHDECILE04,7.36586,5.68837,9.48826,7.4 [5.7-9.5],2022-05-26T12:22:59+02:00
cpmt,GNB,AFR,2018,DHSMICSGEOREGION,DHSMICSGEOREGION_GNBMICS201807,12.31797,9.39166,15.99511,12.3 [9.4-16.0],2022-05-26T14:25:02+02:00
cpmt,MDG,AFR,2008,DHSMICSGEOREGION,DHSMICSGEOREGION_MDGDHS200816,24.5347,17.68011,32.98205,24.5 [17.7-33.0],2022-05-26T14:32:21+02:00
cpmt,SLE,AFR,2017,WEALTHDECILE,WEALTHDECILE_WEALTHDECILE01,12.93359,11.04406,15.09155,12.9 [11.0-15.1],2022-05-26T12:31:42+02:00
cpmt,GHA,AFR,2003,WEALTHDECILE,WEALTHDECILE_WEALTHDECILE02,17.02745,13.07323,21.87668,17.0 [13.1-21.9],2022-05-26T12:09:44+02:00
cpmt,GMB,AFR,2010,DHSMICSGEOREGION,DHSMICSGEOREGION_GMBMICS201005,6.36408,4.51036,8.9086,6.4 [4.5-8.9],2022-05-26T14:22:55+02:00
cpmt,BDI,AFR,2010,EDUCATIONLEVEL,EDUCATIONLEVEL_PRLM,24.71119,22.60321,26.94733,24.7 [22.6-26.9],2022-05-26T11:15:12+02:00
cpmt,NER,AFR,1998,WEALTHDECILE,WEALTHDECILE_WEALTHDECILE10,30.46144,25.91254,35.42703,30.5 [25.9-35.4],2022-05-26T12:22:25+02:00
cpmt,NAM,AFR,2006,WEALTHDECILE,WEALTHDECILE_WEALTHDECILE09,67.30188,60.40303,73.52558,67.3 [60.4-73.5],2022-05-26T12:21:02+02:00
cpmt,ZMB,AFR,2007,WEALTHDECILE,WEALTHDECILE_WEALTHDECILE09,51.11261,45.92054,56.28078,51.1 [45.9-56.3],2022-05-26T12:38:26+02:00
cpmt,NGA,AFR,2011,DHSMICSGEOREGION,DHSMICSGEOREGION_NGAMICS201119,0.69517,0.26118,1.83703,0.7 [0.3-1.8],2022-05-26T14:37:37+02:00
cpmt,MLI,AFR,2012,RESIDENCEAREATYPE,RESIDENCEAREATYPE_URB,22.82068,20.6013,25.20327,22.8 [20.6-25.2],2022-05-26T11:37:06+02:00
cpmt,NGA,AFR,2013,WEALTHQUINTILE,WEALTHQUINTILE_WQ3,13.25982,11.58817,15.13135,13.3 [11.6-15.1],2022-05-26T12:59:57+02:00
cpmt,MLI,AFR,2001,WEALTHQUINTILE,WEALTHQUINTILE_WQ4,7.91243,6.37869,9.77644,7.9 [6.4-9.8],2022-05-26T12:57:22+02:00
cpmt,MDG,AFR,2008,DHSMICSGEOREGION,DHSMICSGEOREGION_MDGDHS200803,58.54856,52.35165,64.48624,58.5 [52.4-64.5],2022-05-26T14:32:21+02:00
cpmt,ZWE,AFR,2005,EDUCATIONLEVEL,EDUCATIONLEVEL_PRLM,53.94768,51.18239,56.68887,53.9 [51.2-56.7],2022-05-26T11:26:23+02:00
cpmt,COD,AFR,2010,WEALTHQUINTILE,WEALTHQUINTILE_WQ5,31.61708,27.9257,35.55571,31.6 [27.9-35.6],2022-05-26T12:50:04+02:00
cpmt,COD,AFR,2013,WEALTHDECILE,WEALTHDECILE_WEALTHDECILE01,12.53676,9.41393,16.50675,12.5 [9.4-16.5],2022-05-26T12:05:38+02:00
cpmt,TCD,AFR,1996,DHSMICSGEOREGION,DHSMICSGEOREGION_TCDDHS199615,11.84739,9.74533,14.33086,11.8 [9.7-14.3],2022-05-26T14:17:05+02:00
cpmt,CMR,AFR,2006,WEALTHDECILE,WEALTHDECILE_WEALTHDECILE01,6.25991,3.18597,11.93412,6.3 [3.2-11.9],2022-05-26T12:02:07+02:00
cpmt,MDG,AFR,2003,WEALTHQUINTILE,WEALTHQUINTILE_WQ1,9.50574,6.65505,13.40221,9.5 [6.7-13.4],2022-05-26T12:56:39+02:00
cpmt,SEN,AFR,2017,DHSMICSGEOREGION,DHSMICSGEOREGION_SENDHS201710,21.96731,18.64443,25.69535,22.0 [18.6-25.7],2022-05-26T14:46:25+02:00
cpmt,BDI,AFR,2016,DHSMICSGEOREGION,DHSMICSGEOREGION_BDIDHS201601,21.43571,17.15911,26.43803,21.4 [17.2-26.4],2022-05-26T14:14:53+02:00
cpmt,TCD,AFR,2019,DHSMICSGEOREGION,DHSMICSGEOREGION_TCDMICS201911,9.77261,6.55907,14.31932,9.8 [6.6-14.3],2022-05-26T14:17:44+02:00
cpmt,SLE,AFR,2019,WEALTHDECILE,WEALTHDECILE_WEALTHDECILE09,26.62679,22.0931,31.71213,26.6 [22.1-31.7],2022-05-26T12:31:49+02:00
cpmt,MWI,AFR,2010,WEALTHQUINTILE,WEALTHQUINTILE_WQ3,44.9636,42.66764,47.28123,45.0 [42.7-47.3],2022-05-26T12:56:59+02:00
cpmt,RWA,AFR,2000,DHSMICSGEOREGION,DHSMICSGEOREGION_RWADHS200009,31.84819,28.22673,35.70315,31.8 [28.2-35.7],2022-05-26T14:45:02+02:00
cpmt,COM,AFR,1996,WEALTHDECILE,WEALTHDECILE_WEALTHDECILE05,16.36364,11.66223,22.47805,16.4 [11.7-22.5],2022-05-26T12:03:44+02:00
cpmt,CIV,AFR,1994,WEALTHQUINTILE,WEALTHQUINTILE_WQ2,5.71115,4.44161,7.31578,5.7 [4.4-7.3],2022-05-26T12:49:44+02:00
cpmt,ETH,AFR,2016,AGEGROUP,AGEGROUP_YEARS20-49,36.12481,33.66751,38.65694,36.1 [33.7-38.7],2022-05-26T11:01:43+02:00
cpmt,CAF,AFR,2018,DHSMICSGEOREGION,DHSMICSGEOREGION_CAFMICS201801,22.83277,19.66218,26.34696,22.8 [19.7-26.3],2022-05-26T14:16:59+02:00
cpmt,CAF,AFR,2010,DHSMICSGEOREGION,DHSMICSGEOREGION_CAFMICS201017,34.42666,29.57157,39.63033,34.4 [29.6-39.6],2022-05-26T14:16:50+02:00
cpmt,ETH,AFR,2000,WEALTHDECILE,WEALTHDECILE_WEALTHDECILE05,3.21346,1.7486,5.83261,3.2 [1.7-5.8],2022-05-26T12:08:07+02:00
cpmt,UGA,AFR,2006,RESIDENCEAREATYPE,RESIDENCEAREATYPE_URB,43.14236,37.51089,48.95692,43.1 [37.5-49.0],2022-05-26T11:40:22+02:00
cpmt,BDI,AFR,2005,RESIDENCEAREATYPE,RESIDENCEAREATYPE_URB,16.98915,13.51208,21.14226,17.0 [13.5-21.1],2022-05-26T11:33:18+02:00
cpmt,TGO,AFR,2006,WEALTHDECILE,WEALTHDECILE_WEALTHDECILE05,21.15409,16.38575,26.86423,21.2 [16.4-26.9],2022-05-26T12:33:57+02:00
cpmt,MRT,AFR,2015,DHSMICSGEOREGION,DHSMICSGEOREGION_MRTMICS201504,8.7173,6.72265,11.23252,8.7 [6.7-11.2],2022-05-26T14:34:11+02:00
cpmt,LBR,AFR,2019,WEALTHDECILE,WEALTHDECILE_WEALTHDECILE05,24.71408,19.13664,31.28811,24.7 [19.1-31.3],2022-05-26T12:17:06+02:00
cpmt,CIV,AFR,2016,WEALTHQUINTILE,WEALTHQUINTILE_WQ2,11.47153,9.53293,13.74445,11.5 [9.5-13.7],2022-05-26T12:49:57+02:00
cpmt,SEN,AFR,2016,DHSMICSGEOREGION,DHSMICSGEOREGION_SENDHS201611,12.31006,8.34114,17.80072,12.3 [8.3-17.8],2022-05-26T14:46:17+02:00
cpmt,GHA,AFR,2017,WEALTHDECILE,WEALTHDECILE_WEALTHDECILE06,32.19465,27.63516,37.12051,32.2 [27.6-37.1],2022-05-26T12:10:12+02:00
cpmt,ETH,AFR,2019,WEALTHDECILE,WEALTHDECILE_WEALTHDECILE06,47.05655,40.47443,53.74265,47.1 [40.5-53.7],2022-05-26T12:08:32+02:00
cpmt,SEN,AFR,2016,DHSMICSGEOREGION,DHSMICSGEOREGION_SENDHS201610,22.60083,17.74362,28.32974,22.6 [17.7-28.3],2022-05-26T14:46:17+02:00
cpmt,BEN,AFR,2006,DHSMICSGEOREGION,DHSMICSGEOREGION_BENDHS200604,10.0208,7.47628,13.3068,10.0 [7.5-13.3],2022-05-26T14:13:06+02:00
cpmt,TGO,AFR,2017,DHSMICSGEOREGION,DHSMICSGEOREGION_TGOMICS201703,19.72458,15.30114,25.04861,19.7 [15.3-25.0],2022-05-26T14:49:06+02:00
cpmt,GHA,AFR,1993,WEALTHDECILE,WEALTHDECILE_WEALTHDECILE10,38.27893,33.14894,43.68404,38.3 [33.1-43.7],2022-05-26T12:09:32+02:00
cpmt,NGA,AFR,2003,WEALTHQUINTILE,WEALTHQUINTILE_WQ5,29.96745,25.52008,34.82743,30.0 [25.5-34.8],2022-05-26T12:59:45+02:00
cpmt,CMR,AFR,2004,WEALTHDECILE,WEALTHDECILE_WEALTHDECILE09,43.34072,39.1818,47.59561,43.3 [39.2-47.6],2022-05-26T12:02:02+02:00
cpmt,ZMB,AFR,1996,WEALTHDECILE,WEALTHDECILE_WEALTHDECILE08,31.00893,25.93913,36.58022,31.0 [25.9-36.6],2022-05-26T12:38:13+02:00
cpmt,CIV,AFR,1994,WEALTHQUINTILE,WEALTHQUINTILE_WQ1,3.71647,2.72707,5.04621,3.7 [2.7-5.0],2022-05-26T12:49:44+02:00
cpmt,GHA,AFR,1993,WEALTHDECILE,WEALTHDECILE_WEALTHDECILE02,11.0687,7.31638,16.40484,11.1 [7.3-16.4],2022-05-26T12:09:32+02:00
cpmt,RWA,AFR,2019,WEALTHDECILE,WEALTHDECILE_WEALTHDECILE05,64.81814,61.1884,68.28436,64.8 [61.2-68.3],2022-05-26T12:29:04+02:00
cpmt,SLE,AFR,2019,WEALTHDECILE,WEALTHDECILE_WEALTHDECILE07,24.32781,21.44127,27.46708,24.3 [21.4-27.5],2022-05-26T12:31:49+02:00
cpmt,SEN,AFR,2019,DHSMICSGEOREGION,DHSMICSGEOREGION_SENDHS201903,20.12953,15.33506,25.96332,20.1 [15.3-26.0],2022-05-26T14:46:41+02:00
cpmt,GHA,AFR,1998,EDUCATIONLEVEL,EDUCATIONLEVEL_NHLM,13.1945,11.07854,15.64351,13.2 [11.1-15.6],2022-05-26T11:18:00+02:00
cpmt,TCD,AFR,1996,WEALTHDECILE,WEALTHDECILE_WEALTHDECILE10,12.2883,10.09915,14.87346,12.3 [10.1-14.9],2022-05-26T12:02:52+02:00
cpmt,CIV,AFR,1998,WEALTHDECILE,WEALTHDECILE_WEALTHDECILE10,45.28185,37.6904,53.0993,45.3 [37.7-53.1],2022-05-26T12:05:04+02:00
cpmt,MLI,AFR,2006,EDUCATIONLEVEL,EDUCATIONLEVEL_NHLM,5.59984,4.87575,6.4242,5.6 [4.9-6.4],2022-05-26T11:20:47+02:00
cpmt,TZA,AFR,2004,DHSMICSGEOREGION,DHSMICSGEOREGION_TZADHS200406,22.1971,16.04122,29.87474,22.2 [16.0-29.9],2022-05-26T14:51:19+02:00
cpmt,LBR,AFR,2007,WEALTHDECILE,WEALTHDECILE_WEALTHDECILE06,12.13074,8.73682,16.60323,12.1 [8.7-16.6],2022-05-26T12:16:55+02:00
cpmt,GIN,AFR,2018,DHSMICSGEOREGION,DHSMICSGEOREGION_GINDHS201802,17.09845,12.51575,22.91953,17.1 [12.5-22.9],2022-05-26T14:24:50+02:00
cpmt,RWA,AFR,2000,EDUCATIONLEVEL,EDUCATIONLEVEL_NHLM,9.04493,7.68002,10.62451,9.0 [7.7-10.6],2022-05-26T11:23:29+02:00
cpmt,BDI,AFR,2016,WEALTHDECILE,WEALTHDECILE_WEALTHDECILE02,24.30551,21.05529,27.88026,24.3 [21.1-27.9],2022-05-26T12:01:18+02:00
cpmt,MLI,AFR,2009,WEALTHDECILE,WEALTHDECILE_WEALTHDECILE01,4.28253,3.06878,5.9469,4.3 [3.1-5.9],2022-05-26T12:18:50+02:00
cpmt,MLI,AFR,2006,WEALTHDECILE,WEALTHDECILE_WEALTHDECILE02,4.42365,3.18567,6.11235,4.4 [3.2-6.1],2022-05-26T12:18:44+02:00
cpmt,RWA,AFR,2014,WEALTHDECILE,WEALTHDECILE_WEALTHDECILE03,48.1032,44.38286,51.8447,48.1 [44.4-51.8],2022-05-26T12:28:57+02:00
cpmt,TCD,AFR,1996,RESIDENCEAREATYPE,RESIDENCEAREATYPE_URB,9.38324,8.14958,10.78174,9.4 [8.1-10.8],2022-05-26T11:33:38+02:00
cpmt,NAM,AFR,2013,WEALTHDECILE,WEALTHDECILE_WEALTHDECILE08,61.65095,54.2813,68.52155,61.7 [54.3-68.5],2022-05-26T12:21:08+02:00
cpmt,COM,AFR,2012,WEALTHDECILE,WEALTHDECILE_WEALTHDECILE10,21.66523,16.92478,27.29716,21.7 [16.9-27.3],2022-05-26T12:03:49+02:00
cpmt,MOZ,AFR,2003,WEALTHQUINTILE,WEALTHQUINTILE_WQ2,21.08535,18.54062,23.87697,21.1 [18.5-23.9],2022-05-26T12:58:25+02:00
cpmt,TGO,AFR,1998,WEALTHQUINTILE,WEALTHQUINTILE_WQ2,21.47875,18.81601,24.40504,21.5 [18.8-24.4],2022-05-26T13:05:09+02:00
cpmt,TZA,AFR,2010,WEALTHQUINTILE,WEALTHQUINTILE_WQ4,42.63087,38.87501,46.47371,42.6 [38.9-46.5],2022-05-26T13:06:47+02:00
cpmt,MRT,AFR,2007,WEALTHDECILE,WEALTHDECILE_WEALTHDECILE09,16.06379,13.16108,19.46322,16.1 [13.2-19.5],2022-05-26T12:19:15+02:00
cpmt,BEN,AFR,1996,AGEGROUP,AGEGROUP_YEARS15-19,9.35641,6.42576,13.43182,9.4 [6.4-13.4],2022-05-26T10:59:45+02:00
cpmt,MWI,AFR,2015,RESIDENCEAREATYPE,RESIDENCEAREATYPE_URB,63.11688,60.60733,65.55742,63.1 [60.6-65.6],2022-05-26T11:36:54+02:00
cpmt,LSO,AFR,2009,WEALTHDECILE,WEALTHDECILE_WEALTHDECILE07,48.05173,43.06549,53.07708,48.1 [43.1-53.1],2022-05-26T12:16:38+02:00
cpmt,RWA,AFR,2014,DHSMICSGEOREGION,DHSMICSGEOREGION_RWADHS201405,53.6323,50.4124,56.82218,53.6 [50.4-56.8],2022-05-26T14:45:18+02:00
cpmt,LSO,AFR,2009,DHSMICSGEOREGION,DHSMICSGEOREGION_LSODHS200907,33.24791,27.09068,40.03612,33.2 [27.1-40.0],2022-05-26T14:31:50+02:00
cpmt,GIN,AFR,2016,WEALTHDECILE,WEALTHDECILE_WEALTHDECILE04,8.21989,6.24518,10.74744,8.2 [6.2-10.7],2022-05-26T12:11:02+02:00
cpmt,GNB,AFR,2014,DHSMICSGEOREGION,DHSMICSGEOREGION_GNBMICS201407,5.78076,4.10207,8.08848,5.8 [4.1-8.1],2022-05-26T14:24:57+02:00
cpmt,CAF,AFR,2006,WEALTHDECILE,WEALTHDECILE_WEALTHDECILE02,8.70992,6.30253,11.91988,8.7 [6.3-11.9],2022-05-26T12:02:36+02:00
cpmt,BDI,AFR,2005,WEALTHQUINTILE,WEALTHQUINTILE_WQ1,6.91925,5.29921,8.98754,6.9 [5.3-9.0],2022-05-26T12:47:38+02:00
cpmt,NGA,AFR,2003,WEALTHDECILE,WEALTHDECILE_WEALTHDECILE07,12.10647,8.4221,17.10164,12.1 [8.4-17.1],2022-05-26T12:22:52+02:00
cpmt,ZWE,AFR,1999,WEALTHDECILE,WEALTHDECILE_WEALTHDECILE05,44.11415,38.61837,49.75805,44.1 [38.6-49.8],2022-05-26T12:38:51+02:00
cpmt,MWI,AFR,2015,WEALTHQUINTILE,WEALTHQUINTILE_WQ1,54.03159,51.6974,56.34823,54.0 [51.7-56.3],2022-05-26T12:57:06+02:00
cpmt,MOZ,AFR,1997,WEALTHQUINTILE,WEALTHQUINTILE_WQ5,18.13345,13.70879,23.59571,18.1 [13.7-23.6],2022-05-26T12:58:21+02:00
cpmt,KEN,AFR,2003,DHSMICSGEOREGION,DHSMICSGEOREGION_KENDHS200307,34.06422,28.44732,40.16759,34.1 [28.4-40.2],2022-05-26T14:30:43+02:00
cpmt,SWZ,AFR,2010,EDUCATIONLEVEL,EDUCATIONLEVEL_SHLM,69.52342,66.70026,72.20697,69.5 [66.7-72.2],2022-05-26T11:17:29+02:00
cpmt,COM,AFR,2012,AGEGROUP,AGEGROUP_YEARS15-19,19.65572,14.11004,26.70338,19.7 [14.1-26.7],2022-05-26T11:00:44+02:00
cpmt,BDI,AFR,2016,WEALTHDECILE,WEALTHDECILE_WEALTHDECILE04,28.27848,25.09475,31.69522,28.3 [25.1-31.7],2022-05-26T12:01:18+02:00
cpmt,LSO,AFR,2018,WEALTHDECILE,WEALTHDECILE_WEALTHDECILE05,60.32661,54.15812,66.18333,60.3 [54.2-66.2],2022-05-26T12:16:50+02:00
cpmt,ZWE,AFR,2010,WEALTHDECILE,WEALTHDECILE_WEALTHDECILE07,58.87572,53.79567,63.77335,58.9 [53.8-63.8],2022-05-26T12:39:10+02:00
cpmt,MWI,AFR,2015,DHSMICSGEOREGION,DHSMICSGEOREGION_MWIDHS201501,56.25682,53.50908,58.96671,56.3 [53.5-59.0],2022-05-26T14:33:08+02:00
cpmt,NAM,AFR,2000,WEALTHDECILE,WEALTHDECILE_WEALTHDECILE06,40.69732,32.66515,49.25967,40.7 [32.7-49.3],2022-05-26T12:20:56+02:00
cpmt,COM,AFR,1996,WEALTHQUINTILE,WEALTHQUINTILE_WQ5,31.8612,26.65719,37.56085,31.9 [26.7-37.6],2022-05-26T12:49:04+02:00
cpmt,CAF,AFR,2018,DHSMICSGEOREGION,DHSMICSGEOREGION_CAFMICS201802,12.64942,10.14659,15.66201,12.6 [10.1-15.7],2022-05-26T14:16:59+02:00
cpmt,KEN,AFR,2003,RESIDENCEAREATYPE,RESIDENCEAREATYPE_RUR,36.96799,34.37819,39.63505,37.0 [34.4-39.6],2022-05-26T11:36:17+02:00
cpmt,CAF,AFR,2010,RESIDENCEAREATYPE,RESIDENCEAREATYPE_URB,25.95137,22.83964,29.32592,26.0 [22.8-29.3],2022-05-26T11:33:36+02:00
cpmt,CMR,AFR,2011,WEALTHDECILE,WEALTHDECILE_WEALTHDECILE03,13.3224,10.58805,16.63156,13.3 [10.6-16.6],2022-05-26T12:02:15+02:00
cpmt,TZA,AFR,1996,WEALTHDECILE,WEALTHDECILE_WEALTHDECILE04,10.7945,7.92763,14.53446,10.8 [7.9-14.5],2022-05-26T12:36:34+02:00
cpmt,ETH,AFR,2011,EDUCATIONLEVEL,EDUCATIONLEVEL_PRLM,35.68742,32.55821,38.94372,35.7 [32.6-38.9],2022-05-26T11:17:36+02:00
cpmt,SLE,AFR,2010,AGEGROUP,AGEGROUP_YEARS20-49,11.41097,10.31955,12.60159,11.4 [10.3-12.6],2022-05-26T11:06:24+02:00
cpmt,GHA,AFR,2017,WEALTHDECILE,WEALTHDECILE_WEALTHDECILE04,29.16008,24.93387,33.78026,29.2 [24.9-33.8],2022-05-26T12:10:12+02:00
cpmt,TCD,AFR,1996,WEALTHDECILE,WEALTHDECILE_WEALTHDECILE09,7.6847,5.94004,9.88792,7.7 [5.9-9.9],2022-05-26T12:02:52+02:00
cpmt,GNB,AFR,2014,RESIDENCEAREATYPE,RESIDENCEAREATYPE_RUR,10.12379,8.97584,11.40015,10.1 [9.0-11.4],2022-05-26T11:35:23+02:00
cpmt,CIV,AFR,2016,DHSMICSGEOREGION,DHSMICSGEOREGION_CIVMICS201603,20.16449,15.59166,25.67058,20.2 [15.6-25.7],2022-05-26T14:19:16+02:00
cpmt,NGA,AFR,2007,WEALTHQUINTILE,WEALTHQUINTILE_WQ3,10.54587,8.87105,12.49354,10.5 [8.9-12.5],2022-05-26T12:59:48+02:00
cpmt,MLI,AFR,2006,RESIDENCEAREATYPE,RESIDENCEAREATYPE_RUR,5.13871,4.40331,5.98923,5.1 [4.4-6.0],2022-05-26T11:37:03+02:00
cpmt,CIV,AFR,2011,DHSMICSGEOREGION,DHSMICSGEOREGION_CIVDHS201106,13.30889,9.17143,18.92399,13.3 [9.2-18.9],2022-05-26T14:19:10+02:00
cpmt,CIV,AFR,1994,DHSMICSGEOREGION,DHSMICSGEOREGION_CIVDHS199408,8.16438,5.77862,11.41578,8.2 [5.8-11.4],2022-05-26T14:18:56+02:00
cpmt,ZMB,AFR,2018,RESIDENCEAREATYPE,RESIDENCEAREATYPE_RUR,46.4451,44.53451,48.36618,46.4 [44.5-48.4],2022-05-26T11:40:55+02:00
cpmt,MDG,AFR,1997,AGEGROUP,AGEGROUP_YEARS15-19,5.53595,3.45884,8.74738,5.5 [3.5-8.7],2022-05-26T11:03:39+02:00
cpmt,SWZ,AFR,2010,WEALTHQUINTILE,WEALTHQUINTILE_WQ1,58.16655,51.80387,64.26863,58.2 [51.8-64.3],2022-05-26T12:51:24+02:00
cpmt,MOZ,AFR,2011,DHSMICSGEOREGION,DHSMICSGEOREGION_MOZDHS201108,12.36393,10.20065,14.9098,12.4 [10.2-14.9],2022-05-26T14:35:07+02:00
cpmt,NAM,AFR,2000,DHSMICSGEOREGION,DHSMICSGEOREGION_NAMDHS200005,47.07335,36.63383,57.77534,47.1 [36.6-57.8],2022-05-26T14:35:34+02:00
cpmt,SLE,AFR,2010,DHSMICSGEOREGION,DHSMICSGEOREGION_SLEMICS201003,12.35852,10.07371,15.07468,12.4 [10.1-15.1],2022-05-26T14:47:01+02:00
cpmt,BEN,AFR,2017,WEALTHDECILE,WEALTHDECILE_WEALTHDECILE08,18.06645,15.62793,20.79171,18.1 [15.6-20.8],2022-05-26T11:59:40+02:00
cpmt,NAM,AFR,2000,WEALTHDECILE,WEALTHDECILE_WEALTHDECILE01,27.21404,21.15832,34.25003,27.2 [21.2-34.3],2022-05-26T12:20:56+02:00
cpmt,STP,AFR,2014,WEALTHDECILE,WEALTHDECILE_WEALTHDECILE04,42.55054,33.42487,52.21366,42.6 [33.4-52.2],2022-05-26T12:29:30+02:00
cpmt,BEN,AFR,2014,EDUCATIONLEVEL,EDUCATIONLEVEL_SHLM,26.03234,23.31124,28.95116,26.0 [23.3-29.0],2022-05-26T11:14:46+02:00
cpmt,TZA,AFR,1996,DHSMICSGEOREGION,DHSMICSGEOREGION_TZADHS199609,14.28571,10.41079,19.29232,14.3 [10.4-19.3],2022-05-26T14:50:53+02:00
cpmt,ETH,AFR,2005,RESIDENCEAREATYPE,RESIDENCEAREATYPE_RUR,10.93701,9.64942,12.37288,10.9 [9.6-12.4],2022-05-26T11:34:45+02:00
cpmt,GAB,AFR,2012,WEALTHDECILE,WEALTHDECILE_WEALTHDECILE06,33.66899,26.97549,41.08884,33.7 [27.0-41.1],2022-05-26T12:08:43+02:00
cpmt,SLE,AFR,2019,WEALTHQUINTILE,WEALTHQUINTILE_WQ5,26.09319,23.044,29.39177,26.1 [23.0-29.4],2022-05-26T13:04:02+02:00
cpmt,GHA,AFR,2011,DHSMICSGEOREGION,DHSMICSGEOREGION_GHAMICS201106,32.64094,27.47604,38.26447,32.6 [27.5-38.3],2022-05-26T14:23:55+02:00
cpmt,GHA,AFR,2014,EDUCATIONLEVEL,EDUCATIONLEVEL_PRLM,28.85446,25.37743,32.59976,28.9 [25.4-32.6],2022-05-26T11:18:10+02:00
cpmt,NGA,AFR,2011,DHSMICSGEOREGION,DHSMICSGEOREGION_NGAMICS201105,4.75174,2.4715,8.94286,4.8 [2.5-8.9],2022-05-26T14:37:37+02:00
cpmt,MWI,AFR,2019,WEALTHDECILE,WEALTHDECILE_WEALTHDECILE02,67.70698,64.71719,70.55868,67.7 [64.7-70.6],2022-05-26T12:18:12+02:00
cpmt,NGA,AFR,2016,DHSMICSGEOREGION,DHSMICSGEOREGION_NGAMICS201622,6.58758,4.60297,9.34406,6.6 [4.6-9.3],2022-05-26T14:38:02+02:00
cpmt,COD,AFR,2007,AGEGROUP,AGEGROUP_YEARS15-19,14.53155,10.04289,20.5677,14.5 [10.0-20.6],2022-05-26T11:01:04+02:00
cpmt,TZA,AFR,2004,DHSMICSGEOREGION,DHSMICSGEOREGION_TZADHS200417,10.89243,6.83259,16.92631,10.9 [6.8-16.9],2022-05-26T14:51:20+02:00
cpmt,ZWE,AFR,2009,WEALTHDECILE,WEALTHDECILE_WEALTHDECILE06,62.33791,57.64114,66.81374,62.3 [57.6-66.8],2022-05-26T12:39:04+02:00
cpmt,BEN,AFR,2017,DHSMICSGEOREGION,DHSMICSGEOREGION_BENDHS201702,10.76463,7.87702,14.54368,10.8 [7.9-14.5],2022-05-26T14:13:29+02:00
cpmt,GHA,AFR,2006,WEALTHDECILE,WEALTHDECILE_WEALTHDECILE02,9.82258,6.71162,14.15672,9.8 [6.7-14.2],2022-05-26T12:09:49+02:00
cpmt,ZWE,AFR,2014,EDUCATIONLEVEL,EDUCATIONLEVEL_NHLM,48.1236,40.19087,56.15207,48.1 [40.2-56.2],2022-05-26T11:26:29+02:00
cpmt,BEN,AFR,2017,DHSMICSGEOREGION,DHSMICSGEOREGION_BENDHS201705,20.69879,16.82668,25.19207,20.7 [16.8-25.2],2022-05-26T14:13:29+02:00
cpmt,BDI,AFR,2010,AGEGROUP,AGEGROUP_YEARS20-49,22.31813,20.84887,23.85972,22.3 [20.8-23.9],2022-05-26T11:00:08+02:00
cpmt,SWZ,AFR,2010,WEALTHDECILE,WEALTHDECILE_WEALTHDECILE03,61.57903,53.54363,69.02851,61.6 [53.5-69.0],2022-05-26T12:07:56+02:00
cpmt,CIV,AFR,2016,WEALTHDECILE,WEALTHDECILE_WEALTHDECILE03,12.47334,9.65595,15.96749,12.5 [9.7-16.0],2022-05-26T12:05:21+02:00
cpmt,KEN,AFR,2003,WEALTHQUINTILE,WEALTHQUINTILE_WQ4,50.72643,46.08612,55.35424,50.7 [46.1-55.4],2022-05-26T12:55:33+02:00
cpmt,GIN,AFR,2016,RESIDENCEAREATYPE,RESIDENCEAREATYPE_URB,10.2303,8.65926,12.04876,10.2 [8.7-12.0],2022-05-26T11:35:20+02:00
cpmt,NER,AFR,1998,DHSMICSGEOREGION,DHSMICSGEOREGION_NERDHS199801,26.06383,20.9687,31.89733,26.1 [21.0-31.9],2022-05-26T14:36:49+02:00
cpmt,GIN,AFR,2012,WEALTHDECILE,WEALTHDECILE_WEALTHDECILE07,3.99079,2.56955,6.14853,4.0 [2.6-6.1],2022-05-26T12:10:57+02:00
cpmt,GIN,AFR,2012,RESIDENCEAREATYPE,RESIDENCEAREATYPE_RUR,4.34314,3.45796,5.44214,4.3 [3.5-5.4],2022-05-26T11:35:19+02:00
cpmt,BEN,AFR,1996,WEALTHDECILE,WEALTHDECILE_WEALTHDECILE04,13.43475,9.87031,18.02892,13.4 [9.9-18.0],2022-05-26T11:59:10+02:00
cpmt,CMR,AFR,1998,EDUCATIONLEVEL,EDUCATIONLEVEL_PRLM,20.39196,18.16665,22.81387,20.4 [18.2-22.8],2022-05-26T11:15:33+02:00
cpmt,GIN,AFR,1999,RESIDENCEAREATYPE,RESIDENCEAREATYPE_URB,13.88675,11.61429,16.52074,13.9 [11.6-16.5],2022-05-26T11:35:16+02:00
cpmt,NER,AFR,2012,DHSMICSGEOREGION,DHSMICSGEOREGION_NERDHS201203,18.92889,15.97141,22.28874,18.9 [16.0-22.3],2022-05-26T14:36:58+02:00
cpmt,UGA,AFR,2006,WEALTHDECILE,WEALTHDECILE_WEALTHDECILE07,26.63001,22.53804,31.16601,26.6 [22.5-31.2],2022-05-26T12:35:53+02:00
cpmt,GIN,AFR,2018,EDUCATIONLEVEL,EDUCATIONLEVEL_NHLM,9.44159,7.87372,11.28342,9.4 [7.9-11.3],2022-05-26T11:18:29+02:00
cpmt,BEN,AFR,2001,DHSMICSGEOREGION,DHSMICSGEOREGION_BENDHS200106,24.65654,20.36303,29.51977,24.7 [20.4-29.5],2022-05-26T14:13:02+02:00
cpmt,GMB,AFR,2018,WEALTHDECILE,WEALTHDECILE_WEALTHDECILE05,13.85981,10.7171,17.74097,13.9 [10.7-17.7],2022-05-26T12:09:07+02:00
cpmt,BFA,AFR,2003,WEALTHDECILE,WEALTHDECILE_WEALTHDECILE03,11.45819,9.35855,13.95638,11.5 [9.4-14.0],2022-05-26T12:00:44+02:00
cpmt,NAM,AFR,2000,DHSMICSGEOREGION,DHSMICSGEOREGION_NAMDHS200011,30.18589,23.52474,37.80088,30.2 [23.5-37.8],2022-05-26T14:35:34+02:00
cpmt,CMR,AFR,2011,EDUCATIONLEVEL,EDUCATIONLEVEL_SHLM,40.23067,37.95755,42.54657,40.2 [38.0-42.5],2022-05-26T11:15:38+02:00
cpmt,TGO,AFR,2010,DHSMICSGEOREGION,DHSMICSGEOREGION_TGOMICS201006,13.52322,10.44733,17.32948,13.5 [10.4-17.3],2022-05-26T14:48:59+02:00
cpmt,NGA,AFR,2018,DHSMICSGEOREGION,DHSMICSGEOREGION_NGADHS201802,9.5444,8.42687,10.79267,9.5 [8.4-10.8],2022-05-26T14:38:18+02:00
cpmt,UGA,AFR,2011,WEALTHDECILE,WEALTHDECILE_WEALTHDECILE01,11.44015,8.40285,15.39084,11.4 [8.4-15.4],2022-05-26T12:35:59+02:00
cpmt,BFA,AFR,2003,WEALTHDECILE,WEALTHDECILE_WEALTHDECILE05,10.83694,8.52754,13.67824,10.8 [8.5-13.7],2022-05-26T12:00:44+02:00
cpmt,KEN,AFR,1993,DHSMICSGEOREGION,DHSMICSGEOREGION_KENDHS199306,27.83861,24.76175,31.13955,27.8 [24.8-31.1],2022-05-26T14:30:35+02:00
cpmt,DZA,AFR,2018,EDUCATIONLEVEL,EDUCATIONLEVEL_SHLM,54.6385,53.37477,55.89629,54.6 [53.4-55.9],2022-05-26T11:13:45+02:00
cpmt,ZAF,AFR,2016,WEALTHDECILE,WEALTHDECILE_WEALTHDECILE03,52.62569,45.66304,59.48771,52.6 [45.7-59.5],2022-05-26T12:32:07+02:00
cpmt,ETH,AFR,2016,WEALTHDECILE,WEALTHDECILE_WEALTHDECILE04,32.64282,27.08197,38.73888,32.6 [27.1-38.7],2022-05-26T12:08:25+02:00
cpmt,SEN,AFR,2014,DHSMICSGEOREGION,DHSMICSGEOREGION_SENDHS201407,32.29414,28.24152,36.63142,32.3 [28.2-36.6],2022-05-26T14:46:01+02:00
cpmt,SEN,AFR,2010,DHSMICSGEOREGION,DHSMICSGEOREGION_SENDHS201008,7.82065,5.33044,11.33491,7.8 [5.3-11.3],2022-05-26T14:45:44+02:00
cpmt,MLI,AFR,2012,EDUCATIONLEVEL,EDUCATIONLEVEL_PRLM,13.44672,11.062,16.25159,13.4 [11.1-16.3],2022-05-26T11:20:51+02:00
cpmt,SEN,AFR,2016,WEALTHDECILE,WEALTHDECILE_WEALTHDECILE09,33.43848,24.69296,43.49255,33.4 [24.7-43.5],2022-05-26T12:30:25+02:00
cpmt,MRT,AFR,2007,WEALTHDECILE,WEALTHDECILE_WEALTHDECILE06,10.80185,8.56302,13.53936,10.8 [8.6-13.5],2022-05-26T12:19:15+02:00
cpmt,SLE,AFR,2019,DHSMICSGEOREGION,DHSMICSGEOREGION_SLEDHS201902,18.05766,15.21071,21.30359,18.1 [15.2-21.3],2022-05-26T14:47:08+02:00
cpmt,NAM,AFR,2000,DHSMICSGEOREGION,DHSMICSGEOREGION_NAMDHS200012,44.07373,34.10881,54.54019,44.1 [34.1-54.5],2022-05-26T14:35:34+02:00
cpmt,CMR,AFR,2006,WEALTHQUINTILE,WEALTHQUINTILE_WQ4,35.39948,31.29558,39.73035,35.4 [31.3-39.7],2022-05-26T12:48:07+02:00
cpmt,UGA,AFR,2011,WEALTHDECILE,WEALTHDECILE_WEALTHDECILE04,27.52897,22.78338,32.84261,27.5 [22.8-32.8],2022-05-26T12:35:59+02:00
cpmt,COM,AFR,1996,DHSMICSGEOREGION,DHSMICSGEOREGION_COMDHS199602,27.35849,17.53292,40.01836,27.4 [17.5-40.0],2022-05-26T14:18:10+02:00
cpmt,BEN,AFR,2001,WEALTHDECILE,WEALTHDECILE_WEALTHDECILE01,11.16047,8.08025,15.22044,11.2 [8.1-15.2],2022-05-26T11:59:16+02:00
cpmt,RWA,AFR,2005,WEALTHDECILE,WEALTHDECILE_WEALTHDECILE08,16.08957,13.32677,19.2976,16.1 [13.3-19.3],2022-05-26T12:28:45+02:00
cpmt,CMR,AFR,2018,EDUCATIONLEVEL,EDUCATIONLEVEL_SHLM,29.56958,27.40721,31.82776,29.6 [27.4-31.8],2022-05-26T11:15:42+02:00
cpmt,MRT,AFR,2011,EDUCATIONLEVEL,EDUCATIONLEVEL_PRLM,13.80714,12.33709,15.42155,13.8 [12.3-15.4],2022-05-26T11:20:58+02:00
cpmt,BDI,AFR,2005,DHSMICSGEOREGION,DHSMICSGEOREGION_BDIMICS200504,5.81333,4.28548,7.84125,5.8 [4.3-7.8],2022-05-26T14:14:45+02:00
cpmt,DZA,AFR,2012,DHSMICSGEOREGION,DHSMICSGEOREGION_DZAMICS201205,60.88087,58.8214,62.9023,60.9 [58.8-62.9],2022-05-26T14:10:47+02:00
cpmt,COG,AFR,2005,DHSMICSGEOREGION,DHSMICSGEOREGION_COGDHS200503,42.67749,38.56221,46.89673,42.7 [38.6-46.9],2022-05-26T14:18:14+02:00
cpmt,RWA,AFR,2005,DHSMICSGEOREGION,DHSMICSGEOREGION_RWADHS200509,13.94284,11.11562,17.3488,13.9 [11.1-17.3],2022-05-26T14:45:09+02:00
cpmt,MLI,AFR,2009,WEALTHQUINTILE,WEALTHQUINTILE_WQ4,12.9095,11.33272,14.66937,12.9 [11.3-14.7],2022-05-26T12:57:29+02:00
cpmt,MLI,AFR,2018,DHSMICSGEOREGION,DHSMICSGEOREGION_MLIDHS201801,11.14504,8.08696,15.16869,11.1 [8.1-15.2],2022-05-26T14:33:49+02:00
cpmt,TGO,AFR,2013,DHSMICSGEOREGION,DHSMICSGEOREGION_TGODHS201306,9.86198,7.50772,12.85191,9.9 [7.5-12.9],2022-05-26T14:49:03+02:00
cpmt,NGA,AFR,2016,DHSMICSGEOREGION,DHSMICSGEOREGION_NGAMICS201620,6.32741,4.10058,9.64196,6.3 [4.1-9.6],2022-05-26T14:38:02+02:00
cpmt,COD,AFR,2013,WEALTHDECILE,WEALTHDECILE_WEALTHDECILE02,13.11899,9.87311,17.22799,13.1 [9.9-17.2],2022-05-26T12:05:38+02:00
cpmt,LBR,AFR,2013,EDUCATIONLEVEL,EDUCATIONLEVEL_NHLM,15.28511,13.34627,17.4489,15.3 [13.3-17.4],2022-05-26T11:20:18+02:00
cpmt,BEN,AFR,2017,DHSMICSGEOREGION,DHSMICSGEOREGION_BENDHS201707,6.1538,3.93767,9.49391,6.2 [3.9-9.5],2022-05-26T14:13:29+02:00
cpmt,SLE,AFR,2017,WEALTHQUINTILE,WEALTHQUINTILE_WQ1,15.39698,13.79787,17.14455,15.4 [13.8-17.1],2022-05-26T13:03:59+02:00
cpmt,ETH,AFR,2019,WEALTHQUINTILE,WEALTHQUINTILE_WQ1,27.03715,22.08201,32.63845,27.0 [22.1-32.6],2022-05-26T12:51:43+02:00
cpmt,BEN,AFR,2014,WEALTHDECILE,WEALTHDECILE_WEALTHDECILE07,19.86337,16.97729,23.10355,19.9 [17.0-23.1],2022-05-26T11:59:34+02:00
cpmt,TZA,AFR,1999,EDUCATIONLEVEL,EDUCATIONLEVEL_SHLM,44.21871,35.14985,53.69023,44.2 [35.1-53.7],2022-05-26T11:25:44+02:00
cpmt,LBR,AFR,2013,WEALTHDECILE,WEALTHDECILE_WEALTHDECILE05,16.20877,13.01439,20.00686,16.2 [13.0-20.0],2022-05-26T12:17:01+02:00
cpmt,SWZ,AFR,2010,WEALTHDECILE,WEALTHDECILE_WEALTHDECILE02,53.86668,45.91049,61.63065,53.9 [45.9-61.6],2022-05-26T12:07:56+02:00
cpmt,TZA,AFR,2004,DHSMICSGEOREGION,DHSMICSGEOREGION_TZADHS200419,10.96484,7.7221,15.3429,11.0 [7.7-15.3],2022-05-26T14:51:19+02:00
cpmt,MDG,AFR,1997,WEALTHDECILE,WEALTHDECILE_WEALTHDECILE10,53.81365,49.60363,57.96997,53.8 [49.6-58.0],2022-05-26T12:17:12+02:00
cpmt,NGA,AFR,2007,DHSMICSGEOREGION,DHSMICSGEOREGION_NGAMICS200701,34.28572,28.97844,40.01731,34.3 [29.0-40.0],2022-05-26T14:37:13+02:00
cpmt,TCD,AFR,2019,DHSMICSGEOREGION,DHSMICSGEOREGION_TCDMICS201912,4.84705,3.30443,7.05725,4.8 [3.3-7.1],2022-05-26T14:17:44+02:00
cpmt,GHA,AFR,2006,DHSMICSGEOREGION,DHSMICSGEOREGION_GHAMICS200610,9.26421,6.11446,13.79803,9.3 [6.1-13.8],2022-05-26T14:23:43+02:00
cpmt,GNB,AFR,2014,DHSMICSGEOREGION,DHSMICSGEOREGION_GNBMICS201401,14.75666,11.71444,18.42408,14.8 [11.7-18.4],2022-05-26T14:24:57+02:00
cpmt,TZA,AFR,1996,DHSMICSGEOREGION,DHSMICSGEOREGION_TZADHS199611,13.16872,8.56356,19.71638,13.2 [8.6-19.7],2022-05-26T14:50:53+02:00
cpmt,ZMB,AFR,2007,EDUCATIONLEVEL,EDUCATIONLEVEL_NHLM,35.0046,30.6731,39.59841,35.0 [30.7-39.6],2022-05-26T11:26:15+02:00
cpmt,RWA,AFR,2014,WEALTHQUINTILE,WEALTHQUINTILE_WQ4,56.42975,53.58503,59.23276,56.4 [53.6-59.2],2022-05-26T13:02:37+02:00
cpmt,LSO,AFR,2014,WEALTHDECILE,WEALTHDECILE_WEALTHDECILE01,50.40434,43.70622,57.08796,50.4 [43.7-57.1],2022-05-26T12:16:44+02:00
cpmt,STP,AFR,2008,WEALTHDECILE,WEALTHDECILE_WEALTHDECILE01,32.31909,24.42534,41.36753,32.3 [24.4-41.4],2022-05-26T12:29:24+02:00
cpmt,SWZ,AFR,2010,EDUCATIONLEVEL,EDUCATIONLEVEL_PRLM,59.08042,54.41769,63.58536,59.1 [54.4-63.6],2022-05-26T11:17:29+02:00
cpmt,UGA,AFR,2016,DHSMICSGEOREGION,DHSMICSGEOREGION_UGADHS201605,40.43479,36.36538,44.64012,40.4 [36.4-44.6],2022-05-26T14:50:18+02:00
cpmt,ZMB,AFR,2013,DHSMICSGEOREGION,DHSMICSGEOREGION_ZMBDHS201305,57.77393,53.86053,61.5921,57.8 [53.9-61.6],2022-05-26T14:53:21+02:00
cpmt,NGA,AFR,2013,WEALTHDECILE,WEALTHDECILE_WEALTHDECILE10,39.6898,37.04222,42.39917,39.7 [37.0-42.4],2022-05-26T12:23:20+02:00
cpmt,ZAF,AFR,1998,AGEGROUP,AGEGROUP_YEARS20-49,56.35961,54.67272,58.0319,56.4 [54.7-58.0],2022-05-26T11:06:30+02:00
cpmt,BEN,AFR,2011,WEALTHQUINTILE,WEALTHQUINTILE_WQ5,18.01184,16.07632,20.12449,18.0 [16.1-20.1],2022-05-26T12:46:53+02:00
cpmt,CAF,AFR,2006,EDUCATIONLEVEL,EDUCATIONLEVEL_SHLM,40.90746,37.49306,44.41188,40.9 [37.5-44.4],2022-05-26T11:15:46+02:00
cpmt,GHA,AFR,2014,AGEGROUP,AGEGROUP_YEARS20-49,26.83606,24.90747,28.85659,26.8 [24.9-28.9],2022-05-26T11:02:03+02:00
cpmt,BDI,AFR,2016,DHSMICSGEOREGION,DHSMICSGEOREGION_BDIDHS201604,25.89656,21.7826,30.48468,25.9 [21.8-30.5],2022-05-26T14:14:53+02:00
cpmt,MLI,AFR,2012,WEALTHDECILE,WEALTHDECILE_WEALTHDECILE09,20.21229,17.22759,23.56686,20.2 [17.2-23.6],2022-05-26T12:18:56+02:00
cpmt,CIV,AFR,2016,WEALTHQUINTILE,WEALTHQUINTILE_WQ1,9.7619,8.05251,11.78763,9.8 [8.1-11.8],2022-05-26T12:49:57+02:00
cpmt,MWI,AFR,2015,WEALTHDECILE,WEALTHDECILE_WEALTHDECILE09,62.75139,59.66612,65.73618,62.8 [59.7-65.7],2022-05-26T12:18:06+02:00
cpmt,ZAF,AFR,1998,DHSMICSGEOREGION,DHSMICSGEOREGION_ZAFDHS199805,50.81369,47.28937,54.32995,50.8 [47.3-54.3],2022-05-26T14:47:13+02:00
cpmt,ETH,AFR,2005,WEALTHQUINTILE,WEALTHQUINTILE_WQ3,11.96493,9.8942,14.39978,12.0 [9.9-14.4],2022-05-26T12:51:34+02:00
cpmt,ZWE,AFR,2009,DHSMICSGEOREGION,DHSMICSGEOREGION_ZWEMICS200909,61.59213,56.85058,66.12312,61.6 [56.9-66.1],2022-05-26T14:53:52+02:00
cpmt,MWI,AFR,2013,DHSMICSGEOREGION,DHSMICSGEOREGION_MWIMICS201328,61.90327,56.26056,67.24188,61.9 [56.3-67.2],2022-05-26T14:32:54+02:00
cpmt,GHA,AFR,2014,EDUCATIONLEVEL,EDUCATIONLEVEL_NHLM,18.56686,16.3451,21.01476,18.6 [16.3-21.0],2022-05-26T11:18:10+02:00
cpmt,COG,AFR,2014,DHSMICSGEOREGION,DHSMICSGEOREGION_COGMICS201404,36.09226,30.98068,41.53964,36.1 [31.0-41.5],2022-05-26T14:18:24+02:00
cpmt,SEN,AFR,2017,WEALTHQUINTILE,WEALTHQUINTILE_WQ2,19.87361,17.66431,22.28445,19.9 [17.7-22.3],2022-05-26T13:03:23+02:00
cpmt,LBR,AFR,2013,WEALTHDECILE,WEALTHDECILE_WEALTHDECILE07,25.94991,20.02075,32.91243,25.9 [20.0-32.9],2022-05-26T12:17:01+02:00
cpmt,TCD,AFR,2010,WEALTHDECILE,WEALTHDECILE_WEALTHDECILE09,5.0588,3.78477,6.73167,5.1 [3.8-6.7],2022-05-26T12:03:03+02:00
cpmt,ETH,AFR,2016,WEALTHDECILE,WEALTHDECILE_WEALTHDECILE09,45.91933,41.07948,50.8374,45.9 [41.1-50.8],2022-05-26T12:08:25+02:00
cpmt,BFA,AFR,2003,DHSMICSGEOREGION,DHSMICSGEOREGION_BFADHS200312,14.066,11.11005,17.65224,14.1 [11.1-17.7],2022-05-26T14:14:20+02:00
cpmt,MDG,AFR,2003,EDUCATIONLEVEL,EDUCATIONLEVEL_PRLM,24.50214,21.27945,28.03906,24.5 [21.3-28.0],2022-05-26T11:20:23+02:00
cpmt,NGA,AFR,2013,AGEGROUP,AGEGROUP_YEARS20-49,16.29755,15.30659,17.33954,16.3 [15.3-17.3],2022-05-26T11:04:55+02:00
cpmt,SWZ,AFR,2010,WEALTHQUINTILE,WEALTHQUINTILE_WQ3,63.32859,57.73803,68.58202,63.3 [57.7-68.6],2022-05-26T12:51:24+02:00
cpmt,STP,AFR,2008,EDUCATIONLEVEL,EDUCATIONLEVEL_NHLM,18.29274,10.51161,29.90871,18.3 [10.5-29.9],2022-05-26T11:23:40+02:00
cpmt,NAM,AFR,2006,WEALTHDECILE,WEALTHDECILE_WEALTHDECILE03,38.79583,32.23256,45.79246,38.8 [32.2-45.8],2022-05-26T12:21:02+02:00
cpmt,COD,AFR,2007,DHSMICSGEOREGION,DHSMICSGEOREGION_CODDHS200703,26.21534,20.86171,32.38069,26.2 [20.9-32.4],2022-05-26T14:19:23+02:00
cpmt,MRT,AFR,2011,DHSMICSGEOREGION,DHSMICSGEOREGION_MRTMICS201108,25.12753,21.32299,29.3576,25.1 [21.3-29.4],2022-05-26T14:34:03+02:00
cpmt,AGO,AFR,2015,DHSMICSGEOREGION,DHSMICSGEOREGION_AGODHS201518,3.66036,1.63992,7.96842,3.7 [1.6-8.0],2022-05-26T14:10:58+02:00
cpmt,BEN,AFR,2011,DHSMICSGEOREGION,DHSMICSGEOREGION_BENDHS201104,17.61057,14.74997,20.89001,17.6 [14.7-20.9],2022-05-26T14:13:14+02:00
cpmt,ZWE,AFR,1999,WEALTHDECILE,WEALTHDECILE_WEALTHDECILE07,54.49725,48.92165,59.96232,54.5 [48.9-60.0],2022-05-26T12:38:51+02:00
cpmt,CIV,AFR,2006,WEALTHDECILE,WEALTHDECILE_WEALTHDECILE01,6.33127,4.26718,9.29683,6.3 [4.3-9.3],2022-05-26T12:05:09+02:00
cpmt,BEN,AFR,2006,WEALTHDECILE,WEALTHDECILE_WEALTHDECILE10,37.67004,34.40271,41.05348,37.7 [34.4-41.1],2022-05-26T11:59:22+02:00
cpmt,TGO,AFR,1998,DHSMICSGEOREGION,DHSMICSGEOREGION_TGODHS199805,30.59482,27.42336,33.96143,30.6 [27.4-34.0],2022-05-26T14:48:52+02:00
cpmt,NGA,AFR,2018,AGEGROUP,AGEGROUP_YEARS15-19,3.15868,2.37535,4.18925,3.2 [2.4-4.2],2022-05-26T11:04:58+02:00
cpmt,TZA,AFR,2015,WEALTHDECILE,WEALTHDECILE_WEALTHDECILE03,31.92215,27.78695,36.36285,31.9 [27.8-36.4],2022-05-26T12:36:59+02:00
cpmt,MDG,AFR,1997,DHSMICSGEOREGION,DHSMICSGEOREGION_MDGDHS199703,20.43411,16.14687,25.51332,20.4 [16.1-25.5],2022-05-26T14:32:12+02:00
cpmt,TZA,AFR,1999,EDUCATIONLEVEL,EDUCATIONLEVEL_PRLM,28.69949,25.38486,32.2598,28.7 [25.4-32.3],2022-05-26T11:25:44+02:00
cpmt,CAF,AFR,2018,WEALTHDECILE,WEALTHDECILE_WEALTHDECILE08,22.91716,19.12051,27.21403,22.9 [19.1-27.2],2022-05-26T12:02:47+02:00
cpmt,MLI,AFR,2009,WEALTHDECILE,WEALTHDECILE_WEALTHDECILE08,15.52478,13.29663,18.0486,15.5 [13.3-18.0],2022-05-26T12:18:50+02:00
cpmt,GIN,AFR,2016,RESIDENCEAREATYPE,RESIDENCEAREATYPE_RUR,7.75073,6.74679,8.8898,7.8 [6.7-8.9],2022-05-26T11:35:20+02:00
cpmt,TCD,AFR,2019,WEALTHDECILE,WEALTHDECILE_WEALTHDECILE08,8.95983,7.15925,11.15883,9.0 [7.2-11.2],2022-05-26T12:03:13+02:00
cpmt,MWI,AFR,2015,EDUCATIONLEVEL,EDUCATIONLEVEL_NHLM,54.62633,51.95598,57.27032,54.6 [52.0-57.3],2022-05-26T11:20:37+02:00
cpmt,MOZ,AFR,2015,AGEGROUP,AGEGROUP_YEARS20-49,28.97696,26.64486,31.42575,29.0 [26.6-31.4],2022-05-26T11:04:24+02:00
cpmt,CMR,AFR,2004,DHSMICSGEOREGION,DHSMICSGEOREGION_CMRDHS200401,17.59876,14.08297,21.76987,17.6 [14.1-21.8],2022-05-26T14:16:01+02:00
cpmt,SWZ,AFR,2006,WEALTHQUINTILE,WEALTHQUINTILE_WQ4,50.74222,46.42253,55.05085,50.7 [46.4-55.1],2022-05-26T12:51:21+02:00
cpmt,COD,AFR,2013,DHSMICSGEOREGION,DHSMICSGEOREGION_CODDHS201306,12.11137,9.28307,15.65268,12.1 [9.3-15.7],2022-05-26T14:19:36+02:00
cpmt,GHA,AFR,2003,DHSMICSGEOREGION,DHSMICSGEOREGION_GHADHS200305,27.06145,21.59103,33.32875,27.1 [21.6-33.3],2022-05-26T14:23:38+02:00
cpmt,LBR,AFR,2019,WEALTHDECILE,WEALTHDECILE_WEALTHDECILE03,26.20451,21.89116,31.03012,26.2 [21.9-31.0],2022-05-26T12:17:06+02:00
cpmt,MOZ,AFR,2015,WEALTHQUINTILE,WEALTHQUINTILE_WQ3,22.01768,18.2103,26.36451,22.0 [18.2-26.4],2022-05-26T12:58:35+02:00
cpmt,GAB,AFR,2000,WEALTHDECILE,WEALTHDECILE_WEALTHDECILE03,26.32899,22.62309,30.40341,26.3 [22.6-30.4],2022-05-26T12:08:37+02:00
cpmt,NAM,AFR,2013,DHSMICSGEOREGION,DHSMICSGEOREGION_NAMDHS201302,63.22951,57.88228,68.27001,63.2 [57.9-68.3],2022-05-26T14:35:49+02:00
cpmt,SSD,AFR,2010,WEALTHDECILE,WEALTHDECILE_WEALTHDECILE09,6.21736,4.3528,8.80706,6.2 [4.4-8.8],2022-05-26T12:32:13+02:00
cpmt,MDG,AFR,2018,WEALTHDECILE,WEALTHDECILE_WEALTHDECILE06,48.77762,44.89701,52.67302,48.8 [44.9-52.7],2022-05-26T12:17:29+02:00
cpmt,MDG,AFR,2018,DHSMICSGEOREGION,DHSMICSGEOREGION_MDGMICS201815,40.93491,35.68136,46.40391,40.9 [35.7-46.4],2022-05-26T14:32:33+02:00
cpmt,SLE,AFR,2008,WEALTHDECILE,WEALTHDECILE_WEALTHDECILE06,4.78905,3.15707,7.20192,4.8 [3.2-7.2],2022-05-26T12:31:24+02:00
cpmt,TCD,AFR,2010,DHSMICSGEOREGION,DHSMICSGEOREGION_TCDMICS201014,5.06585,2.43461,10.24228,5.1 [2.4-10.2],2022-05-26T14:17:20+02:00
cpmt,GHA,AFR,1998,WEALTHDECILE,WEALTHDECILE_WEALTHDECILE09,32.40365,26.80711,38.55315,32.4 [26.8-38.6],2022-05-26T12:09:38+02:00
cpmt,CAF,AFR,2006,WEALTHDECILE,WEALTHDECILE_WEALTHDECILE08,22.15031,18.3584,26.47148,22.2 [18.4-26.5],2022-05-26T12:02:37+02:00
cpmt,BEN,AFR,2017,WEALTHQUINTILE,WEALTHQUINTILE_WQ1,11.28584,9.7825,12.98696,11.3 [9.8-13.0],2022-05-26T12:46:59+02:00
cpmt,NAM,AFR,2013,WEALTHDECILE,WEALTHDECILE_WEALTHDECILE09,62.24919,56.51457,67.66032,62.2 [56.5-67.7],2022-05-26T12:21:08+02:00
cpmt,MDG,AFR,2008,DHSMICSGEOREGION,DHSMICSGEOREGION_MDGDHS200820,33.14455,26.06962,41.07282,33.1 [26.1-41.1],2022-05-26T14:32:21+02:00
cpmt,RWA,AFR,2005,RESIDENCEAREATYPE,RESIDENCEAREATYPE_RUR,15.16596,14.09627,16.30142,15.2 [14.1-16.3],2022-05-26T11:39:00+02:00
cpmt,NER,AFR,2006,WEALTHDECILE,WEALTHDECILE_WEALTHDECILE01,11.5904,8.59142,15.45918,11.6 [8.6-15.5],2022-05-26T12:22:32+02:00
cpmt,BEN,AFR,2006,WEALTHDECILE,WEALTHDECILE_WEALTHDECILE09,30.12381,27.31581,33.08906,30.1 [27.3-33.1],2022-05-26T11:59:22+02:00
cpmt,NER,AFR,2006,WEALTHDECILE,WEALTHDECILE_WEALTHDECILE08,9.63288,7.4738,12.33256,9.6 [7.5-12.3],2022-05-26T12:22:32+02:00
cpmt,ZMB,AFR,2018,WEALTHDECILE,WEALTHDECILE_WEALTHDECILE02,45.11016,41.46957,48.80387,45.1 [41.5-48.8],2022-05-26T12:38:39+02:00
cpmt,BFA,AFR,2003,DHSMICSGEOREGION,DHSMICSGEOREGION_BFADHS200306,6.24183,4.08805,9.41887,6.2 [4.1-9.4],2022-05-26T14:14:20+02:00
cpmt,SEN,AFR,2018,DHSMICSGEOREGION,DHSMICSGEOREGION_SENDHS201801,37.07018,31.69772,42.78285,37.1 [31.7-42.8],2022-05-26T14:46:33+02:00
cpmt,SEN,AFR,2012,WEALTHDECILE,WEALTHDECILE_WEALTHDECILE09,33.31755,25.55888,42.09947,33.3 [25.6-42.1],2022-05-26T12:30:04+02:00
cpmt,ZAF,AFR,1998,WEALTHDECILE,WEALTHDECILE_WEALTHDECILE02,39.85557,35.07637,44.83624,39.9 [35.1-44.8],2022-05-26T12:32:01+02:00
cpmt,COD,AFR,2017,DHSMICSGEOREGION,DHSMICSGEOREGION_CODMICS201707,20.7922,15.20368,27.76238,20.8 [15.2-27.8],2022-05-26T14:19:46+02:00
cpmt,SEN,AFR,2018,WEALTHDECILE,WEALTHDECILE_WEALTHDECILE02,16.22873,12.52811,20.76299,16.2 [12.5-20.8],2022-05-26T12:30:38+02:00
cpmt,CMR,AFR,1998,RESIDENCEAREATYPE,RESIDENCEAREATYPE_URB,34.59067,31.35849,37.97171,34.6 [31.4-38.0],2022-05-26T11:33:27+02:00
cpmt,STP,AFR,2014,DHSMICSGEOREGION,DHSMICSGEOREGION_STPMICS201402,45.53611,38.89051,52.34459,45.5 [38.9-52.3],2022-05-26T14:45:29+02:00
cpmt,NGA,AFR,2003,WEALTHDECILE,WEALTHDECILE_WEALTHDECILE08,15.11364,11.36093,19.82863,15.1 [11.4-19.8],2022-05-26T12:22:52+02:00
cpmt,ETH,AFR,2016,EDUCATIONLEVEL,EDUCATIONLEVEL_SHLM,53.41038,49.18597,57.58641,53.4 [49.2-57.6],2022-05-26T11:17:38+02:00
cpmt,SEN,AFR,2019,AGEGROUP,AGEGROUP_YEARS20-49,28.28508,26.26046,30.40144,28.3 [26.3-30.4],2022-05-26T11:06:15+02:00
cpmt,NER,AFR,2006,WEALTHDECILE,WEALTHDECILE_WEALTHDECILE09,14.60366,12.39921,17.12343,14.6 [12.4-17.1],2022-05-26T12:22:32+02:00
cpmt,BEN,AFR,2006,WEALTHDECILE,WEALTHDECILE_WEALTHDECILE06,14.92661,12.77009,17.37477,14.9 [12.8-17.4],2022-05-26T11:59:22+02:00
cpmt,GHA,AFR,2003,EDUCATIONLEVEL,EDUCATIONLEVEL_SHLM,33.79154,31.13295,36.55664,33.8 [31.1-36.6],2022-05-26T11:18:02+02:00
cpmt,SLE,AFR,2019,WEALTHDECILE,WEALTHDECILE_WEALTHDECILE01,14.74055,12.62397,17.14237,14.7 [12.6-17.1],2022-05-26T12:31:49+02:00
cpmt,MWI,AFR,2019,EDUCATIONLEVEL,EDUCATIONLEVEL_SHLM,66.05521,63.67515,68.35682,66.1 [63.7-68.4],2022-05-26T11:20:39+02:00
cpmt,TGO,AFR,2010,WEALTHQUINTILE,WEALTHQUINTILE_WQ3,13.39751,11.04076,16.16592,13.4 [11.0-16.2],2022-05-26T13:05:16+02:00
cpmt,MLI,AFR,2018,DHSMICSGEOREGION,DHSMICSGEOREGION_MLIDHS201804,22.60661,18.67062,27.09591,22.6 [18.7-27.1],2022-05-26T14:33:49+02:00
cpmt,NGA,AFR,2011,DHSMICSGEOREGION,DHSMICSGEOREGION_NGAMICS201107,12.39639,8.71495,17.3376,12.4 [8.7-17.3],2022-05-26T14:37:37+02:00
cpmt,GHA,AFR,2011,DHSMICSGEOREGION,DHSMICSGEOREGION_GHAMICS201105,42.77501,36.58387,49.20099,42.8 [36.6-49.2],2022-05-26T14:23:55+02:00
cpmt,MOZ,AFR,2008,AGEGROUP,AGEGROUP_YEARS20-49,16.58818,14.97446,18.33829,16.6 [15.0-18.3],2022-05-26T11:04:22+02:00
cpmt,MOZ,AFR,2003,DHSMICSGEOREGION,DHSMICSGEOREGION_MOZDHS200301,33.54076,26.88704,40.9195,33.5 [26.9-40.9],2022-05-26T14:34:53+02:00
cpmt,BEN,AFR,2006,DHSMICSGEOREGION,DHSMICSGEOREGION_BENDHS200605,26.34013,23.1107,29.84566,26.3 [23.1-29.8],2022-05-26T14:13:06+02:00
cpmt,RWA,AFR,2014,WEALTHDECILE,WEALTHDECILE_WEALTHDECILE09,58.25971,53.9381,62.45807,58.3 [53.9-62.5],2022-05-26T12:28:57+02:00
cpmt,TCD,AFR,2014,DHSMICSGEOREGION,DHSMICSGEOREGION_TCDDHS201419,0,0,0,0,2022-05-26T14:17:31+02:00
cpmt,GAB,AFR,2012,DHSMICSGEOREGION,DHSMICSGEOREGION_GABDHS201207,34.12421,28.99145,39.65816,34.1 [29.0-39.7],2022-05-26T14:22:45+02:00
cpmt,NGA,AFR,2018,RESIDENCEAREATYPE,RESIDENCEAREATYPE_URB,26.364,24.6216,28.18361,26.4 [24.6-28.2],2022-05-26T11:38:06+02:00
cpmt,STP,AFR,2019,DHSMICSGEOREGION,DHSMICSGEOREGION_STPMICS201904,50.42673,43.28067,57.55539,50.4 [43.3-57.6],2022-05-26T14:45:31+02:00
cpmt,COD,AFR,2017,DHSMICSGEOREGION,DHSMICSGEOREGION_CODMICS201711,17.63805,12.67366,24.01233,17.6 [12.7-24.0],2022-05-26T14:19:46+02:00
cpmt,ZMB,AFR,1996,WEALTHDECILE,WEALTHDECILE_WEALTHDECILE01,18.42562,15.47941,21.78802,18.4 [15.5-21.8],2022-05-26T12:38:13+02:00
cpmt,CMR,AFR,2014,DHSMICSGEOREGION,DHSMICSGEOREGION_CMRMICS201409,57.95829,50.41352,65.14869,58.0 [50.4-65.1],2022-05-26T14:16:22+02:00
cpmt,KEN,AFR,1998,WEALTHDECILE,WEALTHDECILE_WEALTHDECILE06,40.31045,34.96781,45.89331,40.3 [35.0-45.9],2022-05-26T12:15:17+02:00
cpmt,SEN,AFR,2005,DHSMICSGEOREGION,DHSMICSGEOREGION_SENDHS200501,21.37332,17.88841,25.32773,21.4 [17.9-25.3],2022-05-26T14:45:37+02:00
cpmt,MWI,AFR,2019,WEALTHDECILE,WEALTHDECILE_WEALTHDECILE05,68.10744,64.80439,71.23809,68.1 [64.8-71.2],2022-05-26T12:18:12+02:00
cpmt,CAF,AFR,2018,DHSMICSGEOREGION,DHSMICSGEOREGION_CAFMICS201803,15.75561,12.03707,20.35704,15.8 [12.0-20.4],2022-05-26T14:16:59+02:00
cpmt,SEN,AFR,2010,DHSMICSGEOREGION,DHSMICSGEOREGION_SENDHS201001,23.94462,19.47194,29.07376,23.9 [19.5-29.1],2022-05-26T14:45:44+02:00
cpmt,TCD,AFR,2014,DHSMICSGEOREGION,DHSMICSGEOREGION_TCDDHS201403,0.89177,0.25561,3.06263,0.9 [0.3-3.1],2022-05-26T14:17:32+02:00
cpmt,GHA,AFR,2017,WEALTHQUINTILE,WEALTHQUINTILE_WQ3,29.12077,25.82842,32.64806,29.1 [25.8-32.6],2022-05-26T12:52:36+02:00
cpmt,SEN,AFR,2018,RESIDENCEAREATYPE,RESIDENCEAREATYPE_URB,35.41592,32.21487,38.7532,35.4 [32.2-38.8],2022-05-26T11:39:20+02:00
cpmt,BEN,AFR,1996,DHSMICSGEOREGION,DHSMICSGEOREGION_BENDHS199604,17.03889,14.16379,20.35919,17.0 [14.2-20.4],2022-05-26T14:12:59+02:00
cpmt,ZWE,AFR,2009,RESIDENCEAREATYPE,RESIDENCEAREATYPE_URB,68.92138,66.63386,71.12004,68.9 [66.6-71.1],2022-05-26T11:41:00+02:00
cpmt,TZA,AFR,1996,WEALTHDECILE,WEALTHDECILE_WEALTHDECILE05,13.76174,11.05061,17.0108,13.8 [11.1-17.0],2022-05-26T12:36:34+02:00
cpmt,SEN,AFR,2005,WEALTHQUINTILE,WEALTHQUINTILE_WQ2,6.33677,5.08635,7.8691,6.3 [5.1-7.9],2022-05-26T13:03:03+02:00
cpmt,COG,AFR,2011,WEALTHQUINTILE,WEALTHQUINTILE_WQ3,45.96888,41.71791,50.27933,46.0 [41.7-50.3],2022-05-26T12:49:15+02:00
cpmt,MOZ,AFR,2011,WEALTHDECILE,WEALTHDECILE_WEALTHDECILE06,7.64185,5.93724,9.78495,7.6 [5.9-9.8],2022-05-26T12:20:38+02:00
cpmt,LBR,AFR,2019,EDUCATIONLEVEL,EDUCATIONLEVEL_NHLM,20.86784,18.30595,23.68432,20.9 [18.3-23.7],2022-05-26T11:20:20+02:00
cpmt,ZMB,AFR,2001,DHSMICSGEOREGION,DHSMICSGEOREGION_ZMBDHS200101,25.72993,22.0148,29.83217,25.7 [22.0-29.8],2022-05-26T14:53:11+02:00
cpmt,CAF,AFR,1994,DHSMICSGEOREGION,DHSMICSGEOREGION_CAFDHS199403,13.04965,10.32737,16.35859,13.0 [10.3-16.4],2022-05-26T14:16:35+02:00
cpmt,UGA,AFR,2016,WEALTHDECILE,WEALTHDECILE_WEALTHDECILE01,19.69458,17.03911,22.65089,19.7 [17.0-22.7],2022-05-26T12:36:05+02:00
cpmt,MOZ,AFR,2003,WEALTHQUINTILE,WEALTHQUINTILE_WQ3,26.36122,23.52615,29.40656,26.4 [23.5-29.4],2022-05-26T12:58:25+02:00
cpmt,TCD,AFR,2019,WEALTHDECILE,WEALTHDECILE_WEALTHDECILE01,3.97409,2.32799,6.70423,4.0 [2.3-6.7],2022-05-26T12:03:13+02:00
cpmt,CIV,AFR,1994,AGEGROUP,AGEGROUP_YEARS20-49,11.70005,10.58551,12.91499,11.7 [10.6-12.9],2022-05-26T11:00:57+02:00
cpmt,MOZ,AFR,2003,EDUCATIONLEVEL,EDUCATIONLEVEL_SHLM,55.75272,49.12809,62.1788,55.8 [49.1-62.2],2022-05-26T11:21:20+02:00
cpmt,MOZ,AFR,2003,WEALTHDECILE,WEALTHDECILE_WEALTHDECILE03,18.69697,15.53777,22.3287,18.7 [15.5-22.3],2022-05-26T12:20:26+02:00
cpmt,BFA,AFR,2010,WEALTHDECILE,WEALTHDECILE_WEALTHDECILE07,14.38867,12.31693,16.74234,14.4 [12.3-16.7],2022-05-26T12:00:58+02:00
cpmt,MOZ,AFR,2015,WEALTHDECILE,WEALTHDECILE_WEALTHDECILE09,43.87975,39.04109,48.83764,43.9 [39.0-48.8],2022-05-26T12:20:44+02:00
cpmt,SEN,AFR,2012,DHSMICSGEOREGION,DHSMICSGEOREGION_SENDHS201208,11.98275,8.00897,17.55197,12.0 [8.0-17.6],2022-05-26T14:45:52+02:00
cpmt,CAF,AFR,2006,WEALTHDECILE,WEALTHDECILE_WEALTHDECILE09,28.00096,23.32346,33.21022,28.0 [23.3-33.2],2022-05-26T12:02:37+02:00
cpmt,LSO,AFR,2004,DHSMICSGEOREGION,DHSMICSGEOREGION_LSODHS200402,42.48606,36.21816,49.00525,42.5 [36.2-49.0],2022-05-26T14:31:44+02:00
cpmt,ZWE,AFR,2010,WEALTHQUINTILE,WEALTHQUINTILE_WQ2,54.27366,51.14766,57.36638,54.3 [51.1-57.4],2022-05-26T13:08:00+02:00
cpmt,GNB,AFR,2006,WEALTHQUINTILE,WEALTHQUINTILE_WQ4,13.71552,11.18394,16.71233,13.7 [11.2-16.7],2022-05-26T12:53:11+02:00
cpmt,GIN,AFR,2016,DHSMICSGEOREGION,DHSMICSGEOREGION_GINMICS201608,16.53359,14.07492,19.32515,16.5 [14.1-19.3],2022-05-26T14:24:46+02:00
cpmt,NGA,AFR,2003,WEALTHDECILE,WEALTHDECILE_WEALTHDECILE01,5.31753,3.22619,8.64347,5.3 [3.2-8.6],2022-05-26T12:22:52+02:00
cpmt,NAM,AFR,2013,DHSMICSGEOREGION,DHSMICSGEOREGION_NAMDHS201307,51.94004,44.25107,59.5382,51.9 [44.3-59.5],2022-05-26T14:35:50+02:00
cpmt,COG,AFR,2014,WEALTHDECILE,WEALTHDECILE_WEALTHDECILE04,34.71731,28.38799,41.63731,34.7 [28.4-41.6],2022-05-26T12:04:06+02:00
cpmt,TZA,AFR,1999,AGEGROUP,AGEGROUP_YEARS20-49,26.75213,24.07968,29.60551,26.8 [24.1-29.6],2022-05-26T11:07:34+02:00
cpmt,BFA,AFR,2010,WEALTHDECILE,WEALTHDECILE_WEALTHDECILE08,19.83399,17.28596,22.65474,19.8 [17.3-22.7],2022-05-26T12:00:58+02:00
cpmt,TGO,AFR,2006,EDUCATIONLEVEL,EDUCATIONLEVEL_NHLM,11.78015,10.07711,13.72707,11.8 [10.1-13.7],2022-05-26T11:24:55+02:00
cpmt,ZWE,AFR,1999,EDUCATIONLEVEL,EDUCATIONLEVEL_PRLM,48.80201,46.08333,51.52779,48.8 [46.1-51.5],2022-05-26T11:26:22+02:00
cpmt,ZWE,AFR,1994,EDUCATIONLEVEL,EDUCATIONLEVEL_SHLM,57.6641,54.10143,61.14881,57.7 [54.1-61.1],2022-05-26T11:26:20+02:00
cpmt,TCD,AFR,2004,DHSMICSGEOREGION,DHSMICSGEOREGION_TCDDHS200408,0.72515,0.26941,1.93684,0.7 [0.3-1.9],2022-05-26T14:17:13+02:00
cpmt,GHA,AFR,1998,DHSMICSGEOREGION,DHSMICSGEOREGION_GHADHS199809,11.87907,7.08484,19.24551,11.9 [7.1-19.2],2022-05-26T14:23:32+02:00
cpmt,SLE,AFR,2008,WEALTHDECILE,WEALTHDECILE_WEALTHDECILE07,10.49305,7.88926,13.82721,10.5 [7.9-13.8],2022-05-26T12:31:24+02:00
cpmt,GHA,AFR,2003,RESIDENCEAREATYPE,RESIDENCEAREATYPE_RUR,20.94919,18.79263,23.28227,20.9 [18.8-23.3],2022-05-26T11:35:03+02:00
cpmt,SEN,AFR,2017,DHSMICSGEOREGION,DHSMICSGEOREGION_SENDHS201712,22.79027,18.86231,27.26138,22.8 [18.9-27.3],2022-05-26T14:46:25+02:00
cpmt,TGO,AFR,2013,EDUCATIONLEVEL,EDUCATIONLEVEL_NHLM,14.27697,12.56251,16.1821,14.3 [12.6-16.2],2022-05-26T11:24:58+02:00
cpmt,ZWE,AFR,2005,WEALTHDECILE,WEALTHDECILE_WEALTHDECILE02,46.30104,40.44828,52.25754,46.3 [40.4-52.3],2022-05-26T12:38:57+02:00
cpmt,DZA,AFR,2012,EDUCATIONLEVEL,EDUCATIONLEVEL_NHLM,52.36232,50.17736,54.53827,52.4 [50.2-54.5],2022-05-26T11:13:43+02:00
cpmt,ZMB,AFR,1996,DHSMICSGEOREGION,DHSMICSGEOREGION_ZMBDHS199606,32.98768,28.86339,37.39154,33.0 [28.9-37.4],2022-05-26T14:53:06+02:00
cpmt,COD,AFR,2010,WEALTHDECILE,WEALTHDECILE_WEALTHDECILE04,11.70714,8.8047,15.40473,11.7 [8.8-15.4],2022-05-26T12:05:32+02:00
cpmt,NGA,AFR,2003,RESIDENCEAREATYPE,RESIDENCEAREATYPE_URB,20.2364,17.62341,23.12805,20.2 [17.6-23.1],2022-05-26T11:37:57+02:00
cpmt,TCD,AFR,1996,DHSMICSGEOREGION,DHSMICSGEOREGION_TCDDHS199614,5.82954,3.16128,10.5056,5.8 [3.2-10.5],2022-05-26T14:17:05+02:00
cpmt,MLI,AFR,1995,WEALTHDECILE,WEALTHDECILE_WEALTHDECILE01,0.88442,0.41557,1.87232,0.9 [0.4-1.9],2022-05-26T12:18:32+02:00
cpmt,ETH,AFR,2019,WEALTHQUINTILE,WEALTHQUINTILE_WQ5,53.00127,45.82059,60.05981,53.0 [45.8-60.1],2022-05-26T12:51:43+02:00
cpmt,BEN,AFR,2006,DHSMICSGEOREGION,DHSMICSGEOREGION_BENDHS200601,4.28196,2.85329,6.37902,4.3 [2.9-6.4],2022-05-26T14:13:06+02:00
cpmt,STP,AFR,2019,DHSMICSGEOREGION,DHSMICSGEOREGION_STPMICS201901,48.73801,43.60426,53.89851,48.7 [43.6-53.9],2022-05-26T14:45:31+02:00
cpmt,UGA,AFR,1995,RESIDENCEAREATYPE,RESIDENCEAREATYPE_URB,34.4346,31.13228,37.89445,34.4 [31.1-37.9],2022-05-26T11:40:19+02:00
cpmt,TZA,AFR,1999,WEALTHDECILE,WEALTHDECILE_WEALTHDECILE05,22.79588,15.86128,31.62282,22.8 [15.9-31.6],2022-05-26T12:36:40+02:00
cpmt,MLI,AFR,2015,DHSMICSGEOREGION,DHSMICSGEOREGION_MLIMICS201506,4.24604,2.43933,7.29092,4.2 [2.4-7.3],2022-05-26T14:33:44+02:00
cpmt,TGO,AFR,2010,AGEGROUP,AGEGROUP_YEARS15-19,5.05449,2.67394,9.35079,5.1 [2.7-9.4],2022-05-26T11:06:55+02:00
cpmt,TZA,AFR,2010,DHSMICSGEOREGION,DHSMICSGEOREGION_TZADHS201015,39.4408,33.56479,45.63882,39.4 [33.6-45.6],2022-05-26T14:51:35+02:00
cpmt,ETH,AFR,2000,WEALTHDECILE,WEALTHDECILE_WEALTHDECILE09,15.92806,11.33445,21.92305,15.9 [11.3-21.9],2022-05-26T12:08:08+02:00
cpmt,ZAF,AFR,1998,WEALTHDECILE,WEALTHDECILE_WEALTHDECILE06,56.07583,51.59965,60.45531,56.1 [51.6-60.5],2022-05-26T12:32:01+02:00
cpmt,NAM,AFR,2013,DHSMICSGEOREGION,DHSMICSGEOREGION_NAMDHS201312,53.7605,46.92902,60.45364,53.8 [46.9-60.5],2022-05-26T14:35:50+02:00
cpmt,MLI,AFR,1995,AGEGROUP,AGEGROUP_YEARS20-49,6.99858,6.16192,7.93924,7.0 [6.2-7.9],2022-05-26T11:03:55+02:00
cpmt,TZA,AFR,2004,DHSMICSGEOREGION,DHSMICSGEOREGION_TZADHS200411,35.06427,30.26105,40.19053,35.1 [30.3-40.2],2022-05-26T14:51:19+02:00
cpmt,DZA,AFR,2018,EDUCATIONLEVEL,EDUCATIONLEVEL_PRLM,53.60116,51.29089,55.89608,53.6 [51.3-55.9],2022-05-26T11:13:45+02:00
cpmt,SLE,AFR,2010,WEALTHDECILE,WEALTHDECILE_WEALTHDECILE04,6.44681,4.90875,8.42409,6.4 [4.9-8.4],2022-05-26T12:31:30+02:00
cpmt,TGO,AFR,1998,WEALTHDECILE,WEALTHDECILE_WEALTHDECILE03,20.9376,17.58862,24.73289,20.9 [17.6-24.7],2022-05-26T12:33:51+02:00
cpmt,MWI,AFR,2019,WEALTHDECILE,WEALTHDECILE_WEALTHDECILE07,64.73116,61.47894,67.85239,64.7 [61.5-67.9],2022-05-26T12:18:12+02:00
cpmt,ZMB,AFR,2018,WEALTHQUINTILE,WEALTHQUINTILE_WQ1,40.76945,37.95609,43.64466,40.8 [38.0-43.6],2022-05-26T13:07:43+02:00
cpmt,NGA,AFR,2003,EDUCATIONLEVEL,EDUCATIONLEVEL_PRLM,16.71523,13.83881,20.0504,16.7 [13.8-20.1],2022-05-26T11:22:04+02:00
cpmt,RWA,AFR,2019,WEALTHQUINTILE,WEALTHQUINTILE_WQ1,64.05916,61.35987,66.67231,64.1 [61.4-66.7],2022-05-26T13:02:40+02:00
cpmt,BFA,AFR,2003,DHSMICSGEOREGION,DHSMICSGEOREGION_BFADHS200314,29.65241,25.32485,34.37902,29.7 [25.3-34.4],2022-05-26T14:14:20+02:00
cpmt,KEN,AFR,2008,WEALTHQUINTILE,WEALTHQUINTILE_WQ5,54.72344,51.34757,58.0564,54.7 [51.3-58.1],2022-05-26T12:55:36+02:00
cpmt,COG,AFR,2011,WEALTHQUINTILE,WEALTHQUINTILE_WQ5,50.31181,45.42078,55.19688,50.3 [45.4-55.2],2022-05-26T12:49:15+02:00
cpmt,SLE,AFR,2005,AGEGROUP,AGEGROUP_YEARS20-49,5.4818,4.58616,6.54036,5.5 [4.6-6.5],2022-05-26T11:06:21+02:00
cpmt,ZWE,AFR,1999,DHSMICSGEOREGION,DHSMICSGEOREGION_ZWEDHS199905,48.25889,41.21818,55.36942,48.3 [41.2-55.4],2022-05-26T14:53:40+02:00
cpmt,MLI,AFR,2009,WEALTHDECILE,WEALTHDECILE_WEALTHDECILE09,18.45971,16.58476,20.49456,18.5 [16.6-20.5],2022-05-26T12:18:50+02:00
cpmt,STP,AFR,2014,AGEGROUP,AGEGROUP_YEARS20-49,41.22732,38.32979,44.18694,41.2 [38.3-44.2],2022-05-26T11:06:01+02:00
cpmt,TZA,AFR,2004,WEALTHDECILE,WEALTHDECILE_WEALTHDECILE01,15.33063,12.48863,18.68131,15.3 [12.5-18.7],2022-05-26T12:36:46+02:00
cpmt,NGA,AFR,2016,DHSMICSGEOREGION,DHSMICSGEOREGION_NGAMICS201618,24.0952,19.31885,29.61893,24.1 [19.3-29.6],2022-05-26T14:38:02+02:00
cpmt,ZWE,AFR,2009,WEALTHQUINTILE,WEALTHQUINTILE_WQ4,68.90784,66.1614,71.52729,68.9 [66.2-71.5],2022-05-26T13:07:57+02:00
cpmt,BEN,AFR,2006,AGEGROUP,AGEGROUP_YEARS20-49,17.49172,16.5416,18.48432,17.5 [16.5-18.5],2022-05-26T10:59:47+02:00
cpmt,LBR,AFR,2007,EDUCATIONLEVEL,EDUCATIONLEVEL_PRLM,12.06529,9.96825,14.53228,12.1 [10.0-14.5],2022-05-26T11:20:16+02:00
cpmt,BDI,AFR,2016,DHSMICSGEOREGION,DHSMICSGEOREGION_BDIDHS201613,22.25368,19.20781,25.62932,22.3 [19.2-25.6],2022-05-26T14:14:54+02:00
cpmt,BEN,AFR,2001,RESIDENCEAREATYPE,RESIDENCEAREATYPE_URB,21.0799,18.70023,23.67421,21.1 [18.7-23.7],2022-05-26T11:32:59+02:00
cpmt,MWI,AFR,2004,WEALTHDECILE,WEALTHDECILE_WEALTHDECILE05,29.23631,25.75978,32.97365,29.2 [25.8-33.0],2022-05-26T12:17:40+02:00
cpmt,SEN,AFR,2005,AGEGROUP,AGEGROUP_YEARS15-19,5.02823,3.44042,7.29348,5.0 [3.4-7.3],2022-05-26T11:06:05+02:00
cpmt,GHA,AFR,1998,WEALTHQUINTILE,WEALTHQUINTILE_WQ4,27.20118,23.54049,31.19885,27.2 [23.5-31.2],2022-05-26T12:52:17+02:00
cpmt,ETH,AFR,2005,EDUCATIONLEVEL,EDUCATIONLEVEL_SHLM,52.64431,48.81132,56.44639,52.6 [48.8-56.4],2022-05-26T11:17:34+02:00
cpmt,GIN,AFR,2018,DHSMICSGEOREGION,DHSMICSGEOREGION_GINDHS201808,16.46494,11.91428,22.31342,16.5 [11.9-22.3],2022-05-26T14:24:50+02:00
cpmt,TGO,AFR,2006,WEALTHDECILE,WEALTHDECILE_WEALTHDECILE10,22.65363,17.8841,28.25743,22.7 [17.9-28.3],2022-05-26T12:33:57+02:00
cpmt,TZA,AFR,1999,RESIDENCEAREATYPE,RESIDENCEAREATYPE_RUR,21.7107,19.07755,24.59681,21.7 [19.1-24.6],2022-05-26T11:40:32+02:00
cpmt,ZWE,AFR,2005,DHSMICSGEOREGION,DHSMICSGEOREGION_ZWEDHS200502,61.40471,56.7995,65.81446,61.4 [56.8-65.8],2022-05-26T14:53:46+02:00
cpmt,TGO,AFR,2017,AGEGROUP,AGEGROUP_YEARS15-19,16.53531,11.02003,24.06437,16.5 [11.0-24.1],2022-05-26T11:06:58+02:00
cpmt,LSO,AFR,2004,WEALTHDECILE,WEALTHDECILE_WEALTHDECILE09,48.61637,43.38987,53.87331,48.6 [43.4-53.9],2022-05-26T12:16:32+02:00
cpmt,COG,AFR,2014,DHSMICSGEOREGION,DHSMICSGEOREGION_COGMICS201411,36.08436,32.57786,39.74579,36.1 [32.6-39.7],2022-05-26T14:18:24+02:00
cpmt,SEN,AFR,2019,WEALTHDECILE,WEALTHDECILE_WEALTHDECILE04,23.47298,19.4898,27.98723,23.5 [19.5-28.0],2022-05-26T12:30:46+02:00
cpmt,CAF,AFR,1994,WEALTHDECILE,WEALTHDECILE_WEALTHDECILE05,13.4249,10.55704,16.92442,13.4 [10.6-16.9],2022-05-26T12:02:31+02:00
cpmt,GIN,AFR,2018,WEALTHQUINTILE,WEALTHQUINTILE_WQ1,4.52647,3.39604,6.00979,4.5 [3.4-6.0],2022-05-26T12:53:08+02:00
cpmt,SLE,AFR,2005,WEALTHQUINTILE,WEALTHQUINTILE_WQ4,6.93256,5.28417,9.04604,6.9 [5.3-9.0],2022-05-26T13:03:46+02:00
cpmt,SEN,AFR,2015,WEALTHDECILE,WEALTHDECILE_WEALTHDECILE05,23.59637,17.4534,31.0872,23.6 [17.5-31.1],2022-05-26T12:30:18+02:00
cpmt,GHA,AFR,2003,RESIDENCEAREATYPE,RESIDENCEAREATYPE_URB,31.39088,28.35464,34.59525,31.4 [28.4-34.6],2022-05-26T11:35:03+02:00
cpmt,BEN,AFR,2017,WEALTHDECILE,WEALTHDECILE_WEALTHDECILE02,12.60223,10.41521,15.1707,12.6 [10.4-15.2],2022-05-26T11:59:40+02:00
cpmt,SEN,AFR,2010,RESIDENCEAREATYPE,RESIDENCEAREATYPE_RUR,6.95185,5.99372,8.05004,7.0 [6.0-8.1],2022-05-26T11:39:13+02:00
cpmt,CAF,AFR,2006,RESIDENCEAREATYPE,RESIDENCEAREATYPE_RUR,12.58502,10.20363,15.42672,12.6 [10.2-15.4],2022-05-26T11:33:35+02:00
cpmt,BEN,AFR,2001,DHSMICSGEOREGION,DHSMICSGEOREGION_BENDHS200103,9.8511,7.95077,12.14571,9.9 [8.0-12.1],2022-05-26T14:13:02+02:00
cpmt,MOZ,AFR,2003,WEALTHQUINTILE,WEALTHQUINTILE_WQ1,19.09516,16.76665,21.66289,19.1 [16.8-21.7],2022-05-26T12:58:25+02:00
cpmt,RWA,AFR,2010,RESIDENCEAREATYPE,RESIDENCEAREATYPE_RUR,51.3508,49.82309,52.87597,51.4 [49.8-52.9],2022-05-26T11:39:01+02:00
cpmt,SLE,AFR,2010,EDUCATIONLEVEL,EDUCATIONLEVEL_PRLM,15.11646,12.76829,17.80831,15.1 [12.8-17.8],2022-05-26T11:24:14+02:00
cpmt,COD,AFR,2013,EDUCATIONLEVEL,EDUCATIONLEVEL_NHLM,11.08366,8.55854,14.23779,11.1 [8.6-14.2],2022-05-26T11:16:44+02:00
cpmt,COM,AFR,2012,WEALTHDECILE,WEALTHDECILE_WEALTHDECILE01,10.34388,6.58718,15.87886,10.3 [6.6-15.9],2022-05-26T12:03:49+02:00
cpmt,NER,AFR,2006,DHSMICSGEOREGION,DHSMICSGEOREGION_NERDHS200607,4.05718,3.04988,5.37871,4.1 [3.0-5.4],2022-05-26T14:36:53+02:00
cpmt,COG,AFR,2011,AGEGROUP,AGEGROUP_YEARS20-49,45.33248,43.43251,47.24614,45.3 [43.4-47.2],2022-05-26T11:00:46+02:00
cpmt,NGA,AFR,2018,WEALTHQUINTILE,WEALTHQUINTILE_WQ5,32.99889,31.33048,34.71124,33.0 [31.3-34.7],2022-05-26T13:00:04+02:00
cpmt,BDI,AFR,2016,DHSMICSGEOREGION,DHSMICSGEOREGION_BDIDHS201608,38.76869,33.68915,44.1047,38.8 [33.7-44.1],2022-05-26T14:14:53+02:00
cpmt,UGA,AFR,1995,EDUCATIONLEVEL,EDUCATIONLEVEL_PRLM,14.82042,12.90811,16.96087,14.8 [12.9-17.0],2022-05-26T11:25:25+02:00
cpmt,ZMB,AFR,2013,AGEGROUP,AGEGROUP_YEARS15-19,37.46042,32.68616,42.49183,37.5 [32.7-42.5],2022-05-26T11:07:57+02:00
cpmt,MOZ,AFR,2015,WEALTHDECILE,WEALTHDECILE_WEALTHDECILE10,46.78884,41.76555,51.87807,46.8 [41.8-51.9],2022-05-26T12:20:44+02:00
cpmt,SEN,AFR,2010,WEALTHDECILE,WEALTHDECILE_WEALTHDECILE06,15.357,12.78318,18.34008,15.4 [12.8-18.3],2022-05-26T12:29:57+02:00
cpmt,NER,AFR,1998,RESIDENCEAREATYPE,RESIDENCEAREATYPE_RUR,5.5235,4.66271,6.53231,5.5 [4.7-6.5],2022-05-26T11:37:52+02:00
cpmt,ZWE,AFR,2015,WEALTHDECILE,WEALTHDECILE_WEALTHDECILE03,62.20509,57.34552,66.83125,62.2 [57.3-66.8],2022-05-26T12:39:22+02:00
cpmt,ZWE,AFR,2009,WEALTHQUINTILE,WEALTHQUINTILE_WQ3,62.82078,59.76265,65.77957,62.8 [59.8-65.8],2022-05-26T13:07:57+02:00
cpmt,GHA,AFR,2014,WEALTHDECILE,WEALTHDECILE_WEALTHDECILE08,29.93624,25.43313,34.86386,29.9 [25.4-34.9],2022-05-26T12:10:06+02:00
cpmt,TZA,AFR,2015,DHSMICSGEOREGION,DHSMICSGEOREGION_TZADHS201518,43.40844,32.8659,54.58322,43.4 [32.9-54.6],2022-05-26T14:51:51+02:00
cpmt,ZMB,AFR,1996,WEALTHDECILE,WEALTHDECILE_WEALTHDECILE09,37.12449,33.37044,41.04074,37.1 [33.4-41.0],2022-05-26T12:38:13+02:00
cpmt,MOZ,AFR,1997,WEALTHDECILE,WEALTHDECILE_WEALTHDECILE09,11.61376,7.9313,16.69592,11.6 [7.9-16.7],2022-05-26T12:20:21+02:00
cpmt,GIN,AFR,2016,WEALTHDECILE,WEALTHDECILE_WEALTHDECILE09,10.10094,7.52005,13.43887,10.1 [7.5-13.4],2022-05-26T12:11:03+02:00
cpmt,RWA,AFR,2019,EDUCATIONLEVEL,EDUCATIONLEVEL_PRLM,66.35144,64.83672,67.83328,66.4 [64.8-67.8],2022-05-26T11:23:35+02:00
cpmt,GHA,AFR,2006,WEALTHDECILE,WEALTHDECILE_WEALTHDECILE10,27.50921,21.07089,35.04141,27.5 [21.1-35.0],2022-05-26T12:09:49+02:00
cpmt,BEN,AFR,1996,WEALTHDECILE,WEALTHDECILE_WEALTHDECILE06,14.26314,10.97008,18.34108,14.3 [11.0-18.3],2022-05-26T11:59:10+02:00
cpmt,LSO,AFR,2009,WEALTHQUINTILE,WEALTHQUINTILE_WQ2,38.07552,34.02269,42.30158,38.1 [34.0-42.3],2022-05-26T12:56:16+02:00
cpmt,STP,AFR,2019,AGEGROUP,AGEGROUP_YEARS20-49,49.76012,47.11999,52.40159,49.8 [47.1-52.4],2022-05-26T11:06:02+02:00
cpmt,GHA,AFR,1998,RESIDENCEAREATYPE,RESIDENCEAREATYPE_RUR,18.14052,16.4002,20.02129,18.1 [16.4-20.0],2022-05-26T11:35:02+02:00
cpmt,GIN,AFR,2012,EDUCATIONLEVEL,EDUCATIONLEVEL_NHLM,4.68248,3.85678,5.67453,4.7 [3.9-5.7],2022-05-26T11:18:26+02:00
cpmt,ZMB,AFR,1996,RESIDENCEAREATYPE,RESIDENCEAREATYPE_URB,33.31422,30.56365,36.18334,33.3 [30.6-36.2],2022-05-26T11:40:50+02:00
cpmt,MLI,AFR,2001,DHSMICSGEOREGION,DHSMICSGEOREGION_MLIDHS200109,23.49339,21.16972,25.98803,23.5 [21.2-26.0],2022-05-26T14:33:23+02:00
cpmt,CIV,AFR,2016,DHSMICSGEOREGION,DHSMICSGEOREGION_CIVMICS201608,12.90829,10.07583,16.39184,12.9 [10.1-16.4],2022-05-26T14:19:16+02:00
cpmt,STP,AFR,2019,WEALTHQUINTILE,WEALTHQUINTILE_WQ1,46.97778,41.21206,52.82532,47.0 [41.2-52.8],2022-05-26T13:02:57+02:00
cpmt,GAB,AFR,2000,WEALTHQUINTILE,WEALTHQUINTILE_WQ5,41.8623,37.8003,46.03772,41.9 [37.8-46.0],2022-05-26T12:51:46+02:00
cpmt,NGA,AFR,2011,DHSMICSGEOREGION,DHSMICSGEOREGION_NGAMICS201103,26.09174,15.46481,40.52082,26.1 [15.5-40.5],2022-05-26T14:37:37+02:00
cpmt,LSO,AFR,2009,DHSMICSGEOREGION,DHSMICSGEOREGION_LSODHS200904,56.03821,51.43352,60.54125,56.0 [51.4-60.5],2022-05-26T14:31:50+02:00
cpmt,RWA,AFR,2000,AGEGROUP,AGEGROUP_YEARS15-19,4.99276,2.47301,9.82135,5.0 [2.5-9.8],2022-05-26T11:05:51+02:00
cpmt,GIN,AFR,2018,WEALTHQUINTILE,WEALTHQUINTILE_WQ4,14.63509,11.67222,18.19512,14.6 [11.7-18.2],2022-05-26T12:53:08+02:00
cpmt,ZWE,AFR,1994,DHSMICSGEOREGION,DHSMICSGEOREGION_ZWEDHS199406,33.89199,27.054,41.47561,33.9 [27.1-41.5],2022-05-26T14:53:34+02:00
cpmt,KEN,AFR,2003,DHSMICSGEOREGION,DHSMICSGEOREGION_KENDHS200303,24.08439,18.62677,30.54092,24.1 [18.6-30.5],2022-05-26T14:30:43+02:00
cpmt,NGA,AFR,2011,DHSMICSGEOREGION,DHSMICSGEOREGION_NGAMICS201137,38.76881,30.55022,47.68044,38.8 [30.6-47.7],2022-05-26T14:37:37+02:00
cpmt,AGO,AFR,2015,WEALTHDECILE,WEALTHDECILE_WEALTHDECILE07,18.13685,14.03852,23.10998,18.1 [14.0-23.1],2022-05-26T11:56:27+02:00
cpmt,COM,AFR,2012,WEALTHDECILE,WEALTHDECILE_WEALTHDECILE05,19.05002,14.45795,24.67981,19.1 [14.5-24.7],2022-05-26T12:03:49+02:00
cpmt,CMR,AFR,2018,WEALTHDECILE,WEALTHDECILE_WEALTHDECILE08,24.82491,20.32858,29.94199,24.8 [20.3-29.9],2022-05-26T12:02:26+02:00
cpmt,GIN,AFR,2005,DHSMICSGEOREGION,DHSMICSGEOREGION_GINDHS200502,18.13237,15.2781,21.38529,18.1 [15.3-21.4],2022-05-26T14:24:37+02:00
cpmt,GNB,AFR,2018,WEALTHDECILE,WEALTHDECILE_WEALTHDECILE04,19.00549,16.0052,22.4181,19.0 [16.0-22.4],2022-05-26T12:11:25+02:00
cpmt,ZWE,AFR,2005,AGEGROUP,AGEGROUP_YEARS20-49,62.48014,60.36028,64.5532,62.5 [60.4-64.6],2022-05-26T11:08:02+02:00
cpmt,CMR,AFR,1998,DHSMICSGEOREGION,DHSMICSGEOREGION_CMRDHS199802,24.97871,21.85817,28.38294,25.0 [21.9-28.4],2022-05-26T14:15:57+02:00
cpmt,TZA,AFR,2004,RESIDENCEAREATYPE,RESIDENCEAREATYPE_URB,41.83585,38.10194,45.66573,41.8 [38.1-45.7],2022-05-26T11:40:33+02:00
cpmt,BEN,AFR,2017,RESIDENCEAREATYPE,RESIDENCEAREATYPE_RUR,13.81939,12.69339,15.0281,13.8 [12.7-15.0],2022-05-26T11:33:04+02:00
cpmt,NGA,AFR,2007,DHSMICSGEOREGION,DHSMICSGEOREGION_NGAMICS200729,26.26728,19.92157,33.78161,26.3 [19.9-33.8],2022-05-26T14:37:13+02:00
cpmt,MOZ,AFR,2003,WEALTHDECILE,WEALTHDECILE_WEALTHDECILE08,22.97474,19.73208,26.57385,23.0 [19.7-26.6],2022-05-26T12:20:26+02:00
cpmt,CAF,AFR,2006,DHSMICSGEOREGION,DHSMICSGEOREGION_CAFMICS200615,8.81777,6.31665,12.18046,8.8 [6.3-12.2],2022-05-26T14:16:40+02:00
cpmt,KEN,AFR,1993,WEALTHDECILE,WEALTHDECILE_WEALTHDECILE04,22.6019,18.71963,27.02164,22.6 [18.7-27.0],2022-05-26T12:15:11+02:00
cpmt,MDG,AFR,2018,DHSMICSGEOREGION,DHSMICSGEOREGION_MDGMICS201817,30.62946,23.19497,39.22974,30.6 [23.2-39.2],2022-05-26T14:32:33+02:00
cpmt,SEN,AFR,2017,DHSMICSGEOREGION,DHSMICSGEOREGION_SENDHS201711,10.39297,7.8249,13.67878,10.4 [7.8-13.7],2022-05-26T14:46:25+02:00
cpmt,MLI,AFR,2015,WEALTHQUINTILE,WEALTHQUINTILE_WQ2,8.4656,7.0656,10.11281,8.5 [7.1-10.1],2022-05-26T12:57:35+02:00
cpmt,LSO,AFR,2014,RESIDENCEAREATYPE,RESIDENCEAREATYPE_URB,65.48138,60.68556,69.98157,65.5 [60.7-70.0],2022-05-26T11:36:34+02:00
cpmt,CAF,AFR,2006,DHSMICSGEOREGION,DHSMICSGEOREGION_CAFMICS200607,11.43356,8.44887,15.29646,11.4 [8.4-15.3],2022-05-26T14:16:40+02:00
cpmt,ETH,AFR,2011,WEALTHDECILE,WEALTHDECILE_WEALTHDECILE10,58.29198,53.78197,62.66738,58.3 [53.8-62.7],2022-05-26T12:08:19+02:00
cpmt,SEN,AFR,2010,WEALTHQUINTILE,WEALTHQUINTILE_WQ2,7.38495,6.14754,8.84796,7.4 [6.1-8.8],2022-05-26T13:03:06+02:00
cpmt,BEN,AFR,2006,EDUCATIONLEVEL,EDUCATIONLEVEL_PRLM,25.34343,23.42222,27.36591,25.3 [23.4-27.4],2022-05-26T11:14:42+02:00
cpmt,ETH,AFR,2016,WEALTHDECILE,WEALTHDECILE_WEALTHDECILE06,36.19708,30.60759,42.18677,36.2 [30.6-42.2],2022-05-26T12:08:25+02:00
cpmt,COG,AFR,2011,RESIDENCEAREATYPE,RESIDENCEAREATYPE_RUR,41.89714,39.7628,44.06224,41.9 [39.8-44.1],2022-05-26T11:33:54+02:00
cpmt,NGA,AFR,2003,WEALTHQUINTILE,WEALTHQUINTILE_WQ4,13.47522,10.6062,16.97298,13.5 [10.6-17.0],2022-05-26T12:59:45+02:00
cpmt,CMR,AFR,2011,WEALTHDECILE,WEALTHDECILE_WEALTHDECILE07,31.90808,28.08843,35.98721,31.9 [28.1-36.0],2022-05-26T12:02:15+02:00
cpmt,CIV,AFR,2011,WEALTHDECILE,WEALTHDECILE_WEALTHDECILE01,9.16962,6.20944,13.34026,9.2 [6.2-13.3],2022-05-26T12:05:15+02:00
cpmt,ZWE,AFR,1994,RESIDENCEAREATYPE,RESIDENCEAREATYPE_URB,57.57781,54.08757,60.99406,57.6 [54.1-61.0],2022-05-26T11:40:56+02:00
cpmt,BEN,AFR,2017,DHSMICSGEOREGION,DHSMICSGEOREGION_BENDHS201712,15.78478,13.51785,18.3512,15.8 [13.5-18.4],2022-05-26T14:13:29+02:00
cpmt,GIN,AFR,2012,AGEGROUP,AGEGROUP_YEARS15-19,2.77493,1.6927,4.51728,2.8 [1.7-4.5],2022-05-26T11:02:14+02:00
cpmt,MLI,AFR,2012,WEALTHDECILE,WEALTHDECILE_WEALTHDECILE06,7.72705,5.65365,10.47642,7.7 [5.7-10.5],2022-05-26T12:18:56+02:00
cpmt,COM,AFR,1996,EDUCATIONLEVEL,EDUCATIONLEVEL_PRLM,25.91362,21.30188,31.12886,25.9 [21.3-31.1],2022-05-26T11:16:08+02:00
cpmt,SWZ,AFR,2006,RESIDENCEAREATYPE,RESIDENCEAREATYPE_RUR,47.98103,45.28067,50.69324,48.0 [45.3-50.7],2022-05-26T11:34:40+02:00
cpmt,MDG,AFR,2008,WEALTHDECILE,WEALTHDECILE_WEALTHDECILE06,43.12203,38.92097,47.42446,43.1 [38.9-47.4],2022-05-26T12:17:23+02:00
cpmt,GAB,AFR,2012,WEALTHQUINTILE,WEALTHQUINTILE_WQ4,34.47007,29.91438,39.33022,34.5 [29.9-39.3],2022-05-26T12:51:49+02:00
cpmt,COD,AFR,2017,DHSMICSGEOREGION,DHSMICSGEOREGION_CODMICS201716,64.7918,60.10523,69.20986,64.8 [60.1-69.2],2022-05-26T14:19:46+02:00
cpmt,CMR,AFR,2011,AGEGROUP,AGEGROUP_YEARS15-19,16.13853,13.08593,19.74149,16.1 [13.1-19.7],2022-05-26T11:00:20+02:00
cpmt,MLI,AFR,2015,EDUCATIONLEVEL,EDUCATIONLEVEL_PRLM,22.5482,19.72245,25.64946,22.5 [19.7-25.6],2022-05-26T11:20:52+02:00
cpmt,NGA,AFR,2008,AGEGROUP,AGEGROUP_YEARS20-49,15.57869,14.63825,16.56782,15.6 [14.6-16.6],2022-05-26T11:04:53+02:00
cpmt,TZA,AFR,1996,RESIDENCEAREATYPE,RESIDENCEAREATYPE_URB,32.65412,28.43599,37.17294,32.7 [28.4-37.2],2022-05-26T11:40:31+02:00
cpmt,SLE,AFR,2013,WEALTHDECILE,WEALTHDECILE_WEALTHDECILE05,11.94519,9.42672,15.02489,11.9 [9.4-15.0],2022-05-26T12:31:36+02:00
cpmt,GHA,AFR,1993,DHSMICSGEOREGION,DHSMICSGEOREGION_GHADHS199301,26.4,20.08303,33.86202,26.4 [20.1-33.9],2022-05-26T14:23:26+02:00
cpmt,BEN,AFR,2006,WEALTHDECILE,WEALTHDECILE_WEALTHDECILE03,10.966,9.21363,13.00392,11.0 [9.2-13.0],2022-05-26T11:59:22+02:00
cpmt,ETH,AFR,2000,WEALTHQUINTILE,WEALTHQUINTILE_WQ1,3.50413,2.45339,4.9819,3.5 [2.5-5.0],2022-05-26T12:51:31+02:00
cpmt,COG,AFR,2005,WEALTHDECILE,WEALTHDECILE_WEALTHDECILE06,45.45472,39.80279,51.22624,45.5 [39.8-51.2],2022-05-26T12:03:54+02:00
cpmt,UGA,AFR,2016,WEALTHDECILE,WEALTHDECILE_WEALTHDECILE08,46.1477,42.27876,50.0636,46.1 [42.3-50.1],2022-05-26T12:36:05+02:00
cpmt,UGA,AFR,2006,DHSMICSGEOREGION,DHSMICSGEOREGION_UGADHS200607,13.68718,10.02313,18.41651,13.7 [10.0-18.4],2022-05-26T14:50:06+02:00
cpmt,CIV,AFR,2006,WEALTHQUINTILE,WEALTHQUINTILE_WQ2,10.77904,8.80905,13.12618,10.8 [8.8-13.1],2022-05-26T12:49:51+02:00
cpmt,ZWE,AFR,2005,WEALTHQUINTILE,WEALTHQUINTILE_WQ1,47.97773,44.20929,51.76933,48.0 [44.2-51.8],2022-05-26T13:07:53+02:00
cpmt,ZMB,AFR,2001,DHSMICSGEOREGION,DHSMICSGEOREGION_ZMBDHS200109,20.93664,16.38259,26.35758,20.9 [16.4-26.4],2022-05-26T14:53:11+02:00
cpmt,MOZ,AFR,2008,DHSMICSGEOREGION,DHSMICSGEOREGION_MOZMICS200810,34.08501,28.92222,39.65522,34.1 [28.9-39.7],2022-05-26T14:35:00+02:00
cpmt,RWA,AFR,2010,WEALTHDECILE,WEALTHDECILE_WEALTHDECILE07,56.94263,52.6964,61.08916,56.9 [52.7-61.1],2022-05-26T12:28:51+02:00
cpmt,CAF,AFR,2018,AGEGROUP,AGEGROUP_YEARS20-49,18.6694,17.14001,20.30182,18.7 [17.1-20.3],2022-05-26T11:00:28+02:00
cpmt,SEN,AFR,2005,WEALTHDECILE,WEALTHDECILE_WEALTHDECILE08,20.00144,15.88807,24.86493,20.0 [15.9-24.9],2022-05-26T12:29:50+02:00
cpmt,SEN,AFR,2010,RESIDENCEAREATYPE,RESIDENCEAREATYPE_URB,21.97369,19.47519,24.69443,22.0 [19.5-24.7],2022-05-26T11:39:13+02:00
cpmt,GAB,AFR,2012,WEALTHQUINTILE,WEALTHQUINTILE_WQ2,29.28463,25.7415,33.09807,29.3 [25.7-33.1],2022-05-26T12:51:49+02:00
cpmt,SLE,AFR,2019,RESIDENCEAREATYPE,RESIDENCEAREATYPE_RUR,18.49788,16.94288,20.16097,18.5 [16.9-20.2],2022-05-26T11:39:33+02:00
cpmt,CIV,AFR,2006,WEALTHQUINTILE,WEALTHQUINTILE_WQ3,10.33701,8.12651,13.0633,10.3 [8.1-13.1],2022-05-26T12:49:51+02:00
cpmt,ZWE,AFR,1999,DHSMICSGEOREGION,DHSMICSGEOREGION_ZWEDHS199902,53.3492,47.02737,59.56526,53.3 [47.0-59.6],2022-05-26T14:53:40+02:00
cpmt,BEN,AFR,2001,WEALTHDECILE,WEALTHDECILE_WEALTHDECILE06,18.95454,15.77046,22.60893,19.0 [15.8-22.6],2022-05-26T11:59:16+02:00
cpmt,NGA,AFR,2003,EDUCATIONLEVEL,EDUCATIONLEVEL_NHLM,3.97916,3.18572,4.96009,4.0 [3.2-5.0],2022-05-26T11:22:04+02:00
cpmt,MLI,AFR,2001,WEALTHDECILE,WEALTHDECILE_WEALTHDECILE10,26.88014,23.85955,30.1318,26.9 [23.9-30.1],2022-05-26T12:18:38+02:00
cpmt,MRT,AFR,2015,DHSMICSGEOREGION,DHSMICSGEOREGION_MRTMICS201511,25.32018,20.9026,30.31357,25.3 [20.9-30.3],2022-05-26T14:34:11+02:00
cpmt,TGO,AFR,2013,WEALTHDECILE,WEALTHDECILE_WEALTHDECILE10,26.37193,22.97926,30.06994,26.4 [23.0-30.1],2022-05-26T12:34:10+02:00
cpmt,BEN,AFR,2014,WEALTHDECILE,WEALTHDECILE_WEALTHDECILE02,12.68552,10.12475,15.78024,12.7 [10.1-15.8],2022-05-26T11:59:34+02:00
cpmt,GMB,AFR,2013,DHSMICSGEOREGION,DHSMICSGEOREGION_GMBDHS201308,1.28312,0.72836,2.25085,1.3 [0.7-2.3],2022-05-26T14:23:01+02:00
cpmt,NGA,AFR,2011,DHSMICSGEOREGION,DHSMICSGEOREGION_NGAMICS201116,39.33409,34.43478,44.4578,39.3 [34.4-44.5],2022-05-26T14:37:37+02:00
cpmt,COM,AFR,1996,WEALTHDECILE,WEALTHDECILE_WEALTHDECILE09,29.09091,21.73811,37.7317,29.1 [21.7-37.7],2022-05-26T12:03:44+02:00
cpmt,MLI,AFR,2012,WEALTHQUINTILE,WEALTHQUINTILE_WQ4,13.57605,11.50339,15.95482,13.6 [11.5-16.0],2022-05-26T12:57:32+02:00
cpmt,BFA,AFR,2010,DHSMICSGEOREGION,DHSMICSGEOREGION_BFADHS201007,16.76916,13.59522,20.5082,16.8 [13.6-20.5],2022-05-26T14:14:37+02:00
cpmt,BEN,AFR,2014,WEALTHQUINTILE,WEALTHQUINTILE_WQ3,16.38709,14.26677,18.75361,16.4 [14.3-18.8],2022-05-26T12:46:56+02:00
cpmt,GIN,AFR,2012,DHSMICSGEOREGION,DHSMICSGEOREGION_GINDHS201208,8.05594,5.36894,11.91833,8.1 [5.4-11.9],2022-05-26T14:24:41+02:00
cpmt,COD,AFR,2013,RESIDENCEAREATYPE,RESIDENCEAREATYPE_RUR,15.40943,12.74599,18.51136,15.4 [12.7-18.5],2022-05-26T11:34:13+02:00
cpmt,CAF,AFR,2010,DHSMICSGEOREGION,DHSMICSGEOREGION_CAFMICS201009,10.90987,8.27416,14.2547,10.9 [8.3-14.3],2022-05-26T14:16:50+02:00
cpmt,GHA,AFR,1993,WEALTHDECILE,WEALTHDECILE_WEALTHDECILE07,23.47267,19.38067,28.12721,23.5 [19.4-28.1],2022-05-26T12:09:32+02:00
cpmt,COD,AFR,2010,EDUCATIONLEVEL,EDUCATIONLEVEL_SHLM,26.16925,23.46298,29.06912,26.2 [23.5-29.1],2022-05-26T11:16:42+02:00
cpmt,COM,AFR,1996,AGEGROUP,AGEGROUP_YEARS20-49,21.57623,19.3101,24.0291,21.6 [19.3-24.0],2022-05-26T11:00:42+02:00
cpmt,BEN,AFR,2001,WEALTHQUINTILE,WEALTHQUINTILE_WQ4,20.32713,17.09797,23.98966,20.3 [17.1-24.0],2022-05-26T12:46:47+02:00
cpmt,TCD,AFR,1996,DHSMICSGEOREGION,DHSMICSGEOREGION_TCDDHS199606,1.27503,0.44572,3.59172,1.3 [0.4-3.6],2022-05-26T14:17:05+02:00
cpmt,ZWE,AFR,1999,WEALTHDECILE,WEALTHDECILE_WEALTHDECILE08,57.92593,51.6591,63.94732,57.9 [51.7-63.9],2022-05-26T12:38:51+02:00
cpmt,LSO,AFR,2009,WEALTHQUINTILE,WEALTHQUINTILE_WQ4,49.45008,45.51355,53.39345,49.5 [45.5-53.4],2022-05-26T12:56:16+02:00
cpmt,SEN,AFR,2014,AGEGROUP,AGEGROUP_YEARS15-19,12.40006,5.92104,24.14885,12.4 [5.9-24.1],2022-05-26T11:06:09+02:00
cpmt,CIV,AFR,2011,WEALTHDECILE,WEALTHDECILE_WEALTHDECILE06,15.35619,12.07405,19.33435,15.4 [12.1-19.3],2022-05-26T12:05:15+02:00
cpmt,TGO,AFR,1998,DHSMICSGEOREGION,DHSMICSGEOREGION_TGODHS199801,25.22869,21.90032,28.87588,25.2 [21.9-28.9],2022-05-26T14:48:52+02:00
cpmt,BFA,AFR,2006,WEALTHQUINTILE,WEALTHQUINTILE_WQ2,8.71898,6.85327,11.03244,8.7 [6.9-11.0],2022-05-26T12:47:32+02:00
cpmt,BEN,AFR,2014,DHSMICSGEOREGION,DHSMICSGEOREGION_BENMICS201411,16.57312,13.16456,20.6543,16.6 [13.2-20.7],2022-05-26T14:13:21+02:00
cpmt,LBR,AFR,2013,RESIDENCEAREATYPE,RESIDENCEAREATYPE_RUR,16.78989,14.89358,18.8741,16.8 [14.9-18.9],2022-05-26T11:36:39+02:00
cpmt,TCD,AFR,2014,WEALTHDECILE,WEALTHDECILE_WEALTHDECILE03,4.63591,3.28265,6.5095,4.6 [3.3-6.5],2022-05-26T12:03:08+02:00
cpmt,TCD,AFR,2010,RESIDENCEAREATYPE,RESIDENCEAREATYPE_RUR,3.61681,2.80206,4.65712,3.6 [2.8-4.7],2022-05-26T11:33:41+02:00
cpmt,NGA,AFR,2013,RESIDENCEAREATYPE,RESIDENCEAREATYPE_RUR,8.48742,7.54857,9.53099,8.5 [7.5-9.5],2022-05-26T11:38:03+02:00
cpmt,MOZ,AFR,2008,DHSMICSGEOREGION,DHSMICSGEOREGION_MOZMICS200802,3.17327,1.89697,5.26224,3.2 [1.9-5.3],2022-05-26T14:35:00+02:00
cpmt,MOZ,AFR,1997,WEALTHDECILE,WEALTHDECILE_WEALTHDECILE10,26.09683,18.19511,35.92318,26.1 [18.2-35.9],2022-05-26T12:20:20+02:00
cpmt,SEN,AFR,2014,WEALTHDECILE,WEALTHDECILE_WEALTHDECILE02,13.3124,10.4004,16.88608,13.3 [10.4-16.9],2022-05-26T12:30:11+02:00
cpmt,STP,AFR,2008,WEALTHQUINTILE,WEALTHQUINTILE_WQ1,35.4944,29.11361,42.43645,35.5 [29.1-42.4],2022-05-26T13:02:50+02:00
cpmt,BDI,AFR,2016,DHSMICSGEOREGION,DHSMICSGEOREGION_BDIDHS201616,23.67101,18.87768,29.24271,23.7 [18.9-29.2],2022-05-26T14:14:54+02:00
cpmt,COG,AFR,2014,RESIDENCEAREATYPE,RESIDENCEAREATYPE_URB,28.99669,26.65853,31.45199,29.0 [26.7-31.5],2022-05-26T11:33:55+02:00
cpmt,ETH,AFR,2011,EDUCATIONLEVEL,EDUCATIONLEVEL_NHLM,22.16716,19.73109,24.81104,22.2 [19.7-24.8],2022-05-26T11:17:36+02:00
cpmt,TGO,AFR,1998,WEALTHDECILE,WEALTHDECILE_WEALTHDECILE02,20.23559,16.63997,24.38091,20.2 [16.6-24.4],2022-05-26T12:33:51+02:00
cpmt,TZA,AFR,2004,DHSMICSGEOREGION,DHSMICSGEOREGION_TZADHS200410,41.56274,36.02962,47.31706,41.6 [36.0-47.3],2022-05-26T14:51:19+02:00
cpmt,BEN,AFR,2006,WEALTHQUINTILE,WEALTHQUINTILE_WQ2,11.52578,10.08935,13.13684,11.5 [10.1-13.1],2022-05-26T12:46:50+02:00
cpmt,TZA,AFR,1999,DHSMICSGEOREGION,DHSMICSGEOREGION_TZADHS199919,13.78863,10.56652,17.79774,13.8 [10.6-17.8],2022-05-26T14:51:06+02:00
cpmt,CIV,AFR,1998,DHSMICSGEOREGION,DHSMICSGEOREGION_CIVDHS199801,27.05359,22.39108,32.28311,27.1 [22.4-32.3],2022-05-26T14:19:00+02:00
cpmt,UGA,AFR,2011,DHSMICSGEOREGION,DHSMICSGEOREGION_UGADHS201104,31.96099,26.55739,37.89672,32.0 [26.6-37.9],2022-05-26T14:50:11+02:00
cpmt,SEN,AFR,2015,WEALTHQUINTILE,WEALTHQUINTILE_WQ2,16.9976,14.41068,19.94073,17.0 [14.4-19.9],2022-05-26T13:03:16+02:00
cpmt,BDI,AFR,2010,WEALTHDECILE,WEALTHDECILE_WEALTHDECILE05,21.36517,17.62277,25.6548,21.4 [17.6-25.7],2022-05-26T12:01:12+02:00
cpmt,SLE,AFR,2010,WEALTHQUINTILE,WEALTHQUINTILE_WQ4,13.78985,11.69287,16.19394,13.8 [11.7-16.2],2022-05-26T13:03:52+02:00
cpmt,CMR,AFR,2004,EDUCATIONLEVEL,EDUCATIONLEVEL_PRLM,25.21649,23.39546,27.12907,25.2 [23.4-27.1],2022-05-26T11:15:35+02:00
cpmt,SWZ,AFR,2010,DHSMICSGEOREGION,DHSMICSGEOREGION_SWZMICS201004,63.28067,58.35898,67.94022,63.3 [58.4-67.9],2022-05-26T14:22:06+02:00
cpmt,CAF,AFR,1994,DHSMICSGEOREGION,DHSMICSGEOREGION_CAFDHS199401,16.62162,14.73164,18.7009,16.6 [14.7-18.7],2022-05-26T14:16:35+02:00
cpmt,TZA,AFR,2004,WEALTHDECILE,WEALTHDECILE_WEALTHDECILE03,17.81072,14.28657,21.98126,17.8 [14.3-22.0],2022-05-26T12:36:46+02:00
cpmt,TGO,AFR,2010,RESIDENCEAREATYPE,RESIDENCEAREATYPE_RUR,13.6488,12.04489,15.42883,13.6 [12.0-15.4],2022-05-26T11:40:00+02:00
cpmt,CAF,AFR,2010,WEALTHDECILE,WEALTHDECILE_WEALTHDECILE03,7.85091,5.88028,10.40891,7.9 [5.9-10.4],2022-05-26T12:02:42+02:00
cpmt,TGO,AFR,2010,DHSMICSGEOREGION,DHSMICSGEOREGION_TGOMICS201001,17.69606,14.26784,21.73913,17.7 [14.3-21.7],2022-05-26T14:48:59+02:00
cpmt,SWZ,AFR,2014,DHSMICSGEOREGION,DHSMICSGEOREGION_SWZMICS201404,61.62804,56.62433,66.39706,61.6 [56.6-66.4],2022-05-26T14:22:08+02:00
cpmt,TZA,AFR,2015,WEALTHDECILE,WEALTHDECILE_WEALTHDECILE08,46.23517,41.96549,50.56078,46.2 [42.0-50.6],2022-05-26T12:36:59+02:00
cpmt,BEN,AFR,2006,DHSMICSGEOREGION,DHSMICSGEOREGION_BENDHS200607,6.60871,4.72019,9.18003,6.6 [4.7-9.2],2022-05-26T14:13:06+02:00
cpmt,TCD,AFR,2004,DHSMICSGEOREGION,DHSMICSGEOREGION_TCDDHS200406,12.19984,6.27371,22.38673,12.2 [6.3-22.4],2022-05-26T14:17:13+02:00
cpmt,NGA,AFR,2011,AGEGROUP,AGEGROUP_YEARS15-19,3.53425,2.50165,4.97133,3.5 [2.5-5.0],2022-05-26T11:04:54+02:00
cpmt,BFA,AFR,2006,DHSMICSGEOREGION,DHSMICSGEOREGION_BFAMICS200612,4.62117,2.27571,9.15748,4.6 [2.3-9.2],2022-05-26T14:14:29+02:00
cpmt,TGO,AFR,2017,WEALTHDECILE,WEALTHDECILE_WEALTHDECILE10,33.80608,28.80074,39.20235,33.8 [28.8-39.2],2022-05-26T12:34:17+02:00
cpmt,SEN,AFR,2012,WEALTHDECILE,WEALTHDECILE_WEALTHDECILE02,8.21585,6.23396,10.75554,8.2 [6.2-10.8],2022-05-26T12:30:04+02:00
cpmt,TCD,AFR,2019,DHSMICSGEOREGION,DHSMICSGEOREGION_TCDMICS201910,8.7743,6.26529,12.15775,8.8 [6.3-12.2],2022-05-26T14:17:44+02:00
cpmt,ZMB,AFR,2013,DHSMICSGEOREGION,DHSMICSGEOREGION_ZMBDHS201306,45.04603,39.85699,50.34513,45.0 [39.9-50.3],2022-05-26T14:53:22+02:00
cpmt,MLI,AFR,2006,DHSMICSGEOREGION,DHSMICSGEOREGION_MLIDHS200609,19.59087,17.34984,22.04415,19.6 [17.3-22.0],2022-05-26T14:33:29+02:00
cpmt,ZMB,AFR,1996,DHSMICSGEOREGION,DHSMICSGEOREGION_ZMBDHS199607,41.67865,36.96491,46.54959,41.7 [37.0-46.5],2022-05-26T14:53:06+02:00
cpmt,TZA,AFR,2015,DHSMICSGEOREGION,DHSMICSGEOREGION_TZADHS201515,36.41492,29.50218,43.93789,36.4 [29.5-43.9],2022-05-26T14:51:51+02:00
cpmt,CIV,AFR,2006,AGEGROUP,AGEGROUP_YEARS15-19,16.31408,11.91993,21.92486,16.3 [11.9-21.9],2022-05-26T11:01:00+02:00
cpmt,TCD,AFR,2010,WEALTHQUINTILE,WEALTHQUINTILE_WQ2,3.94577,2.70042,5.73159,3.9 [2.7-5.7],2022-05-26T12:48:38+02:00
cpmt,CIV,AFR,2011,WEALTHDECILE,WEALTHDECILE_WEALTHDECILE08,26.70688,22.05869,31.93324,26.7 [22.1-31.9],2022-05-26T12:05:15+02:00
cpmt,ZWE,AFR,2014,WEALTHDECILE,WEALTHDECILE_WEALTHDECILE04,62.31462,58.63039,65.86179,62.3 [58.6-65.9],2022-05-26T12:39:16+02:00
cpmt,ZMB,AFR,2007,WEALTHDECILE,WEALTHDECILE_WEALTHDECILE05,31.88774,26.99642,37.21355,31.9 [27.0-37.2],2022-05-26T12:38:26+02:00
cpmt,KEN,AFR,2014,EDUCATIONLEVEL,EDUCATIONLEVEL_NHLM,17.66538,15.45047,20.12224,17.7 [15.5-20.1],2022-05-26T11:19:51+02:00
cpmt,KEN,AFR,2003,DHSMICSGEOREGION,DHSMICSGEOREGION_KENDHS200304,50.64771,43.65949,57.61071,50.6 [43.7-57.6],2022-05-26T14:30:43+02:00
cpmt,TZA,AFR,2010,DHSMICSGEOREGION,DHSMICSGEOREGION_TZADHS201001,29.36987,22.2928,37.60634,29.4 [22.3-37.6],2022-05-26T14:51:35+02:00
cpmt,KEN,AFR,2014,WEALTHDECILE,WEALTHDECILE_WEALTHDECILE08,67.11308,63.79763,70.26641,67.1 [63.8-70.3],2022-05-26T12:15:35+02:00
cpmt,LSO,AFR,2014,WEALTHDECILE,WEALTHDECILE_WEALTHDECILE06,62.33408,56.06086,68.2194,62.3 [56.1-68.2],2022-05-26T12:16:44+02:00
cpmt,ETH,AFR,2016,EDUCATIONLEVEL,EDUCATIONLEVEL_NHLM,31.15209,28.44607,33.99324,31.2 [28.4-34.0],2022-05-26T11:17:38+02:00
cpmt,COM,AFR,2012,EDUCATIONLEVEL,EDUCATIONLEVEL_NHLM,12.85757,10.25767,15.99895,12.9 [10.3-16.0],2022-05-26T11:16:10+02:00
cpmt,SLE,AFR,2017,WEALTHQUINTILE,WEALTHQUINTILE_WQ5,30.28539,27.45669,33.27185,30.3 [27.5-33.3],2022-05-26T13:03:59+02:00
cpmt,GIN,AFR,2018,WEALTHDECILE,WEALTHDECILE_WEALTHDECILE01,4.40368,3.12635,6.16967,4.4 [3.1-6.2],2022-05-26T12:11:08+02:00
cpmt,MDG,AFR,2008,DHSMICSGEOREGION,DHSMICSGEOREGION_MDGDHS200821,34.31455,29.22062,39.7972,34.3 [29.2-39.8],2022-05-26T14:32:21+02:00
cpmt,MWI,AFR,2004,AGEGROUP,AGEGROUP_YEARS15-19,18.93399,16.02522,22.23096,18.9 [16.0-22.2],2022-05-26T11:03:46+02:00
cpmt,GHA,AFR,2014,DHSMICSGEOREGION,DHSMICSGEOREGION_GHADHS201409,23.70839,19.85611,28.0465,23.7 [19.9-28.0],2022-05-26T14:24:01+02:00
cpmt,BEN,AFR,2017,WEALTHDECILE,WEALTHDECILE_WEALTHDECILE04,12.52556,10.50343,14.8723,12.5 [10.5-14.9],2022-05-26T11:59:40+02:00
cpmt,MDG,AFR,2008,DHSMICSGEOREGION,DHSMICSGEOREGION_MDGDHS200815,36.54861,29.1869,44.59774,36.5 [29.2-44.6],2022-05-26T14:32:21+02:00
cpmt,TCD,AFR,2014,WEALTHQUINTILE,WEALTHQUINTILE_WQ3,4.96361,3.6455,6.72505,5.0 [3.6-6.7],2022-05-26T12:48:41+02:00
cpmt,UGA,AFR,2006,WEALTHDECILE,WEALTHDECILE_WEALTHDECILE06,18.81745,15.03809,23.2863,18.8 [15.0-23.3],2022-05-26T12:35:53+02:00
cpmt,ETH,AFR,2016,RESIDENCEAREATYPE,RESIDENCEAREATYPE_RUR,32.76696,30.03868,35.61689,32.8 [30.0-35.6],2022-05-26T11:34:47+02:00
cpmt,NAM,AFR,2006,WEALTHQUINTILE,WEALTHQUINTILE_WQ5,71.09228,67.0014,74.86626,71.1 [67.0-74.9],2022-05-26T12:58:46+02:00
cpmt,ZWE,AFR,2009,WEALTHDECILE,WEALTHDECILE_WEALTHDECILE04,66.96328,62.99561,70.70337,67.0 [63.0-70.7],2022-05-26T12:39:04+02:00
cpmt,TZA,AFR,2015,DHSMICSGEOREGION,DHSMICSGEOREGION_TZADHS201528,30.03157,24.62212,36.06092,30.0 [24.6-36.1],2022-05-26T14:51:51+02:00
cpmt,RWA,AFR,2010,EDUCATIONLEVEL,EDUCATIONLEVEL_SHLM,60.30011,56.64167,63.84689,60.3 [56.6-63.8],2022-05-26T11:23:32+02:00
cpmt,BDI,AFR,2016,DHSMICSGEOREGION,DHSMICSGEOREGION_BDIDHS201618,25.23142,19.11296,32.52103,25.2 [19.1-32.5],2022-05-26T14:14:54+02:00
cpmt,COD,AFR,2007,EDUCATIONLEVEL,EDUCATIONLEVEL_SHLM,29.62828,26.98713,32.41316,29.6 [27.0-32.4],2022-05-26T11:16:41+02:00
cpmt,RWA,AFR,2010,WEALTHDECILE,WEALTHDECILE_WEALTHDECILE06,56.61234,52.8834,60.26788,56.6 [52.9-60.3],2022-05-26T12:28:51+02:00
cpmt,SEN,AFR,2019,DHSMICSGEOREGION,DHSMICSGEOREGION_SENDHS201911,12.0156,8.25694,17.16511,12.0 [8.3-17.2],2022-05-26T14:46:41+02:00
cpmt,COG,AFR,2005,WEALTHQUINTILE,WEALTHQUINTILE_WQ2,37.90261,32.03736,44.14418,37.9 [32.0-44.1],2022-05-26T12:49:11+02:00
cpmt,TZA,AFR,2015,DHSMICSGEOREGION,DHSMICSGEOREGION_TZADHS201520,33.06193,27.83411,38.74449,33.1 [27.8-38.7],2022-05-26T14:51:51+02:00
cpmt,MRT,AFR,2015,DHSMICSGEOREGION,DHSMICSGEOREGION_MRTMICS201508,25.36854,20.9983,30.29949,25.4 [21.0-30.3],2022-05-26T14:34:11+02:00
cpmt,ZWE,AFR,2015,WEALTHQUINTILE,WEALTHQUINTILE_WQ5,73.36755,70.69606,75.8786,73.4 [70.7-75.9],2022-05-26T13:08:07+02:00
cpmt,SEN,AFR,2015,WEALTHDECILE,WEALTHDECILE_WEALTHDECILE06,25.96924,21.08248,31.53606,26.0 [21.1-31.5],2022-05-26T12:30:18+02:00
cpmt,CIV,AFR,2011,AGEGROUP,AGEGROUP_YEARS20-49,18.69979,16.86419,20.68548,18.7 [16.9-20.7],2022-05-26T11:01:01+02:00
cpmt,ZMB,AFR,2007,WEALTHDECILE,WEALTHDECILE_WEALTHDECILE02,35.97823,31.36124,40.8702,36.0 [31.4-40.9],2022-05-26T12:38:26+02:00
cpmt,SLE,AFR,2008,EDUCATIONLEVEL,EDUCATIONLEVEL_SHLM,22.29119,18.78695,26.23788,22.3 [18.8-26.2],2022-05-26T11:24:12+02:00
cpmt,UGA,AFR,2000,WEALTHDECILE,WEALTHDECILE_WEALTHDECILE02,15.28868,11.7652,19.63259,15.3 [11.8-19.6],2022-05-26T12:35:46+02:00
cpmt,GIN,AFR,2016,DHSMICSGEOREGION,DHSMICSGEOREGION_GINMICS201601,9.6108,7.22104,12.68332,9.6 [7.2-12.7],2022-05-26T14:24:45+02:00
cpmt,TGO,AFR,2006,WEALTHDECILE,WEALTHDECILE_WEALTHDECILE09,15.43367,11.95908,19.69198,15.4 [12.0-19.7],2022-05-26T12:33:57+02:00
cpmt,TCD,AFR,2010,WEALTHDECILE,WEALTHDECILE_WEALTHDECILE10,12.35595,9.90316,15.31297,12.4 [9.9-15.3],2022-05-26T12:03:03+02:00
cpmt,MDG,AFR,2008,DHSMICSGEOREGION,DHSMICSGEOREGION_MDGDHS200819,30.23686,19.86286,43.11403,30.2 [19.9-43.1],2022-05-26T14:32:21+02:00
cpmt,GHA,AFR,2006,DHSMICSGEOREGION,DHSMICSGEOREGION_GHAMICS200601,8.56026,5.50389,13.07895,8.6 [5.5-13.1],2022-05-26T14:23:43+02:00
cpmt,SEN,AFR,2012,WEALTHDECILE,WEALTHDECILE_WEALTHDECILE01,6.26673,3.83398,10.08128,6.3 [3.8-10.1],2022-05-26T12:30:04+02:00
cpmt,SEN,AFR,2016,AGEGROUP,AGEGROUP_YEARS15-19,6.6726,4.59734,9.59046,6.7 [4.6-9.6],2022-05-26T11:06:11+02:00
cpmt,ZMB,AFR,2013,WEALTHQUINTILE,WEALTHQUINTILE_WQ5,61.73552,58.45657,64.91102,61.7 [58.5-64.9],2022-05-26T13:07:40+02:00
cpmt,MLI,AFR,1995,EDUCATIONLEVEL,EDUCATIONLEVEL_PRLM,16.09163,13.03094,19.7083,16.1 [13.0-19.7],2022-05-26T11:20:44+02:00
cpmt,BFA,AFR,1998,AGEGROUP,AGEGROUP_YEARS15-19,7.82557,5.52432,10.97408,7.8 [5.5-11.0],2022-05-26T11:00:02+02:00
cpmt,TGO,AFR,1998,RESIDENCEAREATYPE,RESIDENCEAREATYPE_URB,26.9806,24.69629,29.39373,27.0 [24.7-29.4],2022-05-26T11:39:57+02:00
cpmt,NGA,AFR,2011,DHSMICSGEOREGION,DHSMICSGEOREGION_NGAMICS201102,5.47698,3.48083,8.51685,5.5 [3.5-8.5],2022-05-26T14:37:37+02:00
cpmt,TZA,AFR,1996,WEALTHDECILE,WEALTHDECILE_WEALTHDECILE10,42.25193,38.03436,46.58558,42.3 [38.0-46.6],2022-05-26T12:36:34+02:00
cpmt,KEN,AFR,1998,WEALTHQUINTILE,WEALTHQUINTILE_WQ2,30.38798,27.08308,33.90863,30.4 [27.1-33.9],2022-05-26T12:55:29+02:00
cpmt,NGA,AFR,2018,WEALTHQUINTILE,WEALTHQUINTILE_WQ4,25.22073,22.32233,28.35808,25.2 [22.3-28.4],2022-05-26T13:00:04+02:00
cpmt,RWA,AFR,2000,DHSMICSGEOREGION,DHSMICSGEOREGION_RWADHS200007,16.66667,13.89187,19.86783,16.7 [13.9-19.9],2022-05-26T14:45:02+02:00
cpmt,NGA,AFR,2007,DHSMICSGEOREGION,DHSMICSGEOREGION_NGAMICS200704,27.72727,21.46572,35.00129,27.7 [21.5-35.0],2022-05-26T14:37:13+02:00
cpmt,BFA,AFR,1998,WEALTHQUINTILE,WEALTHQUINTILE_WQ1,7.99921,5.72616,11.06862,8.0 [5.7-11.1],2022-05-26T12:47:26+02:00
cpmt,GHA,AFR,2003,WEALTHDECILE,WEALTHDECILE_WEALTHDECILE10,39.58726,34.29956,45.13018,39.6 [34.3-45.1],2022-05-26T12:09:44+02:00
cpmt,TZA,AFR,2004,DHSMICSGEOREGION,DHSMICSGEOREGION_TZADHS200401,23.76516,17.46092,31.47749,23.8 [17.5-31.5],2022-05-26T14:51:19+02:00
cpmt,CMR,AFR,2011,WEALTHDECILE,WEALTHDECILE_WEALTHDECILE10,43.25414,39.3798,47.21279,43.3 [39.4-47.2],2022-05-26T12:02:15+02:00
cpmt,MLI,AFR,2015,AGEGROUP,AGEGROUP_YEARS15-19,8.06729,6.44777,10.04991,8.1 [6.4-10.0],2022-05-26T11:04:02+02:00
cpmt,RWA,AFR,2005,WEALTHDECILE,WEALTHDECILE_WEALTHDECILE02,11.74852,9.17207,14.92974,11.7 [9.2-14.9],2022-05-26T12:28:45+02:00
cpmt,STP,AFR,2019,WEALTHDECILE,WEALTHDECILE_WEALTHDECILE02,45.2319,37.77954,52.90436,45.2 [37.8-52.9],2022-05-26T12:29:37+02:00
cpmt,KEN,AFR,2014,DHSMICSGEOREGION,DHSMICSGEOREGION_KENDHS201402,3.35134,2.21406,5.04266,3.4 [2.2-5.0],2022-05-26T14:30:52+02:00
cpmt,SEN,AFR,2010,AGEGROUP,AGEGROUP_YEARS15-19,5.7579,3.87811,8.46858,5.8 [3.9-8.5],2022-05-26T11:06:06+02:00
cpmt,GIN,AFR,2012,WEALTHQUINTILE,WEALTHQUINTILE_WQ4,5.82964,4.57619,7.39978,5.8 [4.6-7.4],2022-05-26T12:53:02+02:00
cpmt,SWZ,AFR,2006,WEALTHDECILE,WEALTHDECILE_WEALTHDECILE08,53.24876,46.37779,59.99869,53.2 [46.4-60.0],2022-05-26T12:07:51+02:00
cpmt,SWZ,AFR,2006,WEALTHQUINTILE,WEALTHQUINTILE_WQ1,37.19448,31.07682,43.75196,37.2 [31.1-43.8],2022-05-26T12:51:21+02:00
cpmt,MOZ,AFR,1997,WEALTHDECILE,WEALTHDECILE_WEALTHDECILE01,1.33366,0.6574,2.68674,1.3 [0.7-2.7],2022-05-26T12:20:20+02:00
cpmt,CAF,AFR,2006,DHSMICSGEOREGION,DHSMICSGEOREGION_CAFMICS200606,13.97379,11.45404,16.94179,14.0 [11.5-16.9],2022-05-26T14:16:40+02:00
cpmt,RWA,AFR,2005,EDUCATIONLEVEL,EDUCATIONLEVEL_SHLM,40.35887,35.31551,45.61456,40.4 [35.3-45.6],2022-05-26T11:23:30+02:00
cpmt,STP,AFR,2014,EDUCATIONLEVEL,EDUCATIONLEVEL_NHLM,25.3228,16.17212,37.34458,25.3 [16.2-37.3],2022-05-26T11:23:42+02:00
cpmt,MDG,AFR,2018,AGEGROUP,AGEGROUP_YEARS20-49,45.95229,44.2644,47.64952,46.0 [44.3-47.6],2022-05-26T11:03:43+02:00
cpmt,DZA,AFR,2012,WEALTHDECILE,WEALTHDECILE_WEALTHDECILE03,55.98025,52.96137,58.95553,56.0 [53.0-59.0],2022-05-26T11:56:15+02:00
cpmt,ZMB,AFR,2001,WEALTHDECILE,WEALTHDECILE_WEALTHDECILE04,23.51759,20.54149,26.77955,23.5 [20.5-26.8],2022-05-26T12:38:20+02:00
cpmt,LSO,AFR,2018,EDUCATIONLEVEL,EDUCATIONLEVEL_SHLM,65.76528,62.93172,68.4907,65.8 [62.9-68.5],2022-05-26T11:20:15+02:00
cpmt,TCD,AFR,2014,WEALTHQUINTILE,WEALTHQUINTILE_WQ5,11.74689,9.9643,13.7995,11.7 [10.0-13.8],2022-05-26T12:48:41+02:00
cpmt,CIV,AFR,1994,WEALTHDECILE,WEALTHDECILE_WEALTHDECILE09,19.68875,15.51076,24.66361,19.7 [15.5-24.7],2022-05-26T12:04:57+02:00
cpmt,TGO,AFR,2017,WEALTHDECILE,WEALTHDECILE_WEALTHDECILE03,20.34854,16.38933,24.97844,20.3 [16.4-25.0],2022-05-26T12:34:17+02:00
cpmt,SLE,AFR,2010,WEALTHDECILE,WEALTHDECILE_WEALTHDECILE06,11.97248,9.48064,15.01064,12.0 [9.5-15.0],2022-05-26T12:31:30+02:00
cpmt,LSO,AFR,2004,WEALTHQUINTILE,WEALTHQUINTILE_WQ4,40.97434,36.43658,45.67118,41.0 [36.4-45.7],2022-05-26T12:56:13+02:00
cpmt,GNB,AFR,2014,WEALTHDECILE,WEALTHDECILE_WEALTHDECILE04,10.81872,8.07563,14.34813,10.8 [8.1-14.3],2022-05-26T12:11:19+02:00
cpmt,NAM,AFR,2000,WEALTHDECILE,WEALTHDECILE_WEALTHDECILE03,35.6073,25.35709,47.37139,35.6 [25.4-47.4],2022-05-26T12:20:56+02:00
cpmt,ETH,AFR,2016,DHSMICSGEOREGION,DHSMICSGEOREGION_ETHDHS201601,36.3004,32.13249,40.68484,36.3 [32.1-40.7],2022-05-26T14:22:30+02:00
cpmt,NGA,AFR,2007,AGEGROUP,AGEGROUP_YEARS15-19,4.18939,2.79339,6.23825,4.2 [2.8-6.2],2022-05-26T11:04:51+02:00
cpmt,SLE,AFR,2008,EDUCATIONLEVEL,EDUCATIONLEVEL_NHLM,5.71468,4.90853,6.64397,5.7 [4.9-6.6],2022-05-26T11:24:12+02:00
cpmt,CMR,AFR,2011,WEALTHDECILE,WEALTHDECILE_WEALTHDECILE08,37.23398,33.69057,40.92008,37.2 [33.7-40.9],2022-05-26T12:02:15+02:00
cpmt,GMB,AFR,2018,DHSMICSGEOREGION,DHSMICSGEOREGION_GMBMICS201806,16.64597,13.48583,20.37226,16.6 [13.5-20.4],2022-05-26T14:23:05+02:00
cpmt,RWA,AFR,2019,WEALTHDECILE,WEALTHDECILE_WEALTHDECILE04,65.89433,62.1856,69.41821,65.9 [62.2-69.4],2022-05-26T12:29:04+02:00
cpmt,BFA,AFR,2003,DHSMICSGEOREGION,DHSMICSGEOREGION_BFADHS200302,13.0255,9.22241,18.08446,13.0 [9.2-18.1],2022-05-26T14:14:20+02:00
cpmt,COG,AFR,2014,DHSMICSGEOREGION,DHSMICSGEOREGION_COGMICS201409,28.41675,23.79891,33.53629,28.4 [23.8-33.5],2022-05-26T14:18:24+02:00
cpmt,SLE,AFR,2017,DHSMICSGEOREGION,DHSMICSGEOREGION_SLEMICS201702,18.01571,16.23275,19.94787,18.0 [16.2-19.9],2022-05-26T14:47:05+02:00
cpmt,KEN,AFR,2014,DHSMICSGEOREGION,DHSMICSGEOREGION_KENDHS201407,56.42483,54.05867,58.76209,56.4 [54.1-58.8],2022-05-26T14:30:52+02:00
cpmt,ZWE,AFR,2010,DHSMICSGEOREGION,DHSMICSGEOREGION_ZWEDHS201010,61.01463,54.93468,66.77049,61.0 [54.9-66.8],2022-05-26T14:53:58+02:00
cpmt,GIN,AFR,2016,EDUCATIONLEVEL,EDUCATIONLEVEL_PRLM,7.9737,6.21665,10.17349,8.0 [6.2-10.2],2022-05-26T11:18:28+02:00
cpmt,CAF,AFR,2018,WEALTHDECILE,WEALTHDECILE_WEALTHDECILE02,11.90251,8.60981,16.23082,11.9 [8.6-16.2],2022-05-26T12:02:47+02:00
cpmt,ZMB,AFR,2007,EDUCATIONLEVEL,EDUCATIONLEVEL_PRLM,37.77253,35.53344,40.06504,37.8 [35.5-40.1],2022-05-26T11:26:15+02:00
cpmt,GHA,AFR,2008,WEALTHQUINTILE,WEALTHQUINTILE_WQ1,14.21282,10.94633,18.25426,14.2 [10.9-18.3],2022-05-26T12:52:27+02:00
cpmt,CMR,AFR,2011,WEALTHDECILE,WEALTHDECILE_WEALTHDECILE01,2.03307,1.13189,3.62542,2.0 [1.1-3.6],2022-05-26T12:02:15+02:00
cpmt,NGA,AFR,2016,EDUCATIONLEVEL,EDUCATIONLEVEL_PRLM,16.42062,14.9849,17.96484,16.4 [15.0-18.0],2022-05-26T11:22:13+02:00
cpmt,TZA,AFR,1996,DHSMICSGEOREGION,DHSMICSGEOREGION_TZADHS199605,18.5654,12.70962,26.30607,18.6 [12.7-26.3],2022-05-26T14:50:53+02:00
cpmt,ZWE,AFR,1994,WEALTHDECILE,WEALTHDECILE_WEALTHDECILE07,50.60324,45.66051,55.53421,50.6 [45.7-55.5],2022-05-26T12:38:45+02:00
cpmt,STP,AFR,2008,EDUCATIONLEVEL,EDUCATIONLEVEL_PRLM,40.73948,36.66494,44.94549,40.7 [36.7-44.9],2022-05-26T11:23:40+02:00
cpmt,COG,AFR,2005,WEALTHQUINTILE,WEALTHQUINTILE_WQ4,50.0397,46.06339,54.01549,50.0 [46.1-54.0],2022-05-26T12:49:11+02:00
cpmt,GHA,AFR,1993,DHSMICSGEOREGION,DHSMICSGEOREGION_GHADHS199304,25.2149,21.04689,29.89577,25.2 [21.0-29.9],2022-05-26T14:23:26+02:00
cpmt,TGO,AFR,2013,DHSMICSGEOREGION,DHSMICSGEOREGION_TGODHS201303,18.74748,15.22135,22.87011,18.7 [15.2-22.9],2022-05-26T14:49:03+02:00
cpmt,SSD,AFR,2010,DHSMICSGEOREGION,DHSMICSGEOREGION_SSDMICS201009,12.58827,9.77085,16.07337,12.6 [9.8-16.1],2022-05-26T14:47:24+02:00
cpmt,UGA,AFR,2016,DHSMICSGEOREGION,DHSMICSGEOREGION_UGADHS201609,43.02263,38.20486,47.97626,43.0 [38.2-48.0],2022-05-26T14:50:18+02:00
cpmt,MWI,AFR,2013,EDUCATIONLEVEL,EDUCATIONLEVEL_PRLM,58.78522,57.35604,60.19975,58.8 [57.4-60.2],2022-05-26T11:20:35+02:00
cpmt,TZA,AFR,2010,DHSMICSGEOREGION,DHSMICSGEOREGION_TZADHS201013,27.83315,21.03179,35.83586,27.8 [21.0-35.8],2022-05-26T14:51:35+02:00
cpmt,TZA,AFR,2010,EDUCATIONLEVEL,EDUCATIONLEVEL_PRLM,36.68069,34.60316,38.80893,36.7 [34.6-38.8],2022-05-26T11:25:48+02:00
cpmt,ZWE,AFR,2010,AGEGROUP,AGEGROUP_YEARS15-19,36.21431,30.03346,42.88746,36.2 [30.0-42.9],2022-05-26T11:08:04+02:00
cpmt,ZWE,AFR,2005,WEALTHDECILE,WEALTHDECILE_WEALTHDECILE01,49.84741,45.45084,54.24635,49.8 [45.5-54.2],2022-05-26T12:38:57+02:00
cpmt,ZMB,AFR,2013,WEALTHDECILE,WEALTHDECILE_WEALTHDECILE03,43.14594,39.52949,46.83698,43.1 [39.5-46.8],2022-05-26T12:38:32+02:00
cpmt,SEN,AFR,2010,WEALTHQUINTILE,WEALTHQUINTILE_WQ1,4.83355,3.92951,5.93273,4.8 [3.9-5.9],2022-05-26T13:03:06+02:00
cpmt,ZWE,AFR,1999,WEALTHQUINTILE,WEALTHQUINTILE_WQ3,46.04041,41.62503,50.51883,46.0 [41.6-50.5],2022-05-26T13:07:50+02:00
cpmt,GMB,AFR,2019,WEALTHDECILE,WEALTHDECILE_WEALTHDECILE09,20.57236,16.40982,25.46906,20.6 [16.4-25.5],2022-05-26T12:09:14+02:00
cpmt,GHA,AFR,2017,RESIDENCEAREATYPE,RESIDENCEAREATYPE_URB,23.41419,21.14087,25.85183,23.4 [21.1-25.9],2022-05-26T11:35:09+02:00
cpmt,MWI,AFR,2013,DHSMICSGEOREGION,DHSMICSGEOREGION_MWIMICS201312,67.83163,60.7978,74.14022,67.8 [60.8-74.1],2022-05-26T14:32:54+02:00
cpmt,ZWE,AFR,2015,WEALTHQUINTILE,WEALTHQUINTILE_WQ2,62.76384,58.78043,66.58115,62.8 [58.8-66.6],2022-05-26T13:08:07+02:00
cpmt,GHA,AFR,1998,WEALTHDECILE,WEALTHDECILE_WEALTHDECILE08,31.19025,26.17806,36.6852,31.2 [26.2-36.7],2022-05-26T12:09:38+02:00
cpmt,GHA,AFR,2011,WEALTHQUINTILE,WEALTHQUINTILE_WQ1,23.36511,20.6576,26.30982,23.4 [20.7-26.3],2022-05-26T12:52:30+02:00
cpmt,STP,AFR,2019,DHSMICSGEOREGION,DHSMICSGEOREGION_STPMICS201902,49.02669,44.4998,53.5696,49.0 [44.5-53.6],2022-05-26T14:45:31+02:00
cpmt,SWZ,AFR,2006,WEALTHDECILE,WEALTHDECILE_WEALTHDECILE01,33.24139,25.5658,41.92348,33.2 [25.6-41.9],2022-05-26T12:07:51+02:00
cpmt,CAF,AFR,2006,DHSMICSGEOREGION,DHSMICSGEOREGION_CAFMICS200602,12.1766,8.0055,18.09353,12.2 [8.0-18.1],2022-05-26T14:16:40+02:00
cpmt,TGO,AFR,2006,WEALTHDECILE,WEALTHDECILE_WEALTHDECILE01,9.27126,6.60641,12.86299,9.3 [6.6-12.9],2022-05-26T12:33:57+02:00
cpmt,COD,AFR,2010,WEALTHQUINTILE,WEALTHQUINTILE_WQ1,16.6221,13.45255,20.36272,16.6 [13.5-20.4],2022-05-26T12:50:04+02:00
cpmt,UGA,AFR,2006,EDUCATIONLEVEL,EDUCATIONLEVEL_SHLM,45.63552,41.74188,49.58325,45.6 [41.7-49.6],2022-05-26T11:25:29+02:00
cpmt,MWI,AFR,2013,WEALTHDECILE,WEALTHDECILE_WEALTHDECILE08,58.53566,55.123,61.86833,58.5 [55.1-61.9],2022-05-26T12:17:59+02:00
cpmt,ETH,AFR,2016,DHSMICSGEOREGION,DHSMICSGEOREGION_ETHDHS201605,1.51933,0.74179,3.08655,1.5 [0.7-3.1],2022-05-26T14:22:30+02:00
cpmt,AGO,AFR,2015,WEALTHDECILE,WEALTHDECILE_WEALTHDECILE01,1.02667,0.53325,1.96764,1.0 [0.5-2.0],2022-05-26T11:56:27+02:00
cpmt,COG,AFR,2005,WEALTHQUINTILE,WEALTHQUINTILE_WQ1,40.43725,35.4403,45.64066,40.4 [35.4-45.6],2022-05-26T12:49:11+02:00
cpmt,TZA,AFR,1996,DHSMICSGEOREGION,DHSMICSGEOREGION_TZADHS199618,12.19512,7.81001,18.54701,12.2 [7.8-18.5],2022-05-26T14:50:53+02:00
cpmt,GHA,AFR,1993,RESIDENCEAREATYPE,RESIDENCEAREATYPE_URB,30.63415,27.72532,33.70583,30.6 [27.7-33.7],2022-05-26T11:35:01+02:00
cpmt,UGA,AFR,2000,EDUCATIONLEVEL,EDUCATIONLEVEL_PRLM,21.20892,19.25237,23.30692,21.2 [19.3-23.3],2022-05-26T11:25:27+02:00
cpmt,SLE,AFR,2008,WEALTHDECILE,WEALTHDECILE_WEALTHDECILE01,4.12713,2.60489,6.47977,4.1 [2.6-6.5],2022-05-26T12:31:24+02:00
cpmt,BFA,AFR,2010,DHSMICSGEOREGION,DHSMICSGEOREGION_BFADHS201008,10.8509,8.90824,13.15603,10.9 [8.9-13.2],2022-05-26T14:14:37+02:00
cpmt,MLI,AFR,2009,WEALTHDECILE,WEALTHDECILE_WEALTHDECILE10,22.54686,20.30334,24.96066,22.5 [20.3-25.0],2022-05-26T12:18:50+02:00
cpmt,MLI,AFR,1995,DHSMICSGEOREGION,DHSMICSGEOREGION_MLIDHS199502,6.54214,4.33651,9.75519,6.5 [4.3-9.8],2022-05-26T14:33:18+02:00
cpmt,NGA,AFR,2016,WEALTHDECILE,WEALTHDECILE_WEALTHDECILE07,16.1831,14.17954,18.40903,16.2 [14.2-18.4],2022-05-26T12:23:27+02:00
cpmt,MLI,AFR,2015,AGEGROUP,AGEGROUP_YEARS20-49,16.41883,15.17473,17.74358,16.4 [15.2-17.7],2022-05-26T11:04:02+02:00
cpmt,TCD,AFR,2014,WEALTHQUINTILE,WEALTHQUINTILE_WQ1,4.52132,3.35834,6.06177,4.5 [3.4-6.1],2022-05-26T12:48:41+02:00
cpmt,ZWE,AFR,2015,WEALTHDECILE,WEALTHDECILE_WEALTHDECILE10,75.23757,71.10693,78.95248,75.2 [71.1-79.0],2022-05-26T12:39:22+02:00
cpmt,SLE,AFR,2005,WEALTHDECILE,WEALTHDECILE_WEALTHDECILE01,1.65733,0.82355,3.30708,1.7 [0.8-3.3],2022-05-26T12:31:18+02:00
cpmt,ZAF,AFR,2016,AGEGROUP,AGEGROUP_YEARS20-49,54.87212,52.56468,57.1588,54.9 [52.6-57.2],2022-05-26T11:06:32+02:00
cpmt,RWA,AFR,2010,DHSMICSGEOREGION,DHSMICSGEOREGION_RWADHS201003,42.7328,40.08313,45.42482,42.7 [40.1-45.4],2022-05-26T14:45:15+02:00
cpmt,COG,AFR,2005,RESIDENCEAREATYPE,RESIDENCEAREATYPE_URB,46.99323,44.28176,49.72255,47.0 [44.3-49.7],2022-05-26T11:33:52+02:00
cpmt,ZMB,AFR,2018,WEALTHDECILE,WEALTHDECILE_WEALTHDECILE04,46.58323,42.54535,50.66638,46.6 [42.5-50.7],2022-05-26T12:38:39+02:00
cpmt,SEN,AFR,1997,WEALTHDECILE,WEALTHDECILE_WEALTHDECILE01,6.72814,4.89802,9.17609,6.7 [4.9-9.2],2022-05-26T12:29:44+02:00
cpmt,BEN,AFR,2006,DHSMICSGEOREGION,DHSMICSGEOREGION_BENDHS200603,30.59832,26.88786,34.57864,30.6 [26.9-34.6],2022-05-26T14:13:06+02:00
cpmt,CIV,AFR,1994,WEALTHDECILE,WEALTHDECILE_WEALTHDECILE06,9.9563,7.25957,13.50886,10.0 [7.3-13.5],2022-05-26T12:04:57+02:00
cpmt,CIV,AFR,1998,WEALTHDECILE,WEALTHDECILE_WEALTHDECILE09,31.85781,24.5769,40.14755,31.9 [24.6-40.1],2022-05-26T12:05:04+02:00
cpmt,SEN,AFR,2012,DHSMICSGEOREGION,DHSMICSGEOREGION_SENDHS201213,5.17955,2.93153,8.99177,5.2 [2.9-9.0],2022-05-26T14:45:52+02:00
cpmt,LBR,AFR,2007,DHSMICSGEOREGION,DHSMICSGEOREGION_LBRDHS200706,8.50811,5.89366,12.1328,8.5 [5.9-12.1],2022-05-26T14:32:03+02:00
cpmt,TGO,AFR,2010,WEALTHDECILE,WEALTHDECILE_WEALTHDECILE01,10.73217,7.9193,14.38803,10.7 [7.9-14.4],2022-05-26T12:34:04+02:00
cpmt,BFA,AFR,1998,DHSMICSGEOREGION,DHSMICSGEOREGION_BFADHS199803,7.71176,4.53297,12.82035,7.7 [4.5-12.8],2022-05-26T14:14:16+02:00
cpmt,TZA,AFR,2015,RESIDENCEAREATYPE,RESIDENCEAREATYPE_RUR,34.91478,32.7419,37.15221,34.9 [32.7-37.2],2022-05-26T11:40:36+02:00
cpmt,RWA,AFR,2000,DHSMICSGEOREGION,DHSMICSGEOREGION_RWADHS200005,12.35294,8.11386,18.3641,12.4 [8.1-18.4],2022-05-26T14:45:02+02:00
cpmt,MRT,AFR,2015,WEALTHDECILE,WEALTHDECILE_WEALTHDECILE05,12.7156,10.29674,15.60384,12.7 [10.3-15.6],2022-05-26T12:19:25+02:00
cpmt,CAF,AFR,1994,WEALTHQUINTILE,WEALTHQUINTILE_WQ2,11.43736,9.52278,13.67868,11.4 [9.5-13.7],2022-05-26T12:48:19+02:00
cpmt,ZWE,AFR,2009,DHSMICSGEOREGION,DHSMICSGEOREGION_ZWEMICS200904,67.71948,64.02439,71.20573,67.7 [64.0-71.2],2022-05-26T14:53:52+02:00
cpmt,ZMB,AFR,2001,WEALTHDECILE,WEALTHDECILE_WEALTHDECILE02,23.82418,19.03966,29.37479,23.8 [19.0-29.4],2022-05-26T12:38:20+02:00
cpmt,GNB,AFR,2006,AGEGROUP,AGEGROUP_YEARS15-19,7.21988,4.87595,10.5654,7.2 [4.9-10.6],2022-05-26T11:02:18+02:00
cpmt,NGA,AFR,2011,DHSMICSGEOREGION,DHSMICSGEOREGION_NGAMICS201134,9.5958,7.49,12.21548,9.6 [7.5-12.2],2022-05-26T14:37:37+02:00
cpmt,AGO,AFR,2015,WEALTHDECILE,WEALTHDECILE_WEALTHDECILE08,22.15722,17.33053,27.87491,22.2 [17.3-27.9],2022-05-26T11:56:27+02:00
cpmt,RWA,AFR,2014,DHSMICSGEOREGION,DHSMICSGEOREGION_RWADHS201402,52.72692,49.48361,55.94738,52.7 [49.5-55.9],2022-05-26T14:45:18+02:00
cpmt,SWZ,AFR,2006,DHSMICSGEOREGION,DHSMICSGEOREGION_SWZDHS200602,52.50453,48.28694,56.68669,52.5 [48.3-56.7],2022-05-26T14:22:04+02:00
cpmt,MWI,AFR,2015,WEALTHDECILE,WEALTHDECILE_WEALTHDECILE02,55.42758,52.34546,58.46852,55.4 [52.3-58.5],2022-05-26T12:18:05+02:00
cpmt,ETH,AFR,2019,AGEGROUP,AGEGROUP_YEARS15-19,36.46796,27.45982,46.53546,36.5 [27.5-46.5],2022-05-26T11:01:44+02:00
cpmt,MLI,AFR,2012,WEALTHQUINTILE,WEALTHQUINTILE_WQ1,3.44916,2.52099,4.70256,3.4 [2.5-4.7],2022-05-26T12:57:32+02:00
cpmt,ZWE,AFR,2005,EDUCATIONLEVEL,EDUCATIONLEVEL_SHLM,66.67991,64.66762,68.63318,66.7 [64.7-68.6],2022-05-26T11:26:24+02:00
cpmt,GHA,AFR,2011,DHSMICSGEOREGION,DHSMICSGEOREGION_GHAMICS201108,20.10079,17.16439,23.39765,20.1 [17.2-23.4],2022-05-26T14:23:55+02:00
cpmt,TZA,AFR,2004,WEALTHDECILE,WEALTHDECILE_WEALTHDECILE10,52.26346,46.98122,57.49554,52.3 [47.0-57.5],2022-05-26T12:36:46+02:00
cpmt,RWA,AFR,2014,WEALTHQUINTILE,WEALTHQUINTILE_WQ1,48.40845,45.27156,51.55792,48.4 [45.3-51.6],2022-05-26T13:02:37+02:00
cpmt,ZWE,AFR,2015,WEALTHQUINTILE,WEALTHQUINTILE_WQ4,69.43716,66.2892,72.41349,69.4 [66.3-72.4],2022-05-26T13:08:07+02:00
cpmt,ETH,AFR,2011,WEALTHDECILE,WEALTHDECILE_WEALTHDECILE06,26.31825,21.75211,31.45756,26.3 [21.8-31.5],2022-05-26T12:08:19+02:00
cpmt,MWI,AFR,2004,EDUCATIONLEVEL,EDUCATIONLEVEL_NHLM,26.97379,24.74665,29.32326,27.0 [24.7-29.3],2022-05-26T11:20:30+02:00
cpmt,BEN,AFR,2001,EDUCATIONLEVEL,EDUCATIONLEVEL_NHLM,15.8065,14.29272,17.44796,15.8 [14.3-17.4],2022-05-26T11:14:40+02:00
cpmt,CAF,AFR,2010,DHSMICSGEOREGION,DHSMICSGEOREGION_CAFMICS201014,5.86359,4.07177,8.37506,5.9 [4.1-8.4],2022-05-26T14:16:50+02:00
cpmt,TGO,AFR,1998,WEALTHQUINTILE,WEALTHQUINTILE_WQ1,20.08883,17.70557,22.70439,20.1 [17.7-22.7],2022-05-26T13:05:09+02:00
cpmt,ZAF,AFR,2016,AGEGROUP,AGEGROUP_YEARS15-19,36.74239,19.64187,57.98754,36.7 [19.6-58.0],2022-05-26T11:06:31+02:00
cpmt,MLI,AFR,2018,DHSMICSGEOREGION,DHSMICSGEOREGION_MLIDHS201802,19.51132,16.14397,23.38517,19.5 [16.1-23.4],2022-05-26T14:33:49+02:00
cpmt,TCD,AFR,2014,DHSMICSGEOREGION,DHSMICSGEOREGION_TCDDHS201421,2.41525,1.0847,5.2906,2.4 [1.1-5.3],2022-05-26T14:17:32+02:00
cpmt,CIV,AFR,2006,WEALTHDECILE,WEALTHDECILE_WEALTHDECILE07,16.54267,12.97274,20.85953,16.5 [13.0-20.9],2022-05-26T12:05:09+02:00
cpmt,MLI,AFR,2009,WEALTHDECILE,WEALTHDECILE_WEALTHDECILE03,4.59993,3.56729,5.91316,4.6 [3.6-5.9],2022-05-26T12:18:50+02:00
cpmt,TZA,AFR,2015,WEALTHDECILE,WEALTHDECILE_WEALTHDECILE04,32.54981,28.63103,36.72893,32.5 [28.6-36.7],2022-05-26T12:36:59+02:00
cpmt,GIN,AFR,1999,WEALTHQUINTILE,WEALTHQUINTILE_WQ2,3.55095,2.49179,5.03705,3.6 [2.5-5.0],2022-05-26T12:52:55+02:00
cpmt,LSO,AFR,2009,AGEGROUP,AGEGROUP_YEARS20-49,48.49145,46.37496,50.61337,48.5 [46.4-50.6],2022-05-26T11:03:32+02:00
cpmt,GNB,AFR,2014,RESIDENCEAREATYPE,RESIDENCEAREATYPE_URB,25.6262,22.10412,29.49697,25.6 [22.1-29.5],2022-05-26T11:35:23+02:00
cpmt,NGA,AFR,2007,DHSMICSGEOREGION,DHSMICSGEOREGION_NGAMICS200709,17.09402,12.79918,22.45884,17.1 [12.8-22.5],2022-05-26T14:37:13+02:00
cpmt,TZA,AFR,2015,DHSMICSGEOREGION,DHSMICSGEOREGION_TZADHS201507,51.79273,46.92283,56.62881,51.8 [46.9-56.6],2022-05-26T14:51:51+02:00
cpmt,GNB,AFR,2014,WEALTHDECILE,WEALTHDECILE_WEALTHDECILE01,8.38221,6.42522,10.86605,8.4 [6.4-10.9],2022-05-26T12:11:19+02:00
cpmt,TGO,AFR,2010,WEALTHDECILE,WEALTHDECILE_WEALTHDECILE10,20.3585,15.55356,26.18749,20.4 [15.6-26.2],2022-05-26T12:34:04+02:00
cpmt,MDG,AFR,2018,WEALTHQUINTILE,WEALTHQUINTILE_WQ5,46.62994,43.13,50.16339,46.6 [43.1-50.2],2022-05-26T12:56:46+02:00
cpmt,GHA,AFR,1993,EDUCATIONLEVEL,EDUCATIONLEVEL_NHLM,8.18584,6.8604,9.74058,8.2 [6.9-9.7],2022-05-26T11:17:59+02:00
cpmt,NGA,AFR,2007,WEALTHDECILE,WEALTHDECILE_WEALTHDECILE03,5.616,4.27192,7.35048,5.6 [4.3-7.4],2022-05-26T12:22:59+02:00
cpmt,BFA,AFR,2003,DHSMICSGEOREGION,DHSMICSGEOREGION_BFADHS200301,36.67589,31.21118,42.50618,36.7 [31.2-42.5],2022-05-26T14:14:20+02:00
cpmt,ZWE,AFR,2014,WEALTHDECILE,WEALTHDECILE_WEALTHDECILE03,65.72885,62.23856,69.05693,65.7 [62.2-69.1],2022-05-26T12:39:16+02:00
cpmt,SEN,AFR,2019,WEALTHDECILE,WEALTHDECILE_WEALTHDECILE09,33.67933,28.01135,39.85918,33.7 [28.0-39.9],2022-05-26T12:30:46+02:00
cpmt,MWI,AFR,2006,WEALTHQUINTILE,WEALTHQUINTILE_WQ4,40.15623,37.8934,42.46179,40.2 [37.9-42.5],2022-05-26T12:56:56+02:00
cpmt,UGA,AFR,1995,WEALTHQUINTILE,WEALTHQUINTILE_WQ3,10.54054,8.33478,13.24569,10.5 [8.3-13.2],2022-05-26T13:06:09+02:00
cpmt,SEN,AFR,2015,DHSMICSGEOREGION,DHSMICSGEOREGION_SENDHS201510,22.54051,16.88502,29.41976,22.5 [16.9-29.4],2022-05-26T14:46:09+02:00
cpmt,COD,AFR,2017,DHSMICSGEOREGION,DHSMICSGEOREGION_CODMICS201706,26.59106,21.40695,32.51126,26.6 [21.4-32.5],2022-05-26T14:19:46+02:00
cpmt,NGA,AFR,2011,DHSMICSGEOREGION,DHSMICSGEOREGION_NGAMICS201123,37.1246,32.75055,41.72041,37.1 [32.8-41.7],2022-05-26T14:37:37+02:00
cpmt,NAM,AFR,2013,DHSMICSGEOREGION,DHSMICSGEOREGION_NAMDHS201310,42.98723,33.47601,53.04596,43.0 [33.5-53.0],2022-05-26T14:35:50+02:00
cpmt,GHA,AFR,2014,WEALTHDECILE,WEALTHDECILE_WEALTHDECILE07,27.46438,22.96161,32.47789,27.5 [23.0-32.5],2022-05-26T12:10:06+02:00
cpmt,SEN,AFR,2010,WEALTHDECILE,WEALTHDECILE_WEALTHDECILE08,18.52446,14.76046,22.98943,18.5 [14.8-23.0],2022-05-26T12:29:57+02:00
cpmt,GHA,AFR,2017,EDUCATIONLEVEL,EDUCATIONLEVEL_NHLM,23.49299,20.10806,27.25336,23.5 [20.1-27.3],2022-05-26T11:18:11+02:00
cpmt,COM,AFR,1996,WEALTHDECILE,WEALTHDECILE_WEALTHDECILE01,15.51724,10.15599,22.98462,15.5 [10.2-23.0],2022-05-26T12:03:44+02:00
cpmt,GIN,AFR,2012,WEALTHQUINTILE,WEALTHQUINTILE_WQ5,10.25842,7.84414,13.30846,10.3 [7.8-13.3],2022-05-26T12:53:02+02:00
cpmt,GMB,AFR,2018,WEALTHDECILE,WEALTHDECILE_WEALTHDECILE03,12.83853,10.20076,16.03657,12.8 [10.2-16.0],2022-05-26T12:09:07+02:00
cpmt,GMB,AFR,2018,DHSMICSGEOREGION,DHSMICSGEOREGION_GMBMICS201805,19.22618,15.82284,23.16013,19.2 [15.8-23.2],2022-05-26T14:23:05+02:00
cpmt,RWA,AFR,2000,WEALTHDECILE,WEALTHDECILE_WEALTHDECILE02,8.43436,6.91962,10.24419,8.4 [6.9-10.2],2022-05-26T12:28:38+02:00
cpmt,GAB,AFR,2000,DHSMICSGEOREGION,DHSMICSGEOREGION_GABDHS200004,30.95568,25.14468,37.43796,31.0 [25.1-37.4],2022-05-26T14:22:42+02:00
cpmt,BFA,AFR,1998,DHSMICSGEOREGION,DHSMICSGEOREGION_BFADHS199801,32.21239,26.70449,38.26326,32.2 [26.7-38.3],2022-05-26T14:14:16+02:00
cpmt,CIV,AFR,1998,WEALTHQUINTILE,WEALTHQUINTILE_WQ4,19.80082,15.16489,25.42916,19.8 [15.2-25.4],2022-05-26T12:49:48+02:00
cpmt,SEN,AFR,2012,WEALTHDECILE,WEALTHDECILE_WEALTHDECILE05,14.35151,11.26583,18.10985,14.4 [11.3-18.1],2022-05-26T12:30:04+02:00
cpmt,COG,AFR,2011,DHSMICSGEOREGION,DHSMICSGEOREGION_COGDHS201104,51.11589,44.93377,57.26407,51.1 [44.9-57.3],2022-05-26T14:18:17+02:00
cpmt,UGA,AFR,2000,AGEGROUP,AGEGROUP_YEARS15-19,11.98824,8.86451,16.01926,12.0 [8.9-16.0],2022-05-26T11:07:21+02:00
cpmt,LBR,AFR,2007,WEALTHQUINTILE,WEALTHQUINTILE_WQ4,15.43686,13.09398,18.11159,15.4 [13.1-18.1],2022-05-26T12:56:26+02:00
cpmt,SWZ,AFR,2014,WEALTHQUINTILE,WEALTHQUINTILE_WQ1,60.94217,56.15052,65.53163,60.9 [56.2-65.5],2022-05-26T12:51:27+02:00
cpmt,TGO,AFR,1998,WEALTHQUINTILE,WEALTHQUINTILE_WQ5,29.69182,27.0361,32.49224,29.7 [27.0-32.5],2022-05-26T13:05:09+02:00
cpmt,TGO,AFR,1998,WEALTHDECILE,WEALTHDECILE_WEALTHDECILE08,21.37917,17.987,25.21439,21.4 [18.0-25.2],2022-05-26T12:33:52+02:00
cpmt,DZA,AFR,2012,DHSMICSGEOREGION,DHSMICSGEOREGION_DZAMICS201204,51.62742,49.35138,53.89671,51.6 [49.4-53.9],2022-05-26T14:10:47+02:00
cpmt,ZWE,AFR,1994,AGEGROUP,AGEGROUP_YEARS20-49,49.43673,47.45082,51.42441,49.4 [47.5-51.4],2022-05-26T11:07:59+02:00
cpmt,MWI,AFR,2010,WEALTHDECILE,WEALTHDECILE_WEALTHDECILE09,50.366,47.09532,53.63355,50.4 [47.1-53.6],2022-05-26T12:17:53+02:00
cpmt,MRT,AFR,2007,DHSMICSGEOREGION,DHSMICSGEOREGION_MRTMICS200713,18.20789,16.0794,20.54914,18.2 [16.1-20.5],2022-05-26T14:33:55+02:00
cpmt,GAB,AFR,2012,RESIDENCEAREATYPE,RESIDENCEAREATYPE_RUR,21.06299,18.73978,23.59059,21.1 [18.7-23.6],2022-05-26T11:34:51+02:00
cpmt,ETH,AFR,2011,AGEGROUP,AGEGROUP_YEARS15-19,23.7564,19.1176,29.1156,23.8 [19.1-29.1],2022-05-26T11:01:42+02:00
cpmt,SEN,AFR,2018,DHSMICSGEOREGION,DHSMICSGEOREGION_SENDHS201807,36.96832,32.62059,41.53828,37.0 [32.6-41.5],2022-05-26T14:46:33+02:00
cpmt,COD,AFR,2013,DHSMICSGEOREGION,DHSMICSGEOREGION_CODDHS201311,13.16221,7.16758,22.93197,13.2 [7.2-22.9],2022-05-26T14:19:36+02:00
cpmt,TZA,AFR,2004,AGEGROUP,AGEGROUP_YEARS20-49,27.92048,26.27568,29.62687,27.9 [26.3-29.6],2022-05-26T11:07:35+02:00
cpmt,SEN,AFR,2015,DHSMICSGEOREGION,DHSMICSGEOREGION_SENDHS201502,23.43516,16.9048,31.53096,23.4 [16.9-31.5],2022-05-26T14:46:09+02:00
cpmt,MWI,AFR,2006,WEALTHDECILE,WEALTHDECILE_WEALTHDECILE10,48.18662,45.35248,51.03248,48.2 [45.4-51.0],2022-05-26T12:17:46+02:00
cpmt,CMR,AFR,2018,AGEGROUP,AGEGROUP_YEARS20-49,19.96518,18.3678,21.6646,20.0 [18.4-21.7],2022-05-26T11:00:23+02:00
cpmt,NGA,AFR,2018,WEALTHDECILE,WEALTHDECILE_WEALTHDECILE02,5.33971,4.34751,6.54287,5.3 [4.3-6.5],2022-05-26T12:23:34+02:00
cpmt,GHA,AFR,2008,DHSMICSGEOREGION,DHSMICSGEOREGION_GHADHS200810,21.70821,17.34993,26.80621,21.7 [17.3-26.8],2022-05-26T14:23:49+02:00
cpmt,GHA,AFR,2014,WEALTHDECILE,WEALTHDECILE_WEALTHDECILE02,25.31983,21.08234,30.08436,25.3 [21.1-30.1],2022-05-26T12:10:06+02:00
cpmt,MLI,AFR,2015,DHSMICSGEOREGION,DHSMICSGEOREGION_MLIMICS201507,2.18918,1.33825,3.56163,2.2 [1.3-3.6],2022-05-26T14:33:44+02:00
cpmt,GHA,AFR,2014,DHSMICSGEOREGION,DHSMICSGEOREGION_GHADHS201407,30.12433,25.11656,35.65515,30.1 [25.1-35.7],2022-05-26T14:24:01+02:00
cpmt,GHA,AFR,2003,WEALTHQUINTILE,WEALTHQUINTILE_WQ3,24.8919,20.81282,29.47289,24.9 [20.8-29.5],2022-05-26T12:52:20+02:00
cpmt,TZA,AFR,2010,WEALTHQUINTILE,WEALTHQUINTILE_WQ3,28.55659,25.51017,31.81143,28.6 [25.5-31.8],2022-05-26T13:06:47+02:00
cpmt,BFA,AFR,2010,DHSMICSGEOREGION,DHSMICSGEOREGION_BFADHS201005,9.54864,7.53969,12.02326,9.5 [7.5-12.0],2022-05-26T14:14:37+02:00
cpmt,GIN,AFR,1999,WEALTHDECILE,WEALTHDECILE_WEALTHDECILE05,3.17291,1.82973,5.44738,3.2 [1.8-5.4],2022-05-26T12:10:46+02:00
cpmt,NGA,AFR,2016,DHSMICSGEOREGION,DHSMICSGEOREGION_NGAMICS201632,17.9995,14.24987,22.47716,18.0 [14.2-22.5],2022-05-26T14:38:02+02:00
cpmt,SEN,AFR,2019,EDUCATIONLEVEL,EDUCATIONLEVEL_NHLM,23.22118,21.09108,25.49689,23.2 [21.1-25.5],2022-05-26T11:24:02+02:00
cpmt,MWI,AFR,2010,WEALTHDECILE,WEALTHDECILE_WEALTHDECILE01,36.16341,32.71671,39.75865,36.2 [32.7-39.8],2022-05-26T12:17:53+02:00
cpmt,TGO,AFR,2017,RESIDENCEAREATYPE,RESIDENCEAREATYPE_RUR,19.73726,17.49766,22.18642,19.7 [17.5-22.2],2022-05-26T11:40:03+02:00
cpmt,MWI,AFR,2013,EDUCATIONLEVEL,EDUCATIONLEVEL_SHLM,61.95021,58.99582,64.81867,62.0 [59.0-64.8],2022-05-26T11:20:35+02:00
cpmt,KEN,AFR,2003,WEALTHDECILE,WEALTHDECILE_WEALTHDECILE03,26.88997,22.28543,32.05349,26.9 [22.3-32.1],2022-05-26T12:15:23+02:00
cpmt,NGA,AFR,2013,WEALTHDECILE,WEALTHDECILE_WEALTHDECILE07,20.47413,18.34196,22.785,20.5 [18.3-22.8],2022-05-26T12:23:21+02:00
cpmt,MRT,AFR,2007,WEALTHDECILE,WEALTHDECILE_WEALTHDECILE05,4.86144,3.53334,6.6543,4.9 [3.5-6.7],2022-05-26T12:19:15+02:00
cpmt,TZA,AFR,2015,DHSMICSGEOREGION,DHSMICSGEOREGION_TZADHS201514,21.92226,15.67174,29.78522,21.9 [15.7-29.8],2022-05-26T14:51:51+02:00
cpmt,NER,AFR,1998,AGEGROUP,AGEGROUP_YEARS20-49,8.61251,7.58148,9.76893,8.6 [7.6-9.8],2022-05-26T11:04:45+02:00
cpmt,TZA,AFR,2010,WEALTHDECILE,WEALTHDECILE_WEALTHDECILE08,44.58691,39.13631,50.17086,44.6 [39.1-50.2],2022-05-26T12:36:53+02:00
cpmt,GMB,AFR,2013,WEALTHQUINTILE,WEALTHQUINTILE_WQ2,5.85064,4.40563,7.73126,5.9 [4.4-7.7],2022-05-26T12:51:59+02:00
cpmt,MOZ,AFR,2015,DHSMICSGEOREGION,DHSMICSGEOREGION_MOZDHS201508,34.09533,29.0213,39.56202,34.1 [29.0-39.6],2022-05-26T14:35:15+02:00
cpmt,KEN,AFR,2003,WEALTHDECILE,WEALTHDECILE_WEALTHDECILE05,34.03841,29.21332,39.2189,34.0 [29.2-39.2],2022-05-26T12:15:23+02:00
cpmt,COG,AFR,2005,WEALTHDECILE,WEALTHDECILE_WEALTHDECILE04,35.17814,28.18571,42.86974,35.2 [28.2-42.9],2022-05-26T12:03:54+02:00
cpmt,TCD,AFR,1996,WEALTHDECILE,WEALTHDECILE_WEALTHDECILE04,1.35345,0.48023,3.75459,1.4 [0.5-3.8],2022-05-26T12:02:52+02:00
cpmt,CMR,AFR,2006,DHSMICSGEOREGION,DHSMICSGEOREGION_CMRMICS200608,22.31267,16.11051,30.04729,22.3 [16.1-30.0],2022-05-26T14:16:08+02:00
cpmt,RWA,AFR,2000,RESIDENCEAREATYPE,RESIDENCEAREATYPE_RUR,10.89579,9.72497,12.18853,10.9 [9.7-12.2],2022-05-26T11:38:58+02:00
cpmt,SEN,AFR,2017,WEALTHDECILE,WEALTHDECILE_WEALTHDECILE03,19.20719,16.45544,22.29628,19.2 [16.5-22.3],2022-05-26T12:30:31+02:00
cpmt,GHA,AFR,2011,AGEGROUP,AGEGROUP_YEARS20-49,35.0562,33.12187,37.04093,35.1 [33.1-37.0],2022-05-26T11:02:02+02:00
cpmt,SLE,AFR,2013,RESIDENCEAREATYPE,RESIDENCEAREATYPE_RUR,12.98055,11.71905,14.35575,13.0 [11.7-14.4],2022-05-26T11:39:31+02:00
cpmt,BEN,AFR,1996,DHSMICSGEOREGION,DHSMICSGEOREGION_BENDHS199601,8.91309,6.50412,12.09881,8.9 [6.5-12.1],2022-05-26T14:12:58+02:00
cpmt,ZAF,AFR,2016,DHSMICSGEOREGION,DHSMICSGEOREGION_ZAFDHS201607,55.56899,50.77572,60.2608,55.6 [50.8-60.3],2022-05-26T14:47:19+02:00
cpmt,MWI,AFR,2019,DHSMICSGEOREGION,DHSMICSGEOREGION_MWIMICS201903,62.34567,60.83465,63.83306,62.3 [60.8-63.8],2022-05-26T14:33:09+02:00
cpmt,TZA,AFR,2010,RESIDENCEAREATYPE,RESIDENCEAREATYPE_URB,45.93626,42.21673,49.70162,45.9 [42.2-49.7],2022-05-26T11:40:34+02:00
cpmt,COG,AFR,2014,WEALTHDECILE,WEALTHDECILE_WEALTHDECILE10,24.30225,19.07664,30.42118,24.3 [19.1-30.4],2022-05-26T12:04:06+02:00
cpmt,MWI,AFR,2013,DHSMICSGEOREGION,DHSMICSGEOREGION_MWIMICS201315,55.27574,50.16605,60.27638,55.3 [50.2-60.3],2022-05-26T14:32:54+02:00
cpmt,CMR,AFR,2014,DHSMICSGEOREGION,DHSMICSGEOREGION_CMRMICS201410,50.77382,44.51967,57.00386,50.8 [44.5-57.0],2022-05-26T14:16:22+02:00
cpmt,RWA,AFR,2010,WEALTHDECILE,WEALTHDECILE_WEALTHDECILE04,47.94843,43.9632,51.95995,47.9 [44.0-52.0],2022-05-26T12:28:51+02:00
cpmt,ZWE,AFR,2009,DHSMICSGEOREGION,DHSMICSGEOREGION_ZWEMICS200907,45.9802,39.13555,52.97991,46.0 [39.1-53.0],2022-05-26T14:53:52+02:00
cpmt,CMR,AFR,2006,DHSMICSGEOREGION,DHSMICSGEOREGION_CMRMICS200607,42.23688,34.93803,49.89127,42.2 [34.9-49.9],2022-05-26T14:16:08+02:00
cpmt,COG,AFR,2005,WEALTHDECILE,WEALTHDECILE_WEALTHDECILE09,46.39478,41.13923,51.73164,46.4 [41.1-51.7],2022-05-26T12:03:54+02:00
cpmt,SEN,AFR,2005,DHSMICSGEOREGION,DHSMICSGEOREGION_SENDHS200507,1.19124,0.62318,2.2653,1.2 [0.6-2.3],2022-05-26T14:45:37+02:00
cpmt,ZWE,AFR,2010,WEALTHDECILE,WEALTHDECILE_WEALTHDECILE02,55.75756,51.39319,60.03479,55.8 [51.4-60.0],2022-05-26T12:39:10+02:00
cpmt,NGA,AFR,2003,EDUCATIONLEVEL,EDUCATIONLEVEL_SHLM,28.11199,25.13527,31.29388,28.1 [25.1-31.3],2022-05-26T11:22:04+02:00
cpmt,DZA,AFR,2012,EDUCATIONLEVEL,EDUCATIONLEVEL_PRLM,57.07479,54.92628,59.19697,57.1 [54.9-59.2],2022-05-26T11:13:43+02:00
cpmt,COD,AFR,2010,DHSMICSGEOREGION,DHSMICSGEOREGION_CODMICS201011,11.30811,7.9337,15.87033,11.3 [7.9-15.9],2022-05-26T14:19:29+02:00
cpmt,MRT,AFR,2007,WEALTHDECILE,WEALTHDECILE_WEALTHDECILE08,15.28059,12.51957,18.5216,15.3 [12.5-18.5],2022-05-26T12:19:15+02:00
cpmt,GHA,AFR,2014,DHSMICSGEOREGION,DHSMICSGEOREGION_GHADHS201410,25.23598,20.35676,30.83194,25.2 [20.4-30.8],2022-05-26T14:24:01+02:00
cpmt,MOZ,AFR,2015,WEALTHDECILE,WEALTHDECILE_WEALTHDECILE06,22.79525,18.19395,28.15966,22.8 [18.2-28.2],2022-05-26T12:20:44+02:00
cpmt,BFA,AFR,2003,AGEGROUP,AGEGROUP_YEARS15-19,6.76185,4.97233,9.1335,6.8 [5.0-9.1],2022-05-26T11:00:03+02:00
cpmt,SLE,AFR,2017,WEALTHDECILE,WEALTHDECILE_WEALTHDECILE10,29.77919,25.6315,34.2886,29.8 [25.6-34.3],2022-05-26T12:31:42+02:00
cpmt,LBR,AFR,2007,WEALTHQUINTILE,WEALTHQUINTILE_WQ1,3.58381,2.17068,5.86179,3.6 [2.2-5.9],2022-05-26T12:56:26+02:00
cpmt,SEN,AFR,2012,DHSMICSGEOREGION,DHSMICSGEOREGION_SENDHS201207,22.33265,17.97973,27.38753,22.3 [18.0-27.4],2022-05-26T14:45:52+02:00
cpmt,GAB,AFR,2000,WEALTHDECILE,WEALTHDECILE_WEALTHDECILE01,14.85316,11.223,19.4009,14.9 [11.2-19.4],2022-05-26T12:08:37+02:00
cpmt,TCD,AFR,2010,DHSMICSGEOREGION,DHSMICSGEOREGION_TCDMICS201007,1.01065,0.29168,3.4407,1.0 [0.3-3.4],2022-05-26T14:17:20+02:00
cpmt,COM,AFR,2012,WEALTHDECILE,WEALTHDECILE_WEALTHDECILE08,24.19985,18.19933,31.4189,24.2 [18.2-31.4],2022-05-26T12:03:49+02:00
cpmt,MDG,AFR,2003,DHSMICSGEOREGION,DHSMICSGEOREGION_MDGDHS200306,23.03687,16.55399,31.11201,23.0 [16.6-31.1],2022-05-26T14:32:15+02:00
cpmt,ZMB,AFR,2007,DHSMICSGEOREGION,DHSMICSGEOREGION_ZMBDHS200709,33.10193,26.90942,39.94077,33.1 [26.9-39.9],2022-05-26T14:53:16+02:00
cpmt,BDI,AFR,2005,WEALTHDECILE,WEALTHDECILE_WEALTHDECILE01,6.33927,4.35561,9.13999,6.3 [4.4-9.1],2022-05-26T12:01:05+02:00
cpmt,MOZ,AFR,2008,WEALTHDECILE,WEALTHDECILE_WEALTHDECILE06,13.03235,9.91185,16.95041,13.0 [9.9-17.0],2022-05-26T12:20:32+02:00
cpmt,NGA,AFR,2013,WEALTHDECILE,WEALTHDECILE_WEALTHDECILE02,2.61213,1.90782,3.567,2.6 [1.9-3.6],2022-05-26T12:23:20+02:00
cpmt,MWI,AFR,2000,RESIDENCEAREATYPE,RESIDENCEAREATYPE_RUR,28.8654,27.59425,30.1707,28.9 [27.6-30.2],2022-05-26T11:36:48+02:00
cpmt,TZA,AFR,2015,DHSMICSGEOREGION,DHSMICSGEOREGION_TZADHS201516,24.06429,16.50896,33.68239,24.1 [16.5-33.7],2022-05-26T14:51:51+02:00
cpmt,GHA,AFR,1998,WEALTHDECILE,WEALTHDECILE_WEALTHDECILE05,21.09422,16.33183,26.80051,21.1 [16.3-26.8],2022-05-26T12:09:38+02:00
cpmt,GAB,AFR,2000,DHSMICSGEOREGION,DHSMICSGEOREGION_GABDHS200001,38.35341,36.02275,40.73885,38.4 [36.0-40.7],2022-05-26T14:22:42+02:00
cpmt,ETH,AFR,2019,WEALTHDECILE,WEALTHDECILE_WEALTHDECILE08,49.735,42.81916,56.661,49.7 [42.8-56.7],2022-05-26T12:08:32+02:00
cpmt,MDG,AFR,2018,DHSMICSGEOREGION,DHSMICSGEOREGION_MDGMICS201818,11.05429,6.66958,17.77267,11.1 [6.7-17.8],2022-05-26T14:32:33+02:00
cpmt,GNB,AFR,2006,WEALTHDECILE,WEALTHDECILE_WEALTHDECILE09,20.77323,16.05355,26.4434,20.8 [16.1-26.4],2022-05-26T12:11:13+02:00
cpmt,MWI,AFR,2013,DHSMICSGEOREGION,DHSMICSGEOREGION_MWIMICS201329,57.03322,49.35273,64.3894,57.0 [49.4-64.4],2022-05-26T14:32:54+02:00
cpmt,ZWE,AFR,2010,DHSMICSGEOREGION,DHSMICSGEOREGION_ZWEDHS201006,46.18967,39.62633,52.8878,46.2 [39.6-52.9],2022-05-26T14:53:58+02:00
cpmt,LSO,AFR,2014,DHSMICSGEOREGION,DHSMICSGEOREGION_LSODHS201405,58.59863,54.34018,62.73229,58.6 [54.3-62.7],2022-05-26T14:31:55+02:00
cpmt,BFA,AFR,2010,DHSMICSGEOREGION,DHSMICSGEOREGION_BFADHS201011,16.34611,12.65841,20.85166,16.3 [12.7-20.9],2022-05-26T14:14:37+02:00
cpmt,MLI,AFR,2006,WEALTHDECILE,WEALTHDECILE_WEALTHDECILE03,5.68471,4.53424,7.10536,5.7 [4.5-7.1],2022-05-26T12:18:44+02:00
cpmt,GHA,AFR,1998,WEALTHDECILE,WEALTHDECILE_WEALTHDECILE04,16.87346,12.86404,21.8196,16.9 [12.9-21.8],2022-05-26T12:09:38+02:00
cpmt,SEN,AFR,2019,DHSMICSGEOREGION,DHSMICSGEOREGION_SENDHS201907,33.39567,26.6171,40.93751,33.4 [26.6-40.9],2022-05-26T14:46:41+02:00
cpmt,GHA,AFR,1998,WEALTHDECILE,WEALTHDECILE_WEALTHDECILE06,23.41606,18.45295,29.23547,23.4 [18.5-29.2],2022-05-26T12:09:38+02:00
cpmt,MRT,AFR,2011,DHSMICSGEOREGION,DHSMICSGEOREGION_MRTMICS201106,14.63494,11.76112,18.06718,14.6 [11.8-18.1],2022-05-26T14:34:03+02:00
cpmt,COD,AFR,2007,WEALTHQUINTILE,WEALTHQUINTILE_WQ1,14.29947,11.58068,17.52999,14.3 [11.6-17.5],2022-05-26T12:50:01+02:00
cpmt,CPV,AFR,1998,DHSMICSGEOREGION,DHSMICSGEOREGION_CPVRHS199802,81.33577,76.94926,85.04972,81.3 [76.9-85.0],2022-05-26T14:15:03+02:00
cpmt,ZMB,AFR,2013,WEALTHDECILE,WEALTHDECILE_WEALTHDECILE01,36.25538,31.82021,40.93756,36.3 [31.8-40.9],2022-05-26T12:38:32+02:00
cpmt,NAM,AFR,2006,RESIDENCEAREATYPE,RESIDENCEAREATYPE_URB,65.41243,62.28924,68.40813,65.4 [62.3-68.4],2022-05-26T11:37:34+02:00
cpmt,TGO,AFR,2017,DHSMICSGEOREGION,DHSMICSGEOREGION_TGOMICS201705,14.25444,11.01921,18.24477,14.3 [11.0-18.2],2022-05-26T14:49:06+02:00
cpmt,KEN,AFR,2003,WEALTHQUINTILE,WEALTHQUINTILE_WQ2,31.94804,27.94035,36.24147,31.9 [27.9-36.2],2022-05-26T12:55:33+02:00
cpmt,LSO,AFR,2004,AGEGROUP,AGEGROUP_YEARS15-19,14.72087,10.78329,19.77753,14.7 [10.8-19.8],2022-05-26T11:03:30+02:00
cpmt,GAB,AFR,2000,WEALTHDECILE,WEALTHDECILE_WEALTHDECILE09,40.7802,34.81137,47.03403,40.8 [34.8-47.0],2022-05-26T12:08:37+02:00
cpmt,BFA,AFR,2010,WEALTHDECILE,WEALTHDECILE_WEALTHDECILE06,11.39122,9.66431,13.38099,11.4 [9.7-13.4],2022-05-26T12:00:58+02:00
cpmt,SEN,AFR,2017,WEALTHQUINTILE,WEALTHQUINTILE_WQ1,17.30022,15.64057,19.09611,17.3 [15.6-19.1],2022-05-26T13:03:23+02:00
cpmt,TZA,AFR,2015,WEALTHQUINTILE,WEALTHQUINTILE_WQ4,46.14075,42.98629,49.32642,46.1 [43.0-49.3],2022-05-26T13:06:50+02:00
cpmt,TCD,AFR,2014,DHSMICSGEOREGION,DHSMICSGEOREGION_TCDDHS201420,0.18972,0.02578,1.38177,0.2 [0.0-1.4],2022-05-26T14:17:32+02:00
cpmt,GHA,AFR,1993,RESIDENCEAREATYPE,RESIDENCEAREATYPE_RUR,15.37402,13.70192,17.20949,15.4 [13.7-17.2],2022-05-26T11:35:01+02:00
cpmt,TZA,AFR,2010,WEALTHDECILE,WEALTHDECILE_WEALTHDECILE02,24.59,20.30671,29.44296,24.6 [20.3-29.4],2022-05-26T12:36:53+02:00
cpmt,COG,AFR,2011,WEALTHDECILE,WEALTHDECILE_WEALTHDECILE10,49.35886,42.36386,56.37904,49.4 [42.4-56.4],2022-05-26T12:04:00+02:00
cpmt,NGA,AFR,1999,AGEGROUP,AGEGROUP_YEARS15-19,4.15309,2.53959,6.721,4.2 [2.5-6.7],2022-05-26T11:04:49+02:00
cpmt,GNB,AFR,2014,DHSMICSGEOREGION,DHSMICSGEOREGION_GNBMICS201406,12.32263,10.09562,14.95916,12.3 [10.1-15.0],2022-05-26T14:24:57+02:00
cpmt,ETH,AFR,2000,AGEGROUP,AGEGROUP_YEARS20-49,8.4828,7.58807,9.47222,8.5 [7.6-9.5],2022-05-26T11:01:39+02:00
cpmt,GMB,AFR,2018,WEALTHDECILE,WEALTHDECILE_WEALTHDECILE02,16.72401,14.26527,19.51009,16.7 [14.3-19.5],2022-05-26T12:09:07+02:00
cpmt,SEN,AFR,2010,DHSMICSGEOREGION,DHSMICSGEOREGION_SENDHS201010,11.99869,8.32011,17.00206,12.0 [8.3-17.0],2022-05-26T14:45:44+02:00
cpmt,MDG,AFR,2008,DHSMICSGEOREGION,DHSMICSGEOREGION_MDGDHS200814,35.81957,29.04099,43.21674,35.8 [29.0-43.2],2022-05-26T14:32:21+02:00
cpmt,MLI,AFR,2018,EDUCATIONLEVEL,EDUCATIONLEVEL_PRLM,18.35997,15.59058,21.49601,18.4 [15.6-21.5],2022-05-26T11:20:54+02:00
cpmt,SEN,AFR,2010,DHSMICSGEOREGION,DHSMICSGEOREGION_SENDHS201002,17.9257,14.59005,21.82906,17.9 [14.6-21.8],2022-05-26T14:45:44+02:00
cpmt,ZWE,AFR,2005,DHSMICSGEOREGION,DHSMICSGEOREGION_ZWEDHS200507,63.3691,59.3304,67.22826,63.4 [59.3-67.2],2022-05-26T14:53:46+02:00
cpmt,BFA,AFR,2006,WEALTHDECILE,WEALTHDECILE_WEALTHDECILE05,10.65508,7.92356,14.18321,10.7 [7.9-14.2],2022-05-26T12:00:51+02:00
cpmt,CMR,AFR,2018,WEALTHQUINTILE,WEALTHQUINTILE_WQ2,15.88483,13.11719,19.10799,15.9 [13.1-19.1],2022-05-26T12:48:16+02:00
cpmt,CMR,AFR,2004,WEALTHDECILE,WEALTHDECILE_WEALTHDECILE08,40.94627,36.36742,45.6877,40.9 [36.4-45.7],2022-05-26T12:02:02+02:00
cpmt,ZWE,AFR,2014,EDUCATIONLEVEL,EDUCATIONLEVEL_PRLM,62.71016,60.52846,64.84132,62.7 [60.5-64.8],2022-05-26T11:26:29+02:00
cpmt,MRT,AFR,2015,DHSMICSGEOREGION,DHSMICSGEOREGION_MRTMICS201513,29.35302,25.85367,33.11448,29.4 [25.9-33.1],2022-05-26T14:34:11+02:00
cpmt,BEN,AFR,2011,WEALTHQUINTILE,WEALTHQUINTILE_WQ4,14.09639,12.43171,15.9434,14.1 [12.4-15.9],2022-05-26T12:46:53+02:00
cpmt,ZWE,AFR,2009,RESIDENCEAREATYPE,RESIDENCEAREATYPE_RUR,62.81301,61.03157,64.56031,62.8 [61.0-64.6],2022-05-26T11:41:00+02:00
cpmt,KEN,AFR,2008,AGEGROUP,AGEGROUP_YEARS15-19,22.50598,14.92338,32.47087,22.5 [14.9-32.5],2022-05-26T11:03:16+02:00
cpmt,CIV,AFR,1998,WEALTHQUINTILE,WEALTHQUINTILE_WQ3,12.09768,8.17677,17.53961,12.1 [8.2-17.5],2022-05-26T12:49:48+02:00
cpmt,GHA,AFR,2017,DHSMICSGEOREGION,DHSMICSGEOREGION_GHAMICS201706,26.65408,22.28086,31.53735,26.7 [22.3-31.5],2022-05-26T14:24:06+02:00
cpmt,RWA,AFR,2005,WEALTHQUINTILE,WEALTHQUINTILE_WQ1,11.04596,9.3136,13.05416,11.0 [9.3-13.1],2022-05-26T13:02:31+02:00
cpmt,MWI,AFR,2015,WEALTHDECILE,WEALTHDECILE_WEALTHDECILE10,61.97211,58.75278,65.08948,62.0 [58.8-65.1],2022-05-26T12:18:05+02:00
cpmt,NAM,AFR,2000,DHSMICSGEOREGION,DHSMICSGEOREGION_NAMDHS200013,58.47653,51.53039,65.10139,58.5 [51.5-65.1],2022-05-26T14:35:34+02:00
cpmt,LSO,AFR,2018,DHSMICSGEOREGION,DHSMICSGEOREGION_LSOMICS201803,63.38419,60.27938,66.38166,63.4 [60.3-66.4],2022-05-26T14:32:00+02:00
cpmt,AGO,AFR,2015,RESIDENCEAREATYPE,RESIDENCEAREATYPE_URB,19.8663,17.4123,22.57163,19.9 [17.4-22.6],2022-05-26T11:32:23+02:00
cpmt,COD,AFR,2017,WEALTHQUINTILE,WEALTHQUINTILE_WQ2,19.57244,16.59743,22.93408,19.6 [16.6-22.9],2022-05-26T12:50:10+02:00
cpmt,MLI,AFR,2001,AGEGROUP,AGEGROUP_YEARS15-19,4.9304,3.71939,6.50904,4.9 [3.7-6.5],2022-05-26T11:03:57+02:00
cpmt,LSO,AFR,2018,EDUCATIONLEVEL,EDUCATIONLEVEL_PRLM,63.55416,60.66632,66.3476,63.6 [60.7-66.3],2022-05-26T11:20:15+02:00
cpmt,BDI,AFR,2016,DHSMICSGEOREGION,DHSMICSGEOREGION_BDIDHS201617,34.46362,27.93784,41.63305,34.5 [27.9-41.6],2022-05-26T14:14:53+02:00
cpmt,LBR,AFR,2007,WEALTHDECILE,WEALTHDECILE_WEALTHDECILE04,5.60684,3.58844,8.65858,5.6 [3.6-8.7],2022-05-26T12:16:55+02:00
cpmt,MDG,AFR,2018,DHSMICSGEOREGION,DHSMICSGEOREGION_MDGMICS201809,17.9771,14.15372,22.56186,18.0 [14.2-22.6],2022-05-26T14:32:33+02:00
cpmt,BDI,AFR,2005,WEALTHDECILE,WEALTHDECILE_WEALTHDECILE05,7.48965,4.97931,11.11751,7.5 [5.0-11.1],2022-05-26T12:01:05+02:00
cpmt,DZA,AFR,2018,WEALTHQUINTILE,WEALTHQUINTILE_WQ3,51.78592,49.60472,53.96033,51.8 [49.6-54.0],2022-05-26T12:45:15+02:00
cpmt,CIV,AFR,2011,DHSMICSGEOREGION,DHSMICSGEOREGION_CIVDHS201111,29.15123,24.80282,33.91814,29.2 [24.8-33.9],2022-05-26T14:19:10+02:00
cpmt,SEN,AFR,2017,WEALTHDECILE,WEALTHDECILE_WEALTHDECILE10,38.77902,34.06656,43.7112,38.8 [34.1-43.7],2022-05-26T12:30:31+02:00
cpmt,COM,AFR,2012,WEALTHDECILE,WEALTHDECILE_WEALTHDECILE07,23.22722,18.08159,29.31318,23.2 [18.1-29.3],2022-05-26T12:03:49+02:00
cpmt,SEN,AFR,2005,DHSMICSGEOREGION,DHSMICSGEOREGION_SENDHS200505,10.0995,7.53489,13.41041,10.1 [7.5-13.4],2022-05-26T14:45:37+02:00
cpmt,BEN,AFR,2014,RESIDENCEAREATYPE,RESIDENCEAREATYPE_URB,20.75174,18.98274,22.63952,20.8 [19.0-22.6],2022-05-26T11:33:02+02:00
cpmt,TZA,AFR,2010,DHSMICSGEOREGION,DHSMICSGEOREGION_TZADHS201017,15.1036,10.05185,22.07123,15.1 [10.1-22.1],2022-05-26T14:51:35+02:00
cpmt,UGA,AFR,2016,WEALTHDECILE,WEALTHDECILE_WEALTHDECILE06,41.06777,37.59664,44.63018,41.1 [37.6-44.6],2022-05-26T12:36:05+02:00
cpmt,GIN,AFR,2005,RESIDENCEAREATYPE,RESIDENCEAREATYPE_URB,14.91023,13.17003,16.83579,14.9 [13.2-16.8],2022-05-26T11:35:17+02:00
cpmt,CIV,AFR,2006,WEALTHQUINTILE,WEALTHQUINTILE_WQ5,24.95666,21.55584,28.69774,25.0 [21.6-28.7],2022-05-26T12:49:51+02:00
cpmt,SEN,AFR,2015,EDUCATIONLEVEL,EDUCATIONLEVEL_NHLM,17.99103,16.14088,20.00268,18.0 [16.1-20.0],2022-05-26T11:23:55+02:00
cpmt,SEN,AFR,2016,WEALTHQUINTILE,WEALTHQUINTILE_WQ5,32.02673,25.56174,39.26436,32.0 [25.6-39.3],2022-05-26T13:03:20+02:00
cpmt,COG,AFR,2011,WEALTHDECILE,WEALTHDECILE_WEALTHDECILE01,37.22475,33.51393,41.09251,37.2 [33.5-41.1],2022-05-26T12:04:00+02:00
cpmt,NGA,AFR,2003,DHSMICSGEOREGION,DHSMICSGEOREGION_NGADHS200302,4.2453,3.17399,5.65709,4.2 [3.2-5.7],2022-05-26T14:37:05+02:00
cpmt,TZA,AFR,1996,WEALTHQUINTILE,WEALTHQUINTILE_WQ1,10.1239,8.32329,12.26194,10.1 [8.3-12.3],2022-05-26T13:06:38+02:00
cpmt,TGO,AFR,2017,WEALTHDECILE,WEALTHDECILE_WEALTHDECILE09,26.30317,21.58994,31.63026,26.3 [21.6-31.6],2022-05-26T12:34:17+02:00
cpmt,TCD,AFR,2019,DHSMICSGEOREGION,DHSMICSGEOREGION_TCDMICS201907,3.27487,1.66269,6.34931,3.3 [1.7-6.3],2022-05-26T14:17:44+02:00
cpmt,ETH,AFR,2005,AGEGROUP,AGEGROUP_YEARS20-49,15.21135,13.91024,16.61067,15.2 [13.9-16.6],2022-05-26T11:01:40+02:00
cpmt,LSO,AFR,2004,WEALTHQUINTILE,WEALTHQUINTILE_WQ3,37.56961,33.52477,41.79563,37.6 [33.5-41.8],2022-05-26T12:56:13+02:00
cpmt,MLI,AFR,2012,WEALTHDECILE,WEALTHDECILE_WEALTHDECILE02,4.51529,3.22568,6.28698,4.5 [3.2-6.3],2022-05-26T12:18:56+02:00
cpmt,MDG,AFR,2018,WEALTHQUINTILE,WEALTHQUINTILE_WQ3,47.76841,44.97864,50.57218,47.8 [45.0-50.6],2022-05-26T12:56:46+02:00
cpmt,NGA,AFR,2011,WEALTHDECILE,WEALTHDECILE_WEALTHDECILE09,30.43171,26.9491,34.15395,30.4 [26.9-34.2],2022-05-26T12:23:13+02:00
cpmt,TCD,AFR,2010,DHSMICSGEOREGION,DHSMICSGEOREGION_TCDMICS201015,0.4494,0.17531,1.1471,0.4 [0.2-1.1],2022-05-26T14:17:20+02:00
cpmt,MRT,AFR,2011,DHSMICSGEOREGION,DHSMICSGEOREGION_MRTMICS201109,4.26955,2.67531,6.74795,4.3 [2.7-6.7],2022-05-26T14:34:03+02:00
cpmt,MDG,AFR,2008,WEALTHDECILE,WEALTHDECILE_WEALTHDECILE02,22.55957,19.45918,25.99452,22.6 [19.5-26.0],2022-05-26T12:17:23+02:00
cpmt,MRT,AFR,2011,DHSMICSGEOREGION,DHSMICSGEOREGION_MRTMICS201110,7.04425,5.4239,9.10208,7.0 [5.4-9.1],2022-05-26T14:34:03+02:00
cpmt,TCD,AFR,1996,DHSMICSGEOREGION,DHSMICSGEOREGION_TCDDHS199602,0,0,0,0,2022-05-26T14:17:05+02:00
cpmt,MDG,AFR,2008,WEALTHQUINTILE,WEALTHQUINTILE_WQ1,19.94293,17.66217,22.43795,19.9 [17.7-22.4],2022-05-26T12:56:42+02:00
cpmt,TCD,AFR,2019,WEALTHDECILE,WEALTHDECILE_WEALTHDECILE04,4.99237,3.55368,6.97142,5.0 [3.6-7.0],2022-05-26T12:03:13+02:00
cpmt,TCD,AFR,2014,DHSMICSGEOREGION,DHSMICSGEOREGION_TCDDHS201413,12.53646,9.47161,16.41324,12.5 [9.5-16.4],2022-05-26T14:17:32+02:00
cpmt,BDI,AFR,2010,WEALTHDECILE,WEALTHDECILE_WEALTHDECILE03,16.69468,13.25672,20.81033,16.7 [13.3-20.8],2022-05-26T12:01:12+02:00
cpmt,GMB,AFR,2013,DHSMICSGEOREGION,DHSMICSGEOREGION_GMBDHS201302,14.63493,12.01755,17.70763,14.6 [12.0-17.7],2022-05-26T14:23:01+02:00
cpmt,GHA,AFR,2011,WEALTHDECILE,WEALTHDECILE_WEALTHDECILE02,26.50156,22.14561,31.36907,26.5 [22.1-31.4],2022-05-26T12:10:01+02:00
cpmt,MWI,AFR,2006,WEALTHDECILE,WEALTHDECILE_WEALTHDECILE01,37.69183,34.01886,41.51188,37.7 [34.0-41.5],2022-05-26T12:17:46+02:00
cpmt,NAM,AFR,2013,DHSMICSGEOREGION,DHSMICSGEOREGION_NAMDHS201313,60.33886,55.10184,65.34916,60.3 [55.1-65.3],2022-05-26T14:35:50+02:00
cpmt,GMB,AFR,2010,DHSMICSGEOREGION,DHSMICSGEOREGION_GMBMICS201006,9.73703,7.95969,11.8601,9.7 [8.0-11.9],2022-05-26T14:22:55+02:00
cpmt,MWI,AFR,2000,DHSMICSGEOREGION,DHSMICSGEOREGION_MWIDHS200003,28.81539,27.45857,30.21133,28.8 [27.5-30.2],2022-05-26T14:32:43+02:00
cpmt,ZMB,AFR,2007,WEALTHQUINTILE,WEALTHQUINTILE_WQ3,31.32395,27.80851,35.06793,31.3 [27.8-35.1],2022-05-26T13:07:37+02:00
cpmt,GHA,AFR,2003,DHSMICSGEOREGION,DHSMICSGEOREGION_GHADHS200309,26.32943,22.29474,30.80482,26.3 [22.3-30.8],2022-05-26T14:23:38+02:00
cpmt,MRT,AFR,2007,WEALTHQUINTILE,WEALTHQUINTILE_WQ4,13.94489,12.00594,16.13953,13.9 [12.0-16.1],2022-05-26T12:57:42+02:00
cpmt,MOZ,AFR,2008,WEALTHDECILE,WEALTHDECILE_WEALTHDECILE03,10.3652,7.42031,14.29832,10.4 [7.4-14.3],2022-05-26T12:20:32+02:00
cpmt,TCD,AFR,2004,WEALTHDECILE,WEALTHDECILE_WEALTHDECILE01,7.4158,3.79717,13.98174,7.4 [3.8-14.0],2022-05-26T12:02:58+02:00
cpmt,ZWE,AFR,2005,WEALTHDECILE,WEALTHDECILE_WEALTHDECILE09,72.73028,68.51495,76.5742,72.7 [68.5-76.6],2022-05-26T12:38:57+02:00
cpmt,ZMB,AFR,2007,WEALTHQUINTILE,WEALTHQUINTILE_WQ1,40.46113,36.73945,44.29583,40.5 [36.7-44.3],2022-05-26T13:07:37+02:00
cpmt,CIV,AFR,2006,EDUCATIONLEVEL,EDUCATIONLEVEL_SHLM,29.80351,25.81834,34.12088,29.8 [25.8-34.1],2022-05-26T11:16:34+02:00
cpmt,KEN,AFR,1998,WEALTHDECILE,WEALTHDECILE_WEALTHDECILE05,36.19166,31.87273,40.74581,36.2 [31.9-40.7],2022-05-26T12:15:17+02:00
cpmt,UGA,AFR,2000,WEALTHQUINTILE,WEALTHQUINTILE_WQ4,23.81347,19.89046,28.23747,23.8 [19.9-28.2],2022-05-26T13:06:12+02:00
cpmt,TGO,AFR,2013,WEALTHDECILE,WEALTHDECILE_WEALTHDECILE02,18.54084,15.22734,22.38497,18.5 [15.2-22.4],2022-05-26T12:34:10+02:00
cpmt,COD,AFR,2013,DHSMICSGEOREGION,DHSMICSGEOREGION_CODDHS201305,23.54822,14.56632,35.75091,23.5 [14.6-35.8],2022-05-26T14:19:36+02:00
cpmt,CAF,AFR,2010,WEALTHDECILE,WEALTHDECILE_WEALTHDECILE09,28.22664,22.66808,34.53946,28.2 [22.7-34.5],2022-05-26T12:02:42+02:00
cpmt,ZWE,AFR,2010,WEALTHQUINTILE,WEALTHQUINTILE_WQ3,57.55127,52.6278,62.32932,57.6 [52.6-62.3],2022-05-26T13:08:00+02:00
cpmt,MWI,AFR,2010,EDUCATIONLEVEL,EDUCATIONLEVEL_NHLM,40.2622,37.80074,42.77373,40.3 [37.8-42.8],2022-05-26T11:20:33+02:00
cpmt,COM,AFR,1996,WEALTHQUINTILE,WEALTHQUINTILE_WQ2,20.0565,16.5162,24.13627,20.1 [16.5-24.1],2022-05-26T12:49:04+02:00
cpmt,MLI,AFR,2006,AGEGROUP,AGEGROUP_YEARS20-49,8.32365,7.43551,9.3072,8.3 [7.4-9.3],2022-05-26T11:03:58+02:00
cpmt,NGA,AFR,2016,WEALTHDECILE,WEALTHDECILE_WEALTHDECILE03,6.49507,5.38267,7.81836,6.5 [5.4-7.8],2022-05-26T12:23:27+02:00
cpmt,GAB,AFR,2012,DHSMICSGEOREGION,DHSMICSGEOREGION_GABDHS201205,25.4107,21.36203,29.93459,25.4 [21.4-29.9],2022-05-26T14:22:45+02:00
cpmt,NER,AFR,2006,RESIDENCEAREATYPE,RESIDENCEAREATYPE_RUR,9.14881,7.87985,10.59861,9.1 [7.9-10.6],2022-05-26T11:37:53+02:00
cpmt,RWA,AFR,2000,DHSMICSGEOREGION,DHSMICSGEOREGION_RWADHS200010,17.08861,13.40074,21.53895,17.1 [13.4-21.5],2022-05-26T14:45:02+02:00
cpmt,RWA,AFR,2000,EDUCATIONLEVEL,EDUCATIONLEVEL_PRLM,12.04707,10.72511,13.50731,12.0 [10.7-13.5],2022-05-26T11:23:29+02:00
cpmt,BEN,AFR,2014,DHSMICSGEOREGION,DHSMICSGEOREGION_BENMICS201407,6.59195,4.84384,8.91186,6.6 [4.8-8.9],2022-05-26T14:13:21+02:00
cpmt,MOZ,AFR,2003,RESIDENCEAREATYPE,RESIDENCEAREATYPE_URB,33.20907,30.32986,36.21952,33.2 [30.3-36.2],2022-05-26T11:37:26+02:00
cpmt,MWI,AFR,2004,WEALTHDECILE,WEALTHDECILE_WEALTHDECILE01,23.77739,19.18433,29.07449,23.8 [19.2-29.1],2022-05-26T12:17:40+02:00
cpmt,GNB,AFR,2014,WEALTHQUINTILE,WEALTHQUINTILE_WQ1,9.16315,7.61685,10.98602,9.2 [7.6-11.0],2022-05-26T12:53:14+02:00
cpmt,MLI,AFR,2012,EDUCATIONLEVEL,EDUCATIONLEVEL_SHLM,27.53195,23.74113,31.67664,27.5 [23.7-31.7],2022-05-26T11:20:51+02:00
cpmt,GIN,AFR,2018,AGEGROUP,AGEGROUP_YEARS15-19,10.59144,7.66498,14.46022,10.6 [7.7-14.5],2022-05-26T11:02:17+02:00
cpmt,MOZ,AFR,2008,DHSMICSGEOREGION,DHSMICSGEOREGION_MOZMICS200804,8.83989,6.33348,12.2089,8.8 [6.3-12.2],2022-05-26T14:35:01+02:00
cpmt,NGA,AFR,2011,DHSMICSGEOREGION,DHSMICSGEOREGION_NGAMICS201131,18.81297,15.3689,22.82072,18.8 [15.4-22.8],2022-05-26T14:37:37+02:00
cpmt,SEN,AFR,2014,DHSMICSGEOREGION,DHSMICSGEOREGION_SENDHS201409,18.33667,13.32841,24.69072,18.3 [13.3-24.7],2022-05-26T14:46:00+02:00
cpmt,NGA,AFR,2016,DHSMICSGEOREGION,DHSMICSGEOREGION_NGAMICS201619,6.34042,4.81293,8.31037,6.3 [4.8-8.3],2022-05-26T14:38:02+02:00
cpmt,TCD,AFR,2014,AGEGROUP,AGEGROUP_YEARS20-49,6.0019,5.23445,6.87371,6.0 [5.2-6.9],2022-05-26T11:00:33+02:00
cpmt,GHA,AFR,2017,WEALTHDECILE,WEALTHDECILE_WEALTHDECILE08,26.88334,22.71907,31.49978,26.9 [22.7-31.5],2022-05-26T12:10:12+02:00
cpmt,CPV,AFR,1998,DHSMICSGEOREGION,DHSMICSGEOREGION_CPVRHS199801,63.9684,57.72007,69.77684,64.0 [57.7-69.8],2022-05-26T14:15:03+02:00
cpmt,TCD,AFR,2019,WEALTHDECILE,WEALTHDECILE_WEALTHDECILE07,8.95716,6.74543,11.8023,9.0 [6.7-11.8],2022-05-26T12:03:13+02:00
cpmt,MLI,AFR,2018,DHSMICSGEOREGION,DHSMICSGEOREGION_MLIDHS201808,2.64498,1.05685,6.46367,2.6 [1.1-6.5],2022-05-26T14:33:49+02:00
cpmt,ZWE,AFR,2010,RESIDENCEAREATYPE,RESIDENCEAREATYPE_URB,61.53059,57.9712,64.97067,61.5 [58.0-65.0],2022-05-26T11:41:02+02:00
cpmt,KEN,AFR,1998,EDUCATIONLEVEL,EDUCATIONLEVEL_PRLM,34.5376,32.42283,36.71537,34.5 [32.4-36.7],2022-05-26T11:19:47+02:00
cpmt,MWI,AFR,2013,DHSMICSGEOREGION,DHSMICSGEOREGION_MWIMICS201327,52.28285,43.37357,61.0492,52.3 [43.4-61.0],2022-05-26T14:32:54+02:00
cpmt,CMR,AFR,2014,WEALTHQUINTILE,WEALTHQUINTILE_WQ3,42.43343,38.03636,46.95363,42.4 [38.0-47.0],2022-05-26T12:48:13+02:00
cpmt,DZA,AFR,2018,WEALTHDECILE,WEALTHDECILE_WEALTHDECILE07,55.1317,52.25812,57.97143,55.1 [52.3-58.0],2022-05-26T11:56:21+02:00
cpmt,ZAF,AFR,2016,WEALTHDECILE,WEALTHDECILE_WEALTHDECILE09,57.13752,49.94944,64.03655,57.1 [49.9-64.0],2022-05-26T12:32:07+02:00
cpmt,GHA,AFR,2003,WEALTHQUINTILE,WEALTHQUINTILE_WQ1,14.01242,11.50968,16.95509,14.0 [11.5-17.0],2022-05-26T12:52:20+02:00
cpmt,GAB,AFR,2012,WEALTHDECILE,WEALTHDECILE_WEALTHDECILE02,25.39339,20.15197,31.46093,25.4 [20.2-31.5],2022-05-26T12:08:43+02:00
cpmt,CMR,AFR,2006,WEALTHDECILE,WEALTHDECILE_WEALTHDECILE08,40.41116,34.59159,46.51355,40.4 [34.6-46.5],2022-05-26T12:02:08+02:00
cpmt,BFA,AFR,2003,DHSMICSGEOREGION,DHSMICSGEOREGION_BFADHS200304,6.43531,5.24626,7.87146,6.4 [5.2-7.9],2022-05-26T14:14:20+02:00
cpmt,BEN,AFR,1996,DHSMICSGEOREGION,DHSMICSGEOREGION_BENDHS199603,4.56685,2.88068,7.16718,4.6 [2.9-7.2],2022-05-26T14:12:58+02:00
cpmt,BEN,AFR,2017,DHSMICSGEOREGION,DHSMICSGEOREGION_BENDHS201706,6.20444,4.30333,8.86758,6.2 [4.3-8.9],2022-05-26T14:13:29+02:00
cpmt,GHA,AFR,1993,WEALTHDECILE,WEALTHDECILE_WEALTHDECILE04,11.32686,8.16012,15.51492,11.3 [8.2-15.5],2022-05-26T12:09:32+02:00
cpmt,COD,AFR,2010,WEALTHDECILE,WEALTHDECILE_WEALTHDECILE08,19.39872,14.28606,25.79054,19.4 [14.3-25.8],2022-05-26T12:05:32+02:00
cpmt,BFA,AFR,2003,WEALTHDECILE,WEALTHDECILE_WEALTHDECILE09,23.28949,19.92564,27.02954,23.3 [19.9-27.0],2022-05-26T12:00:44+02:00
cpmt,SEN,AFR,1997,WEALTHDECILE,WEALTHDECILE_WEALTHDECILE05,10.71049,8.14277,13.96483,10.7 [8.1-14.0],2022-05-26T12:29:44+02:00
cpmt,CMR,AFR,1998,WEALTHDECILE,WEALTHDECILE_WEALTHDECILE02,5.98659,3.64592,9.67901,6.0 [3.6-9.7],2022-05-26T12:01:55+02:00
cpmt,NAM,AFR,2013,AGEGROUP,AGEGROUP_YEARS20-49,56.75646,54.60534,58.8824,56.8 [54.6-58.9],2022-05-26T11:04:29+02:00
cpmt,UGA,AFR,2006,EDUCATIONLEVEL,EDUCATIONLEVEL_PRLM,22.42548,20.64246,24.31532,22.4 [20.6-24.3],2022-05-26T11:25:29+02:00
cpmt,MOZ,AFR,2008,WEALTHDECILE,WEALTHDECILE_WEALTHDECILE07,15.78383,12.69843,19.45186,15.8 [12.7-19.5],2022-05-26T12:20:32+02:00
cpmt,TGO,AFR,1998,DHSMICSGEOREGION,DHSMICSGEOREGION_TGODHS199804,23.95013,20.98142,27.19432,24.0 [21.0-27.2],2022-05-26T14:48:52+02:00
cpmt,RWA,AFR,2010,WEALTHDECILE,WEALTHDECILE_WEALTHDECILE08,57.5496,53.41716,61.57913,57.5 [53.4-61.6],2022-05-26T12:28:51+02:00
cpmt,ETH,AFR,2011,WEALTHDECILE,WEALTHDECILE_WEALTHDECILE07,26.92042,22.12514,32.32362,26.9 [22.1-32.3],2022-05-26T12:08:19+02:00
cpmt,TGO,AFR,2013,WEALTHQUINTILE,WEALTHQUINTILE_WQ5,24.56897,21.91482,27.43164,24.6 [21.9-27.4],2022-05-26T13:05:19+02:00
cpmt,TZA,AFR,1996,DHSMICSGEOREGION,DHSMICSGEOREGION_TZADHS199601,12.66375,5.83967,25.3181,12.7 [5.8-25.3],2022-05-26T14:50:53+02:00
cpmt,GIN,AFR,2018,WEALTHDECILE,WEALTHDECILE_WEALTHDECILE09,14.72129,11.1907,19.12586,14.7 [11.2-19.1],2022-05-26T12:11:08+02:00
cpmt,UGA,AFR,2006,DHSMICSGEOREGION,DHSMICSGEOREGION_UGADHS200602,36.02262,30.92121,41.46051,36.0 [30.9-41.5],2022-05-26T14:50:06+02:00
cpmt,ZMB,AFR,1996,WEALTHQUINTILE,WEALTHQUINTILE_WQ1,19.99986,17.5911,22.64781,20.0 [17.6-22.6],2022-05-26T13:07:30+02:00
cpmt,SWZ,AFR,2014,EDUCATIONLEVEL,EDUCATIONLEVEL_PRLM,59.39916,54.47583,64.14053,59.4 [54.5-64.1],2022-05-26T11:17:31+02:00
cpmt,TGO,AFR,2017,DHSMICSGEOREGION,DHSMICSGEOREGION_TGOMICS201707,31.67443,26.63226,37.18736,31.7 [26.6-37.2],2022-05-26T14:49:06+02:00
cpmt,MLI,AFR,1995,WEALTHDECILE,WEALTHDECILE_WEALTHDECILE06,4.39194,2.95631,6.4782,4.4 [3.0-6.5],2022-05-26T12:18:32+02:00
cpmt,NGA,AFR,2011,AGEGROUP,AGEGROUP_YEARS20-49,18.29471,17.19447,19.44881,18.3 [17.2-19.4],2022-05-26T11:04:54+02:00
cpmt,BDI,AFR,2005,WEALTHDECILE,WEALTHDECILE_WEALTHDECILE07,9.32451,6.71252,12.81328,9.3 [6.7-12.8],2022-05-26T12:01:05+02:00
cpmt,BDI,AFR,2010,EDUCATIONLEVEL,EDUCATIONLEVEL_SHLM,41.07539,36.39751,45.92042,41.1 [36.4-45.9],2022-05-26T11:15:12+02:00
cpmt,CMR,AFR,2004,WEALTHDECILE,WEALTHDECILE_WEALTHDECILE03,11.94706,9.52564,14.88275,11.9 [9.5-14.9],2022-05-26T12:02:01+02:00
cpmt,LSO,AFR,2009,DHSMICSGEOREGION,DHSMICSGEOREGION_LSODHS200906,41.64476,35.51574,48.04344,41.6 [35.5-48.0],2022-05-26T14:31:50+02:00
cpmt,SEN,AFR,2016,WEALTHDECILE,WEALTHDECILE_WEALTHDECILE04,23.89601,19.31109,29.1759,23.9 [19.3-29.2],2022-05-26T12:30:25+02:00
cpmt,SEN,AFR,2018,DHSMICSGEOREGION,DHSMICSGEOREGION_SENDHS201813,11.09682,8.88836,13.77106,11.1 [8.9-13.8],2022-05-26T14:46:33+02:00
cpmt,CMR,AFR,2004,DHSMICSGEOREGION,DHSMICSGEOREGION_CMRDHS200409,39.54686,35.29034,43.96794,39.5 [35.3-44.0],2022-05-26T14:16:01+02:00
cpmt,NGA,AFR,2016,WEALTHQUINTILE,WEALTHQUINTILE_WQ3,11.36906,10.0988,12.77639,11.4 [10.1-12.8],2022-05-26T13:00:01+02:00
cpmt,MLI,AFR,2015,WEALTHDECILE,WEALTHDECILE_WEALTHDECILE07,18.18022,15.47714,21.23678,18.2 [15.5-21.2],2022-05-26T12:19:03+02:00
cpmt,KEN,AFR,2003,EDUCATIONLEVEL,EDUCATIONLEVEL_SHLM,61.79905,58.58034,64.91743,61.8 [58.6-64.9],2022-05-26T11:19:48+02:00
cpmt,MDG,AFR,2018,EDUCATIONLEVEL,EDUCATIONLEVEL_NHLM,32.18101,29.40429,35.08961,32.2 [29.4-35.1],2022-05-26T11:20:26+02:00
cpmt,MWI,AFR,2013,WEALTHQUINTILE,WEALTHQUINTILE_WQ4,57.9743,55.56822,60.34307,58.0 [55.6-60.3],2022-05-26T12:57:02+02:00
cpmt,MWI,AFR,2019,DHSMICSGEOREGION,DHSMICSGEOREGION_MWIMICS201902,69.60701,67.76584,71.38743,69.6 [67.8-71.4],2022-05-26T14:33:09+02:00
cpmt,MWI,AFR,2004,WEALTHDECILE,WEALTHDECILE_WEALTHDECILE04,27.68057,24.27509,31.3659,27.7 [24.3-31.4],2022-05-26T12:17:40+02:00
cpmt,ZWE,AFR,1999,WEALTHDECILE,WEALTHDECILE_WEALTHDECILE01,44.24659,37.20486,51.52747,44.2 [37.2-51.5],2022-05-26T12:38:51+02:00
cpmt,CMR,AFR,2014,WEALTHQUINTILE,WEALTHQUINTILE_WQ5,46.04654,42.60223,49.52902,46.0 [42.6-49.5],2022-05-26T12:48:13+02:00
cpmt,KEN,AFR,1993,WEALTHQUINTILE,WEALTHQUINTILE_WQ2,20.4399,17.87575,23.26765,20.4 [17.9-23.3],2022-05-26T12:55:26+02:00
cpmt,MWI,AFR,2019,WEALTHDECILE,WEALTHDECILE_WEALTHDECILE06,64.98624,61.7258,68.11243,65.0 [61.7-68.1],2022-05-26T12:18:12+02:00
cpmt,LBR,AFR,2007,WEALTHDECILE,WEALTHDECILE_WEALTHDECILE02,3.74817,2.16985,6.39942,3.7 [2.2-6.4],2022-05-26T12:16:55+02:00
cpmt,ZMB,AFR,1996,DHSMICSGEOREGION,DHSMICSGEOREGION_ZMBDHS199609,18.7427,15.41785,22.59303,18.7 [15.4-22.6],2022-05-26T14:53:06+02:00
cpmt,DZA,AFR,2012,DHSMICSGEOREGION,DHSMICSGEOREGION_DZAMICS201202,55.60625,53.0637,58.11977,55.6 [53.1-58.1],2022-05-26T14:10:47+02:00
cpmt,ZWE,AFR,1994,DHSMICSGEOREGION,DHSMICSGEOREGION_ZWEDHS199405,33.61731,28.52071,39.12613,33.6 [28.5-39.1],2022-05-26T14:53:34+02:00
cpmt,NAM,AFR,2006,DHSMICSGEOREGION,DHSMICSGEOREGION_NAMDHS200603,62.6206,56.20419,68.62178,62.6 [56.2-68.6],2022-05-26T14:35:42+02:00
cpmt,COG,AFR,2014,WEALTHDECILE,WEALTHDECILE_WEALTHDECILE08,25.63732,21.13363,30.72685,25.6 [21.1-30.7],2022-05-26T12:04:06+02:00
cpmt,SLE,AFR,2010,WEALTHDECILE,WEALTHDECILE_WEALTHDECILE05,7.68216,5.8088,10.09493,7.7 [5.8-10.1],2022-05-26T12:31:30+02:00
cpmt,TCD,AFR,2010,WEALTHDECILE,WEALTHDECILE_WEALTHDECILE02,3.25356,2.20235,4.782,3.3 [2.2-4.8],2022-05-26T12:03:03+02:00
cpmt,BFA,AFR,2010,RESIDENCEAREATYPE,RESIDENCEAREATYPE_RUR,11.31693,10.38732,12.31831,11.3 [10.4-12.3],2022-05-26T11:33:17+02:00
cpmt,RWA,AFR,2000,DHSMICSGEOREGION,DHSMICSGEOREGION_RWADHS200011,7.69231,6.00308,9.80727,7.7 [6.0-9.8],2022-05-26T14:45:02+02:00
cpmt,MOZ,AFR,1997,DHSMICSGEOREGION,DHSMICSGEOREGION_MOZDHS199709,1.80074,0.5513,5.71894,1.8 [0.6-5.7],2022-05-26T14:34:47+02:00
cpmt,MRT,AFR,2015,RESIDENCEAREATYPE,RESIDENCEAREATYPE_RUR,10.62849,9.17832,12.27681,10.6 [9.2-12.3],2022-05-26T11:37:12+02:00
cpmt,ZMB,AFR,2013,RESIDENCEAREATYPE,RESIDENCEAREATYPE_RUR,43.91928,42.05858,45.79723,43.9 [42.1-45.8],2022-05-26T11:40:54+02:00
cpmt,COD,AFR,2017,DHSMICSGEOREGION,DHSMICSGEOREGION_CODMICS201709,2.5648,1.2263,5.28604,2.6 [1.2-5.3],2022-05-26T14:19:46+02:00
cpmt,MDG,AFR,1997,WEALTHDECILE,WEALTHDECILE_WEALTHDECILE04,10.80381,7.69517,14.96467,10.8 [7.7-15.0],2022-05-26T12:17:12+02:00
cpmt,ZAF,AFR,1998,WEALTHQUINTILE,WEALTHQUINTILE_WQ5,71.27469,68.50492,73.8937,71.3 [68.5-73.9],2022-05-26T13:04:09+02:00
cpmt,TZA,AFR,2010,DHSMICSGEOREGION,DHSMICSGEOREGION_TZADHS201005,46.66955,39.00635,54.49319,46.7 [39.0-54.5],2022-05-26T14:51:35+02:00
cpmt,ETH,AFR,2016,DHSMICSGEOREGION,DHSMICSGEOREGION_ETHDHS201603,47.31392,43.25016,51.41358,47.3 [43.3-51.4],2022-05-26T14:22:30+02:00
cpmt,LBR,AFR,2019,WEALTHQUINTILE,WEALTHQUINTILE_WQ1,24.13547,21.16132,27.38244,24.1 [21.2-27.4],2022-05-26T12:56:32+02:00
cpmt,STP,AFR,2008,EDUCATIONLEVEL,EDUCATIONLEVEL_SHLM,37.98329,31.73705,44.65469,38.0 [31.7-44.7],2022-05-26T11:23:40+02:00
cpmt,MRT,AFR,2015,EDUCATIONLEVEL,EDUCATIONLEVEL_PRLM,21.1382,19.14798,23.27572,21.1 [19.1-23.3],2022-05-26T11:20:59+02:00
cpmt,MDG,AFR,2018,DHSMICSGEOREGION,DHSMICSGEOREGION_MDGMICS201822,43.41761,35.74392,51.42038,43.4 [35.7-51.4],2022-05-26T14:32:33+02:00
cpmt,NER,AFR,1998,WEALTHDECILE,WEALTHDECILE_WEALTHDECILE06,5.29959,3.7208,7.49613,5.3 [3.7-7.5],2022-05-26T12:22:25+02:00
cpmt,TCD,AFR,2004,DHSMICSGEOREGION,DHSMICSGEOREGION_TCDDHS200405,5.54737,4.11883,7.43297,5.5 [4.1-7.4],2022-05-26T14:17:13+02:00
cpmt,GAB,AFR,2000,WEALTHQUINTILE,WEALTHQUINTILE_WQ4,36.29981,32.27734,40.52361,36.3 [32.3-40.5],2022-05-26T12:51:46+02:00
cpmt,SEN,AFR,2018,DHSMICSGEOREGION,DHSMICSGEOREGION_SENDHS201805,15.82031,11.09428,22.06002,15.8 [11.1-22.1],2022-05-26T14:46:33+02:00
cpmt,SEN,AFR,2015,EDUCATIONLEVEL,EDUCATIONLEVEL_PRLM,32.67447,26.86462,39.06956,32.7 [26.9-39.1],2022-05-26T11:23:55+02:00
cpmt,GMB,AFR,2018,EDUCATIONLEVEL,EDUCATIONLEVEL_SHLM,20.30727,17.97331,22.85986,20.3 [18.0-22.9],2022-05-26T11:17:51+02:00
cpmt,STP,AFR,2008,WEALTHQUINTILE,WEALTHQUINTILE_WQ4,41.62646,35.05396,48.51081,41.6 [35.1-48.5],2022-05-26T13:02:50+02:00
cpmt,MOZ,AFR,2003,DHSMICSGEOREGION,DHSMICSGEOREGION_MOZDHS200306,10.35333,7.67785,13.82156,10.4 [7.7-13.8],2022-05-26T14:34:53+02:00
cpmt,TCD,AFR,2004,AGEGROUP,AGEGROUP_YEARS20-49,11.57143,9.93731,13.43419,11.6 [9.9-13.4],2022-05-26T11:00:31+02:00
cpmt,SLE,AFR,2013,EDUCATIONLEVEL,EDUCATIONLEVEL_NHLM,14.25096,12.9974,15.60374,14.3 [13.0-15.6],2022-05-26T11:24:16+02:00
cpmt,TZA,AFR,2015,DHSMICSGEOREGION,DHSMICSGEOREGION_TZADHS201510,57.15329,50.28409,63.75745,57.2 [50.3-63.8],2022-05-26T14:51:51+02:00
cpmt,AGO,AFR,2015,DHSMICSGEOREGION,DHSMICSGEOREGION_AGODHS201505,5.649,2.86482,10.83712,5.6 [2.9-10.8],2022-05-26T14:10:58+02:00
cpmt,LSO,AFR,2018,WEALTHDECILE,WEALTHDECILE_WEALTHDECILE04,64.57329,57.73523,70.86333,64.6 [57.7-70.9],2022-05-26T12:16:50+02:00
cpmt,CIV,AFR,2006,WEALTHQUINTILE,WEALTHQUINTILE_WQ1,8.88281,6.76805,11.57632,8.9 [6.8-11.6],2022-05-26T12:49:51+02:00
cpmt,GMB,AFR,2010,DHSMICSGEOREGION,DHSMICSGEOREGION_GMBMICS201003,9.46925,7.30067,12.19724,9.5 [7.3-12.2],2022-05-26T14:22:55+02:00
cpmt,NER,AFR,2012,EDUCATIONLEVEL,EDUCATIONLEVEL_PRLM,20.46728,17.72009,23.51863,20.5 [17.7-23.5],2022-05-26T11:22:01+02:00
cpmt,UGA,AFR,2016,DHSMICSGEOREGION,DHSMICSGEOREGION_UGADHS201610,31.25581,27.01799,35.83198,31.3 [27.0-35.8],2022-05-26T14:50:18+02:00
cpmt,NGA,AFR,2016,DHSMICSGEOREGION,DHSMICSGEOREGION_NGAMICS201615,6.45455,4.34925,9.47798,6.5 [4.3-9.5],2022-05-26T14:38:02+02:00
cpmt,SLE,AFR,2019,WEALTHQUINTILE,WEALTHQUINTILE_WQ4,26.23444,24.1005,28.48639,26.2 [24.1-28.5],2022-05-26T13:04:02+02:00
cpmt,NAM,AFR,2000,WEALTHQUINTILE,WEALTHQUINTILE_WQ1,26.04187,21.38826,31.3048,26.0 [21.4-31.3],2022-05-26T12:58:42+02:00
cpmt,UGA,AFR,2016,DHSMICSGEOREGION,DHSMICSGEOREGION_UGADHS201607,33.91767,30.05898,38.00255,33.9 [30.1-38.0],2022-05-26T14:50:18+02:00
cpmt,COD,AFR,2017,DHSMICSGEOREGION,DHSMICSGEOREGION_CODMICS201719,11.1735,5.91189,20.11672,11.2 [5.9-20.1],2022-05-26T14:19:46+02:00
cpmt,NER,AFR,2012,WEALTHQUINTILE,WEALTHQUINTILE_WQ2,8.79019,6.98576,11.00555,8.8 [7.0-11.0],2022-05-26T12:59:38+02:00
cpmt,KEN,AFR,2008,DHSMICSGEOREGION,DHSMICSGEOREGION_KENDHS200806,42.35251,35.8714,49.1079,42.4 [35.9-49.1],2022-05-26T14:30:47+02:00
cpmt,ETH,AFR,2019,WEALTHQUINTILE,WEALTHQUINTILE_WQ3,45.19279,40.06779,50.42182,45.2 [40.1-50.4],2022-05-26T12:51:43+02:00
cpmt,SLE,AFR,2005,DHSMICSGEOREGION,DHSMICSGEOREGION_SLEMICS200503,2.01282,1.26643,3.18489,2.0 [1.3-3.2],2022-05-26T14:46:56+02:00
cpmt,GIN,AFR,2016,EDUCATIONLEVEL,EDUCATIONLEVEL_NHLM,7.77663,6.87726,8.78253,7.8 [6.9-8.8],2022-05-26T11:18:28+02:00
cpmt,MWI,AFR,2013,EDUCATIONLEVEL,EDUCATIONLEVEL_NHLM,53.13941,50.33062,55.92846,53.1 [50.3-55.9],2022-05-26T11:20:35+02:00
cpmt,GMB,AFR,2018,WEALTHDECILE,WEALTHDECILE_WEALTHDECILE08,20.35628,16.75028,24.51003,20.4 [16.8-24.5],2022-05-26T12:09:07+02:00
cpmt,SWZ,AFR,2006,DHSMICSGEOREGION,DHSMICSGEOREGION_SWZDHS200601,53.6702,49.91228,57.3869,53.7 [49.9-57.4],2022-05-26T14:22:04+02:00
cpmt,SEN,AFR,2010,DHSMICSGEOREGION,DHSMICSGEOREGION_SENDHS201011,3.2424,1.94404,5.36047,3.2 [1.9-5.4],2022-05-26T14:45:44+02:00
cpmt,LSO,AFR,2014,WEALTHDECILE,WEALTHDECILE_WEALTHDECILE10,62.34174,56.14609,68.15848,62.3 [56.1-68.2],2022-05-26T12:16:44+02:00
cpmt,MDG,AFR,2008,WEALTHDECILE,WEALTHDECILE_WEALTHDECILE09,54.1199,50.62737,57.57241,54.1 [50.6-57.6],2022-05-26T12:17:23+02:00
cpmt,COG,AFR,2011,DHSMICSGEOREGION,DHSMICSGEOREGION_COGDHS201111,41.22354,37.20671,45.36077,41.2 [37.2-45.4],2022-05-26T14:18:17+02:00
cpmt,ETH,AFR,2019,RESIDENCEAREATYPE,RESIDENCEAREATYPE_URB,49.66628,42.66263,56.68305,49.7 [42.7-56.7],2022-05-26T11:34:48+02:00
cpmt,SEN,AFR,2016,DHSMICSGEOREGION,DHSMICSGEOREGION_SENDHS201608,18.54289,13.90089,24.29757,18.5 [13.9-24.3],2022-05-26T14:46:17+02:00
cpmt,UGA,AFR,2000,WEALTHDECILE,WEALTHDECILE_WEALTHDECILE03,13.37411,10.69071,16.60582,13.4 [10.7-16.6],2022-05-26T12:35:46+02:00
cpmt,MRT,AFR,2015,WEALTHQUINTILE,WEALTHQUINTILE_WQ1,7.9195,6.0215,10.34987,7.9 [6.0-10.3],2022-05-26T12:57:48+02:00
cpmt,SEN,AFR,2005,DHSMICSGEOREGION,DHSMICSGEOREGION_SENDHS200508,10.5543,6.99402,15.62251,10.6 [7.0-15.6],2022-05-26T14:45:37+02:00
cpmt,BEN,AFR,2006,WEALTHQUINTILE,WEALTHQUINTILE_WQ4,18.95975,17.17344,20.88502,19.0 [17.2-20.9],2022-05-26T12:46:50+02:00
cpmt,ZAF,AFR,1998,WEALTHDECILE,WEALTHDECILE_WEALTHDECILE01,31.88335,26.13805,38.23774,31.9 [26.1-38.2],2022-05-26T12:32:01+02:00
cpmt,BDI,AFR,2005,EDUCATIONLEVEL,EDUCATIONLEVEL_PRLM,10.75494,9.1126,12.65208,10.8 [9.1-12.7],2022-05-26T11:15:11+02:00
cpmt,CAF,AFR,2018,EDUCATIONLEVEL,EDUCATIONLEVEL_NHLM,11.02816,9.30804,13.02051,11.0 [9.3-13.0],2022-05-26T11:15:49+02:00
cpmt,CPV,AFR,1998,AGEGROUP,AGEGROUP_YEARS20-49,53.90792,50.79072,56.99486,53.9 [50.8-57.0],2022-05-26T11:00:10+02:00
cpmt,STP,AFR,2014,RESIDENCEAREATYPE,RESIDENCEAREATYPE_RUR,45.79432,41.19613,50.46529,45.8 [41.2-50.5],2022-05-26T11:39:08+02:00
cpmt,ZWE,AFR,1999,DHSMICSGEOREGION,DHSMICSGEOREGION_ZWEDHS199909,63.50574,58.45179,68.27857,63.5 [58.5-68.3],2022-05-26T14:53:40+02:00
cpmt,ZAF,AFR,1998,DHSMICSGEOREGION,DHSMICSGEOREGION_ZAFDHS199806,66.14572,59.68924,72.05226,66.1 [59.7-72.1],2022-05-26T14:47:13+02:00
cpmt,KEN,AFR,2014,WEALTHDECILE,WEALTHDECILE_WEALTHDECILE03,56.51979,53.63843,59.35775,56.5 [53.6-59.4],2022-05-26T12:15:35+02:00
cpmt,ZAF,AFR,1998,DHSMICSGEOREGION,DHSMICSGEOREGION_ZAFDHS199802,46.36329,42.77813,49.98644,46.4 [42.8-50.0],2022-05-26T14:47:13+02:00
cpmt,BEN,AFR,2014,DHSMICSGEOREGION,DHSMICSGEOREGION_BENMICS201408,21.065,18.64968,23.70199,21.1 [18.6-23.7],2022-05-26T14:13:21+02:00
cpmt,COG,AFR,2005,WEALTHDECILE,WEALTHDECILE_WEALTHDECILE02,42.9367,36.97548,49.11011,42.9 [37.0-49.1],2022-05-26T12:03:54+02:00
cpmt,LBR,AFR,2007,EDUCATIONLEVEL,EDUCATIONLEVEL_SHLM,20.9362,17.32559,25.07108,20.9 [17.3-25.1],2022-05-26T11:20:16+02:00
cpmt,SWZ,AFR,2006,AGEGROUP,AGEGROUP_YEARS20-49,50.99209,48.67274,53.30718,51.0 [48.7-53.3],2022-05-26T11:01:36+02:00
cpmt,GIN,AFR,2018,WEALTHQUINTILE,WEALTHQUINTILE_WQ2,9.38673,7.11987,12.27991,9.4 [7.1-12.3],2022-05-26T12:53:08+02:00
cpmt,BFA,AFR,2003,WEALTHQUINTILE,WEALTHQUINTILE_WQ3,10.17206,8.64385,11.93516,10.2 [8.6-11.9],2022-05-26T12:47:29+02:00
cpmt,GHA,AFR,2011,DHSMICSGEOREGION,DHSMICSGEOREGION_GHAMICS201104,19.91372,16.01738,24.48156,19.9 [16.0-24.5],2022-05-26T14:23:55+02:00
cpmt,GHA,AFR,2003,WEALTHQUINTILE,WEALTHQUINTILE_WQ2,23.98168,20.00065,28.47308,24.0 [20.0-28.5],2022-05-26T12:52:20+02:00
cpmt,RWA,AFR,2014,WEALTHDECILE,WEALTHDECILE_WEALTHDECILE10,55.43544,51.32179,59.47593,55.4 [51.3-59.5],2022-05-26T12:28:57+02:00
cpmt,MLI,AFR,2015,WEALTHDECILE,WEALTHDECILE_WEALTHDECILE10,32.61067,29.56156,35.81437,32.6 [29.6-35.8],2022-05-26T12:19:03+02:00
cpmt,TZA,AFR,2004,DHSMICSGEOREGION,DHSMICSGEOREGION_TZADHS200408,33.54257,25.6633,42.45921,33.5 [25.7-42.5],2022-05-26T14:51:19+02:00
cpmt,GHA,AFR,1993,WEALTHQUINTILE,WEALTHQUINTILE_WQ1,11.82994,9.02596,15.35796,11.8 [9.0-15.4],2022-05-26T12:52:14+02:00
cpmt,RWA,AFR,2010,WEALTHQUINTILE,WEALTHQUINTILE_WQ3,52.7989,49.93753,55.642,52.8 [49.9-55.6],2022-05-26T13:02:34+02:00
cpmt,BEN,AFR,2006,WEALTHDECILE,WEALTHDECILE_WEALTHDECILE01,5.9602,4.58376,7.71654,6.0 [4.6-7.7],2022-05-26T11:59:22+02:00
cpmt,CMR,AFR,2014,WEALTHQUINTILE,WEALTHQUINTILE_WQ4,43.87552,40.32189,47.4931,43.9 [40.3-47.5],2022-05-26T12:48:13+02:00
cpmt,DZA,AFR,2018,DHSMICSGEOREGION,DHSMICSGEOREGION_DZAMICS201805,58.09919,55.88518,60.28106,58.1 [55.9-60.3],2022-05-26T14:10:52+02:00
cpmt,SLE,AFR,2013,DHSMICSGEOREGION,DHSMICSGEOREGION_SLEDHS201302,12.28317,10.4827,14.34334,12.3 [10.5-14.3],2022-05-26T14:47:03+02:00
cpmt,SEN,AFR,2019,DHSMICSGEOREGION,DHSMICSGEOREGION_SENDHS201906,23.9413,19.0204,29.66888,23.9 [19.0-29.7],2022-05-26T14:46:41+02:00
cpmt,GIN,AFR,2005,WEALTHDECILE,WEALTHDECILE_WEALTHDECILE09,12.51955,9.80629,15.85157,12.5 [9.8-15.9],2022-05-26T12:10:52+02:00
cpmt,LSO,AFR,2018,WEALTHQUINTILE,WEALTHQUINTILE_WQ4,65.90227,61.51557,70.03254,65.9 [61.5-70.0],2022-05-26T12:56:23+02:00
cpmt,TCD,AFR,2010,WEALTHDECILE,WEALTHDECILE_WEALTHDECILE08,4.63586,3.42088,6.25442,4.6 [3.4-6.3],2022-05-26T12:03:03+02:00
cpmt,SEN,AFR,2016,WEALTHDECILE,WEALTHDECILE_WEALTHDECILE02,16.79407,14.14075,19.83027,16.8 [14.1-19.8],2022-05-26T12:30:25+02:00
cpmt,COD,AFR,2007,EDUCATIONLEVEL,EDUCATIONLEVEL_NHLM,11.8248,9.34721,14.85153,11.8 [9.3-14.9],2022-05-26T11:16:40+02:00
cpmt,GIN,AFR,1999,AGEGROUP,AGEGROUP_YEARS20-49,6.55494,5.63948,7.60704,6.6 [5.6-7.6],2022-05-26T11:02:12+02:00
cpmt,GNB,AFR,2014,DHSMICSGEOREGION,DHSMICSGEOREGION_GNBMICS201402,14.63971,11.55009,18.38402,14.6 [11.6-18.4],2022-05-26T14:24:57+02:00
cpmt,BFA,AFR,1998,DHSMICSGEOREGION,DHSMICSGEOREGION_BFADHS199804,8.79179,7.32171,10.52352,8.8 [7.3-10.5],2022-05-26T14:14:16+02:00
cpmt,MWI,AFR,2000,WEALTHQUINTILE,WEALTHQUINTILE_WQ2,29.25377,26.30889,32.38342,29.3 [26.3-32.4],2022-05-26T12:56:49+02:00
cpmt,NGA,AFR,2011,DHSMICSGEOREGION,DHSMICSGEOREGION_NGAMICS201111,58.66367,52.43361,64.62821,58.7 [52.4-64.6],2022-05-26T14:37:37+02:00
cpmt,NGA,AFR,2013,RESIDENCEAREATYPE,RESIDENCEAREATYPE_URB,26.80116,25.03428,28.6451,26.8 [25.0-28.6],2022-05-26T11:38:03+02:00
cpmt,LSO,AFR,2014,WEALTHDECILE,WEALTHDECILE_WEALTHDECILE02,50.27608,44.1888,56.35518,50.3 [44.2-56.4],2022-05-26T12:16:44+02:00
cpmt,GHA,AFR,2017,EDUCATIONLEVEL,EDUCATIONLEVEL_SHLM,28.80975,26.67725,31.04056,28.8 [26.7-31.0],2022-05-26T11:18:12+02:00
cpmt,SEN,AFR,2012,EDUCATIONLEVEL,EDUCATIONLEVEL_NHLM,12.80672,11.07323,14.76652,12.8 [11.1-14.8],2022-05-26T11:23:51+02:00
cpmt,SEN,AFR,1997,EDUCATIONLEVEL,EDUCATIONLEVEL_NHLM,8.35362,7.31776,9.52104,8.4 [7.3-9.5],2022-05-26T11:23:46+02:00
cpmt,NER,AFR,2012,DHSMICSGEOREGION,DHSMICSGEOREGION_NERDHS201206,11.98249,9.56823,14.9055,12.0 [9.6-14.9],2022-05-26T14:36:58+02:00
cpmt,TCD,AFR,2010,AGEGROUP,AGEGROUP_YEARS20-49,4.88963,4.13566,5.77277,4.9 [4.1-5.8],2022-05-26T11:00:32+02:00
cpmt,MLI,AFR,2006,DHSMICSGEOREGION,DHSMICSGEOREGION_MLIDHS200602,8.86,7.03869,11.09634,8.9 [7.0-11.1],2022-05-26T14:33:29+02:00
cpmt,NGA,AFR,2011,WEALTHDECILE,WEALTHDECILE_WEALTHDECILE02,5.69824,4.51143,7.1738,5.7 [4.5-7.2],2022-05-26T12:23:13+02:00
cpmt,MLI,AFR,1995,DHSMICSGEOREGION,DHSMICSGEOREGION_MLIDHS199503,4.44228,3.0578,6.41214,4.4 [3.1-6.4],2022-05-26T14:33:19+02:00
cpmt,GHA,AFR,2011,EDUCATIONLEVEL,EDUCATIONLEVEL_SHLM,39.56818,36.76282,42.44394,39.6 [36.8-42.4],2022-05-26T11:18:08+02:00
cpmt,SLE,AFR,2019,DHSMICSGEOREGION,DHSMICSGEOREGION_SLEDHS201901,23.76553,21.15161,26.59352,23.8 [21.2-26.6],2022-05-26T14:47:08+02:00
cpmt,LSO,AFR,2018,DHSMICSGEOREGION,DHSMICSGEOREGION_LSOMICS201804,68.25178,61.03415,74.68697,68.3 [61.0-74.7],2022-05-26T14:32:00+02:00
cpmt,ETH,AFR,2005,WEALTHDECILE,WEALTHDECILE_WEALTHDECILE04,7.94474,5.9023,10.61421,7.9 [5.9-10.6],2022-05-26T12:08:14+02:00
cpmt,BEN,AFR,2001,RESIDENCEAREATYPE,RESIDENCEAREATYPE_RUR,17.28557,15.5674,19.15037,17.3 [15.6-19.2],2022-05-26T11:32:59+02:00
cpmt,NGA,AFR,2018,WEALTHDECILE,WEALTHDECILE_WEALTHDECILE03,6.89518,5.42237,8.7311,6.9 [5.4-8.7],2022-05-26T12:23:34+02:00
cpmt,SEN,AFR,2019,DHSMICSGEOREGION,DHSMICSGEOREGION_SENDHS201909,31.02581,26.1596,36.3516,31.0 [26.2-36.4],2022-05-26T14:46:41+02:00
cpmt,MLI,AFR,2006,WEALTHQUINTILE,WEALTHQUINTILE_WQ3,4.77116,3.82617,5.93515,4.8 [3.8-5.9],2022-05-26T12:57:25+02:00
cpmt,TZA,AFR,1999,WEALTHDECILE,WEALTHDECILE_WEALTHDECILE06,27.07205,20.79395,34.42188,27.1 [20.8-34.4],2022-05-26T12:36:40+02:00
cpmt,GMB,AFR,2010,RESIDENCEAREATYPE,RESIDENCEAREATYPE_RUR,8.83907,7.74696,10.06833,8.8 [7.7-10.1],2022-05-26T11:34:53+02:00
cpmt,SEN,AFR,1997,RESIDENCEAREATYPE,RESIDENCEAREATYPE_URB,23.76714,20.43325,27.45728,23.8 [20.4-27.5],2022-05-26T11:39:11+02:00
cpmt,MWI,AFR,2004,WEALTHDECILE,WEALTHDECILE_WEALTHDECILE06,31.65903,28.24563,35.28209,31.7 [28.2-35.3],2022-05-26T12:17:40+02:00
cpmt,GMB,AFR,2019,DHSMICSGEOREGION,DHSMICSGEOREGION_GMBDHS201906,15.88002,12.54716,19.89677,15.9 [12.5-19.9],2022-05-26T14:23:10+02:00
cpmt,NGA,AFR,2011,DHSMICSGEOREGION,DHSMICSGEOREGION_NGAMICS201108,3.19949,1.4571,6.87995,3.2 [1.5-6.9],2022-05-26T14:37:37+02:00
cpmt,SEN,AFR,2018,WEALTHDECILE,WEALTHDECILE_WEALTHDECILE07,32.92813,28.14203,38.09667,32.9 [28.1-38.1],2022-05-26T12:30:38+02:00
cpmt,SEN,AFR,1997,DHSMICSGEOREGION,DHSMICSGEOREGION_SENDHS199701,20.35443,16.95833,24.23218,20.4 [17.0-24.2],2022-05-26T14:45:34+02:00
cpmt,AGO,AFR,2015,AGEGROUP,AGEGROUP_YEARS15-19,7.96176,5.34909,11.69288,8.0 [5.3-11.7],2022-05-26T10:59:12+02:00
cpmt,KEN,AFR,1993,WEALTHQUINTILE,WEALTHQUINTILE_WQ4,44.4233,40.60048,48.31329,44.4 [40.6-48.3],2022-05-26T12:55:26+02:00
cpmt,ETH,AFR,2005,DHSMICSGEOREGION,DHSMICSGEOREGION_ETHDHS200510,56.87149,52.55721,61.08394,56.9 [52.6-61.1],2022-05-26T14:22:18+02:00
cpmt,SLE,AFR,2005,WEALTHDECILE,WEALTHDECILE_WEALTHDECILE10,19.57043,15.30176,24.68287,19.6 [15.3-24.7],2022-05-26T12:31:18+02:00
cpmt,MOZ,AFR,2015,DHSMICSGEOREGION,DHSMICSGEOREGION_MOZDHS201509,43.00832,38.64306,47.48507,43.0 [38.6-47.5],2022-05-26T14:35:15+02:00
cpmt,NAM,AFR,2006,WEALTHDECILE,WEALTHDECILE_WEALTHDECILE05,45.46294,40.72586,50.2836,45.5 [40.7-50.3],2022-05-26T12:21:02+02:00
cpmt,BFA,AFR,2006,DHSMICSGEOREGION,DHSMICSGEOREGION_BFAMICS200606,19.30064,14.45451,25.29117,19.3 [14.5-25.3],2022-05-26T14:14:28+02:00
cpmt,SLE,AFR,2010,RESIDENCEAREATYPE,RESIDENCEAREATYPE_RUR,8.71634,7.6664,9.89465,8.7 [7.7-9.9],2022-05-26T11:39:30+02:00
cpmt,STP,AFR,2014,WEALTHQUINTILE,WEALTHQUINTILE_WQ5,40.19466,34.93645,45.68854,40.2 [34.9-45.7],2022-05-26T13:02:54+02:00
cpmt,GIN,AFR,1999,WEALTHDECILE,WEALTHDECILE_WEALTHDECILE09,10.44682,8.12543,13.33516,10.4 [8.1-13.3],2022-05-26T12:10:46+02:00
cpmt,NAM,AFR,2013,DHSMICSGEOREGION,DHSMICSGEOREGION_NAMDHS201304,67.94019,62.56025,72.88217,67.9 [62.6-72.9],2022-05-26T14:35:49+02:00
cpmt,SEN,AFR,2017,DHSMICSGEOREGION,DHSMICSGEOREGION_SENDHS201713,11.27714,7.2585,17.11019,11.3 [7.3-17.1],2022-05-26T14:46:25+02:00
cpmt,CMR,AFR,2006,DHSMICSGEOREGION,DHSMICSGEOREGION_CMRMICS200606,2.66141,1.56114,4.50165,2.7 [1.6-4.5],2022-05-26T14:16:08+02:00
cpmt,GHA,AFR,1998,DHSMICSGEOREGION,DHSMICSGEOREGION_GHADHS199803,32.18086,27.9545,36.72053,32.2 [28.0-36.7],2022-05-26T14:23:32+02:00
cpmt,RWA,AFR,2019,WEALTHDECILE,WEALTHDECILE_WEALTHDECILE07,63.71706,59.74539,67.50996,63.7 [59.7-67.5],2022-05-26T12:29:04+02:00
cpmt,GIN,AFR,1999,EDUCATIONLEVEL,EDUCATIONLEVEL_PRLM,13.31489,10.23438,17.14552,13.3 [10.2-17.1],2022-05-26T11:18:22+02:00
cpmt,KEN,AFR,2014,WEALTHDECILE,WEALTHDECILE_WEALTHDECILE01,18.27363,16.0043,20.78511,18.3 [16.0-20.8],2022-05-26T12:15:35+02:00
cpmt,NGA,AFR,1999,EDUCATIONLEVEL,EDUCATIONLEVEL_PRLM,19.93251,17.47356,22.64256,19.9 [17.5-22.6],2022-05-26T11:22:02+02:00
cpmt,UGA,AFR,2011,WEALTHQUINTILE,WEALTHQUINTILE_WQ5,46.15351,42.36147,49.9906,46.2 [42.4-50.0],2022-05-26T13:06:19+02:00
cpmt,SLE,AFR,2013,RESIDENCEAREATYPE,RESIDENCEAREATYPE_URB,26.59574,23.91742,29.45786,26.6 [23.9-29.5],2022-05-26T11:39:31+02:00
cpmt,MRT,AFR,2015,DHSMICSGEOREGION,DHSMICSGEOREGION_MRTMICS201505,14.21317,10.47413,19.00364,14.2 [10.5-19.0],2022-05-26T14:34:11+02:00
cpmt,TZA,AFR,1996,EDUCATIONLEVEL,EDUCATIONLEVEL_PRLM,22.78548,21.02418,24.64828,22.8 [21.0-24.6],2022-05-26T11:25:42+02:00
cpmt,NGA,AFR,2008,WEALTHDECILE,WEALTHDECILE_WEALTHDECILE08,24.83666,22.54363,27.28078,24.8 [22.5-27.3],2022-05-26T12:23:06+02:00
cpmt,MWI,AFR,2013,DHSMICSGEOREGION,DHSMICSGEOREGION_MWIMICS201331,51.40413,47.98466,54.81051,51.4 [48.0-54.8],2022-05-26T14:32:54+02:00
cpmt,MRT,AFR,2015,WEALTHQUINTILE,WEALTHQUINTILE_WQ3,16.08331,13.76921,18.70197,16.1 [13.8-18.7],2022-05-26T12:57:48+02:00
cpmt,SEN,AFR,2010,DHSMICSGEOREGION,DHSMICSGEOREGION_SENDHS201012,5.41416,3.60839,8.04815,5.4 [3.6-8.0],2022-05-26T14:45:44+02:00
cpmt,UGA,AFR,2000,WEALTHDECILE,WEALTHDECILE_WEALTHDECILE06,19.31006,15.65822,23.57553,19.3 [15.7-23.6],2022-05-26T12:35:46+02:00
cpmt,CAF,AFR,2010,WEALTHDECILE,WEALTHDECILE_WEALTHDECILE06,10.72606,8.51962,13.4201,10.7 [8.5-13.4],2022-05-26T12:02:42+02:00
cpmt,COG,AFR,2014,DHSMICSGEOREGION,DHSMICSGEOREGION_COGMICS201406,26.76769,19.84459,35.04989,26.8 [19.8-35.0],2022-05-26T14:18:24+02:00
cpmt,COM,AFR,2012,DHSMICSGEOREGION,DHSMICSGEOREGION_COMDHS201201,18.71607,15.26327,22.74034,18.7 [15.3-22.7],2022-05-26T14:18:12+02:00
cpmt,MOZ,AFR,2008,WEALTHQUINTILE,WEALTHQUINTILE_WQ4,18.07504,15.7352,20.67742,18.1 [15.7-20.7],2022-05-26T12:58:28+02:00
cpmt,ETH,AFR,2000,EDUCATIONLEVEL,EDUCATIONLEVEL_NHLM,4.59681,3.99667,5.28211,4.6 [4.0-5.3],2022-05-26T11:17:32+02:00
cpmt,RWA,AFR,2000,AGEGROUP,AGEGROUP_YEARS20-49,13.53533,12.35519,14.80914,13.5 [12.4-14.8],2022-05-26T11:05:51+02:00
cpmt,ZMB,AFR,2013,DHSMICSGEOREGION,DHSMICSGEOREGION_ZMBDHS201302,53.48829,50.21291,56.73386,53.5 [50.2-56.7],2022-05-26T14:53:21+02:00
cpmt,CIV,AFR,2011,RESIDENCEAREATYPE,RESIDENCEAREATYPE_URB,23.14258,20.43792,26.08781,23.1 [20.4-26.1],2022-05-26T11:34:08+02:00
cpmt,SEN,AFR,2015,WEALTHDECILE,WEALTHDECILE_WEALTHDECILE10,35.25809,28.81752,42.28307,35.3 [28.8-42.3],2022-05-26T12:30:18+02:00
cpmt,GIN,AFR,2005,WEALTHQUINTILE,WEALTHQUINTILE_WQ4,10.87785,9.23271,12.77486,10.9 [9.2-12.8],2022-05-26T12:52:58+02:00
cpmt,TCD,AFR,1996,WEALTHDECILE,WEALTHDECILE_WEALTHDECILE01,3.75767,2.60517,5.39179,3.8 [2.6-5.4],2022-05-26T12:02:52+02:00
cpmt,ETH,AFR,2019,DHSMICSGEOREGION,DHSMICSGEOREGION_ETHDHS201910,49.91528,43.92467,55.90832,49.9 [43.9-55.9],2022-05-26T14:22:36+02:00
cpmt,TGO,AFR,1998,WEALTHDECILE,WEALTHDECILE_WEALTHDECILE06,22.59151,19.01094,26.62477,22.6 [19.0-26.6],2022-05-26T12:33:51+02:00
cpmt,ZAF,AFR,2016,EDUCATIONLEVEL,EDUCATIONLEVEL_PRLM,42.01621,34.41005,50.02144,42.0 [34.4-50.0],2022-05-26T11:24:24+02:00
cpmt,MLI,AFR,2001,WEALTHQUINTILE,WEALTHQUINTILE_WQ1,4.71959,3.73803,5.943,4.7 [3.7-5.9],2022-05-26T12:57:22+02:00
cpmt,CMR,AFR,2011,WEALTHDECILE,WEALTHDECILE_WEALTHDECILE05,22.48512,18.76464,26.7008,22.5 [18.8-26.7],2022-05-26T12:02:15+02:00
cpmt,GHA,AFR,2006,EDUCATIONLEVEL,EDUCATIONLEVEL_NHLM,9.00793,7.2508,11.13972,9.0 [7.3-11.1],2022-05-26T11:18:04+02:00
cpmt,GNB,AFR,2018,WEALTHDECILE,WEALTHDECILE_WEALTHDECILE09,26.81829,21.88957,32.3965,26.8 [21.9-32.4],2022-05-26T12:11:25+02:00
cpmt,NGA,AFR,2016,DHSMICSGEOREGION,DHSMICSGEOREGION_NGAMICS201633,4.66389,3.04091,7.08973,4.7 [3.0-7.1],2022-05-26T14:38:02+02:00
cpmt,MWI,AFR,2013,DHSMICSGEOREGION,DHSMICSGEOREGION_MWIMICS201325,60.72746,55.36005,65.84764,60.7 [55.4-65.8],2022-05-26T14:32:54+02:00
cpmt,GAB,AFR,2000,WEALTHDECILE,WEALTHDECILE_WEALTHDECILE02,23.1408,19.28234,27.50823,23.1 [19.3-27.5],2022-05-26T12:08:37+02:00
cpmt,MOZ,AFR,2003,WEALTHDECILE,WEALTHDECILE_WEALTHDECILE04,23.7652,20.06211,27.91313,23.8 [20.1-27.9],2022-05-26T12:20:26+02:00
cpmt,CIV,AFR,2016,EDUCATIONLEVEL,EDUCATIONLEVEL_NHLM,11.87051,10.57561,13.30037,11.9 [10.6-13.3],2022-05-26T11:16:38+02:00
cpmt,NGA,AFR,2008,DHSMICSGEOREGION,DHSMICSGEOREGION_NGADHS200804,23.3626,20.76455,26.17831,23.4 [20.8-26.2],2022-05-26T14:37:29+02:00
cpmt,TCD,AFR,1996,WEALTHQUINTILE,WEALTHQUINTILE_WQ1,3.48845,2.39619,5.05282,3.5 [2.4-5.1],2022-05-26T12:48:32+02:00
cpmt,MDG,AFR,2018,DHSMICSGEOREGION,DHSMICSGEOREGION_MDGMICS201820,54.36047,48.62042,59.98698,54.4 [48.6-60.0],2022-05-26T14:32:33+02:00
cpmt,GIN,AFR,2018,WEALTHQUINTILE,WEALTHQUINTILE_WQ3,9.81782,7.47946,12.78621,9.8 [7.5-12.8],2022-05-26T12:53:08+02:00
cpmt,MRT,AFR,2015,DHSMICSGEOREGION,DHSMICSGEOREGION_MRTMICS201506,16.06186,11.87374,21.36901,16.1 [11.9-21.4],2022-05-26T14:34:11+02:00
cpmt,COG,AFR,2005,WEALTHDECILE,WEALTHDECILE_WEALTHDECILE08,51.25981,45.51311,56.97338,51.3 [45.5-57.0],2022-05-26T12:03:54+02:00
cpmt,TCD,AFR,2010,DHSMICSGEOREGION,DHSMICSGEOREGION_TCDMICS201003,3.07958,2.07784,4.54186,3.1 [2.1-4.5],2022-05-26T14:17:20+02:00
cpmt,TZA,AFR,2015,DHSMICSGEOREGION,DHSMICSGEOREGION_TZADHS201524,19.06694,14.57027,24.55251,19.1 [14.6-24.6],2022-05-26T14:51:51+02:00
cpmt,LSO,AFR,2004,WEALTHDECILE,WEALTHDECILE_WEALTHDECILE01,16.76453,12.44657,22.20063,16.8 [12.4-22.2],2022-05-26T12:16:32+02:00
cpmt,COG,AFR,2014,WEALTHQUINTILE,WEALTHQUINTILE_WQ5,27.98051,23.54649,32.8903,28.0 [23.5-32.9],2022-05-26T12:49:18+02:00
cpmt,GMB,AFR,2018,DHSMICSGEOREGION,DHSMICSGEOREGION_GMBMICS201807,17.61634,14.46839,21.27882,17.6 [14.5-21.3],2022-05-26T14:23:05+02:00
cpmt,BEN,AFR,2006,DHSMICSGEOREGION,DHSMICSGEOREGION_BENDHS200602,5.94643,4.08456,8.58108,5.9 [4.1-8.6],2022-05-26T14:13:06+02:00
cpmt,GAB,AFR,2012,DHSMICSGEOREGION,DHSMICSGEOREGION_GABDHS201210,22.88731,18.82993,27.52253,22.9 [18.8-27.5],2022-05-26T14:22:46+02:00
cpmt,CAF,AFR,2018,WEALTHDECILE,WEALTHDECILE_WEALTHDECILE01,12.37038,8.98854,16.78986,12.4 [9.0-16.8],2022-05-26T12:02:47+02:00
cpmt,GNB,AFR,2018,DHSMICSGEOREGION,DHSMICSGEOREGION_GNBMICS201806,14.28862,11.266,17.95807,14.3 [11.3-18.0],2022-05-26T14:25:02+02:00
cpmt,ETH,AFR,2016,WEALTHDECILE,WEALTHDECILE_WEALTHDECILE01,14.58779,11.20731,18.77237,14.6 [11.2-18.8],2022-05-26T12:08:25+02:00
cpmt,CMR,AFR,1998,WEALTHQUINTILE,WEALTHQUINTILE_WQ2,7.73319,5.24877,11.25389,7.7 [5.2-11.3],2022-05-26T12:48:02+02:00
cpmt,NAM,AFR,2006,DHSMICSGEOREGION,DHSMICSGEOREGION_NAMDHS200609,52.11217,42.16271,61.89684,52.1 [42.2-61.9],2022-05-26T14:35:42+02:00
cpmt,LSO,AFR,2004,WEALTHDECILE,WEALTHDECILE_WEALTHDECILE02,18.29118,13.87047,23.73261,18.3 [13.9-23.7],2022-05-26T12:16:32+02:00
cpmt,ZWE,AFR,2014,DHSMICSGEOREGION,DHSMICSGEOREGION_ZWEMICS201404,67.92107,64.05538,71.55564,67.9 [64.1-71.6],2022-05-26T14:54:04+02:00
cpmt,GIN,AFR,2005,WEALTHQUINTILE,WEALTHQUINTILE_WQ3,7.63825,5.96358,9.73452,7.6 [6.0-9.7],2022-05-26T12:52:58+02:00
cpmt,BDI,AFR,2016,WEALTHQUINTILE,WEALTHQUINTILE_WQ3,28.45611,26.13482,30.89733,28.5 [26.1-30.9],2022-05-26T12:47:44+02:00
cpmt,BEN,AFR,2001,WEALTHDECILE,WEALTHDECILE_WEALTHDECILE04,12.75355,9.90731,16.2698,12.8 [9.9-16.3],2022-05-26T11:59:16+02:00
cpmt,TZA,AFR,2015,DHSMICSGEOREGION,DHSMICSGEOREGION_TZADHS201519,20.16084,13.14544,29.64242,20.2 [13.1-29.6],2022-05-26T14:51:51+02:00
cpmt,NGA,AFR,2007,DHSMICSGEOREGION,DHSMICSGEOREGION_NGAMICS200728,27.86885,22.91742,33.42617,27.9 [22.9-33.4],2022-05-26T14:37:13+02:00
cpmt,NAM,AFR,2006,AGEGROUP,AGEGROUP_YEARS15-19,40.89718,30.86398,51.75056,40.9 [30.9-51.8],2022-05-26T11:04:28+02:00
cpmt,MDG,AFR,2008,EDUCATIONLEVEL,EDUCATIONLEVEL_PRLM,38.90422,36.8496,40.99903,38.9 [36.8-41.0],2022-05-26T11:20:25+02:00
cpmt,NAM,AFR,2013,EDUCATIONLEVEL,EDUCATIONLEVEL_SHLM,60.55096,57.97887,63.0659,60.6 [58.0-63.1],2022-05-26T11:21:33+02:00
cpmt,MWI,AFR,2004,WEALTHDECILE,WEALTHDECILE_WEALTHDECILE08,34.85691,31.56921,38.2954,34.9 [31.6-38.3],2022-05-26T12:17:40+02:00
cpmt,RWA,AFR,2019,DHSMICSGEOREGION,DHSMICSGEOREGION_RWADHS201905,66.13189,63.47658,68.68938,66.1 [63.5-68.7],2022-05-26T14:45:21+02:00
cpmt,ZWE,AFR,2015,WEALTHDECILE,WEALTHDECILE_WEALTHDECILE07,67.80883,63.53923,71.80035,67.8 [63.5-71.8],2022-05-26T12:39:22+02:00
cpmt,GNB,AFR,2006,WEALTHDECILE,WEALTHDECILE_WEALTHDECILE04,6.33218,4.42929,8.97581,6.3 [4.4-9.0],2022-05-26T12:11:13+02:00
cpmt,CIV,AFR,2006,DHSMICSGEOREGION,DHSMICSGEOREGION_CIVMICS200607,8.67135,6.15128,12.09083,8.7 [6.2-12.1],2022-05-26T14:19:03+02:00
cpmt,GIN,AFR,2016,WEALTHDECILE,WEALTHDECILE_WEALTHDECILE03,9.02834,7.01827,11.54264,9.0 [7.0-11.5],2022-05-26T12:11:02+02:00
cpmt,ZMB,AFR,2018,WEALTHQUINTILE,WEALTHQUINTILE_WQ3,52.99341,50.07445,55.89204,53.0 [50.1-55.9],2022-05-26T13:07:43+02:00
cpmt,RWA,AFR,2000,DHSMICSGEOREGION,DHSMICSGEOREGION_RWADHS200008,8.16327,5.62963,11.69585,8.2 [5.6-11.7],2022-05-26T14:45:02+02:00
cpmt,KEN,AFR,2003,WEALTHDECILE,WEALTHDECILE_WEALTHDECILE02,22.93609,18.63265,27.89275,22.9 [18.6-27.9],2022-05-26T12:15:23+02:00
cpmt,ZMB,AFR,2007,DHSMICSGEOREGION,DHSMICSGEOREGION_ZMBDHS200705,46.13951,40.87403,51.49256,46.1 [40.9-51.5],2022-05-26T14:53:16+02:00
cpmt,LSO,AFR,2004,DHSMICSGEOREGION,DHSMICSGEOREGION_LSODHS200401,45.36534,40.31698,50.51085,45.4 [40.3-50.5],2022-05-26T14:31:44+02:00
cpmt,ETH,AFR,2019,DHSMICSGEOREGION,DHSMICSGEOREGION_ETHDHS201902,12.68675,8.22905,19.05773,12.7 [8.2-19.1],2022-05-26T14:22:36+02:00
cpmt,BFA,AFR,1998,WEALTHDECILE,WEALTHDECILE_WEALTHDECILE05,6.46611,4.36403,9.48036,6.5 [4.4-9.5],2022-05-26T12:00:35+02:00
cpmt,NAM,AFR,2006,WEALTHQUINTILE,WEALTHQUINTILE_WQ2,46.7963,42.41727,51.22523,46.8 [42.4-51.2],2022-05-26T12:58:46+02:00
cpmt,MDG,AFR,2003,AGEGROUP,AGEGROUP_YEARS15-19,12.74738,8.75355,18.19994,12.7 [8.8-18.2],2022-05-26T11:03:40+02:00
cpmt,CIV,AFR,2016,DHSMICSGEOREGION,DHSMICSGEOREGION_CIVMICS201610,16.55729,13.1617,20.62089,16.6 [13.2-20.6],2022-05-26T14:19:16+02:00
cpmt,SWZ,AFR,2006,DHSMICSGEOREGION,DHSMICSGEOREGION_SWZDHS200604,47.97757,43.42934,52.55956,48.0 [43.4-52.6],2022-05-26T14:22:04+02:00
cpmt,COD,AFR,2007,WEALTHQUINTILE,WEALTHQUINTILE_WQ4,22.21918,18.49354,26.45178,22.2 [18.5-26.5],2022-05-26T12:50:01+02:00
cpmt,SEN,AFR,2005,WEALTHQUINTILE,WEALTHQUINTILE_WQ3,10.32708,8.6452,12.29213,10.3 [8.6-12.3],2022-05-26T13:03:03+02:00
cpmt,SEN,AFR,1997,RESIDENCEAREATYPE,RESIDENCEAREATYPE_RUR,7.13295,6.04729,8.3961,7.1 [6.0-8.4],2022-05-26T11:39:11+02:00
cpmt,GIN,AFR,2018,WEALTHDECILE,WEALTHDECILE_WEALTHDECILE05,9.36771,6.83217,12.71581,9.4 [6.8-12.7],2022-05-26T12:11:08+02:00
cpmt,NER,AFR,2006,WEALTHDECILE,WEALTHDECILE_WEALTHDECILE06,8.36811,6.48738,10.73149,8.4 [6.5-10.7],2022-05-26T12:22:32+02:00
cpmt,ZMB,AFR,2018,WEALTHDECILE,WEALTHDECILE_WEALTHDECILE06,52.59095,48.05082,57.08865,52.6 [48.1-57.1],2022-05-26T12:38:39+02:00
cpmt,DZA,AFR,2018,WEALTHDECILE,WEALTHDECILE_WEALTHDECILE03,52.40078,49.39175,55.39248,52.4 [49.4-55.4],2022-05-26T11:56:21+02:00
cpmt,SLE,AFR,2010,EDUCATIONLEVEL,EDUCATIONLEVEL_SHLM,24.46964,21.79909,27.35292,24.5 [21.8-27.4],2022-05-26T11:24:14+02:00
cpmt,UGA,AFR,2016,AGEGROUP,AGEGROUP_YEARS15-19,21.87867,18.72346,25.39943,21.9 [18.7-25.4],2022-05-26T11:07:25+02:00
cpmt,CIV,AFR,2006,DHSMICSGEOREGION,DHSMICSGEOREGION_CIVMICS200609,4.61578,3.0863,6.84967,4.6 [3.1-6.8],2022-05-26T14:19:04+02:00
cpmt,GHA,AFR,2017,WEALTHQUINTILE,WEALTHQUINTILE_WQ4,28.79359,25.43417,32.4039,28.8 [25.4-32.4],2022-05-26T12:52:36+02:00
cpmt,MWI,AFR,2006,WEALTHQUINTILE,WEALTHQUINTILE_WQ5,45.84116,43.56568,48.13411,45.8 [43.6-48.1],2022-05-26T12:56:56+02:00
cpmt,NGA,AFR,2013,EDUCATIONLEVEL,EDUCATIONLEVEL_PRLM,19.94962,18.18839,21.83586,19.9 [18.2-21.8],2022-05-26T11:22:11+02:00
cpmt,UGA,AFR,2006,WEALTHDECILE,WEALTHDECILE_WEALTHDECILE10,53.89371,49.5703,58.15931,53.9 [49.6-58.2],2022-05-26T12:35:52+02:00
cpmt,TZA,AFR,2015,DHSMICSGEOREGION,DHSMICSGEOREGION_TZADHS201505,54.34051,49.42499,59.17292,54.3 [49.4-59.2],2022-05-26T14:51:51+02:00
cpmt,SEN,AFR,2012,EDUCATIONLEVEL,EDUCATIONLEVEL_SHLM,32.76718,27.07046,39.02128,32.8 [27.1-39.0],2022-05-26T11:23:51+02:00
cpmt,ZWE,AFR,2015,EDUCATIONLEVEL,EDUCATIONLEVEL_PRLM,61.78079,58.15701,65.27811,61.8 [58.2-65.3],2022-05-26T11:26:30+02:00
cpmt,NGA,AFR,2007,WEALTHDECILE,WEALTHDECILE_WEALTHDECILE02,3.94742,2.85708,5.43062,3.9 [2.9-5.4],2022-05-26T12:22:59+02:00
cpmt,UGA,AFR,2016,DHSMICSGEOREGION,DHSMICSGEOREGION_UGADHS201612,31.19643,24.99528,38.15345,31.2 [25.0-38.2],2022-05-26T14:50:18+02:00
cpmt,COD,AFR,2017,WEALTHDECILE,WEALTHDECILE_WEALTHDECILE09,45.06705,38.50196,51.80851,45.1 [38.5-51.8],2022-05-26T12:05:44+02:00
cpmt,ZMB,AFR,2001,WEALTHDECILE,WEALTHDECILE_WEALTHDECILE07,34.54163,30.08717,39.285,34.5 [30.1-39.3],2022-05-26T12:38:20+02:00
cpmt,CIV,AFR,2011,DHSMICSGEOREGION,DHSMICSGEOREGION_CIVDHS201110,10.03214,7.06419,14.05841,10.0 [7.1-14.1],2022-05-26T14:19:10+02:00
cpmt,DZA,AFR,2012,WEALTHQUINTILE,WEALTHQUINTILE_WQ1,56.87665,54.67041,59.05595,56.9 [54.7-59.1],2022-05-26T12:45:12+02:00
cpmt,SEN,AFR,2014,DHSMICSGEOREGION,DHSMICSGEOREGION_SENDHS201402,33.46096,24.19304,44.20876,33.5 [24.2-44.2],2022-05-26T14:46:01+02:00
cpmt,GHA,AFR,2003,WEALTHDECILE,WEALTHDECILE_WEALTHDECILE05,22.99442,17.14513,30.11398,23.0 [17.1-30.1],2022-05-26T12:09:44+02:00
cpmt,MDG,AFR,2008,DHSMICSGEOREGION,DHSMICSGEOREGION_MDGDHS200805,43.88589,35.73684,52.3786,43.9 [35.7-52.4],2022-05-26T14:32:21+02:00
cpmt,SEN,AFR,2010,DHSMICSGEOREGION,DHSMICSGEOREGION_SENDHS201005,4.25493,3.0101,5.9828,4.3 [3.0-6.0],2022-05-26T14:45:44+02:00
cpmt,ZMB,AFR,2013,DHSMICSGEOREGION,DHSMICSGEOREGION_ZMBDHS201301,42.8018,37.33245,48.4529,42.8 [37.3-48.5],2022-05-26T14:53:21+02:00
cpmt,BDI,AFR,2010,AGEGROUP,AGEGROUP_YEARS15-19,10.14867,5.67673,17.49022,10.1 [5.7-17.5],2022-05-26T11:00:08+02:00
cpmt,NER,AFR,1998,EDUCATIONLEVEL,EDUCATIONLEVEL_SHLM,39.9357,32.78703,47.54057,39.9 [32.8-47.5],2022-05-26T11:21:57+02:00
cpmt,MLI,AFR,2018,WEALTHDECILE,WEALTHDECILE_WEALTHDECILE02,11.57076,8.88692,14.93227,11.6 [8.9-14.9],2022-05-26T12:19:09+02:00
cpmt,KEN,AFR,2014,DHSMICSGEOREGION,DHSMICSGEOREGION_KENDHS201403,70.3822,67.75485,72.88117,70.4 [67.8-72.9],2022-05-26T14:30:52+02:00
cpmt,SEN,AFR,2012,WEALTHDECILE,WEALTHDECILE_WEALTHDECILE08,22.42324,17.38773,28.41545,22.4 [17.4-28.4],2022-05-26T12:30:04+02:00
cpmt,UGA,AFR,2011,WEALTHQUINTILE,WEALTHQUINTILE_WQ1,14.68228,12.09102,17.71696,14.7 [12.1-17.7],2022-05-26T13:06:19+02:00
cpmt,CMR,AFR,2006,DHSMICSGEOREGION,DHSMICSGEOREGION_CMRMICS200610,49.07635,42.30192,55.88486,49.1 [42.3-55.9],2022-05-26T14:16:08+02:00
cpmt,COM,AFR,2012,WEALTHDECILE,WEALTHDECILE_WEALTHDECILE06,19.12348,14.7701,24.39275,19.1 [14.8-24.4],2022-05-26T12:03:49+02:00
cpmt,TZA,AFR,2004,WEALTHDECILE,WEALTHDECILE_WEALTHDECILE08,33.42976,29.20727,37.93559,33.4 [29.2-37.9],2022-05-26T12:36:47+02:00
cpmt,ZWE,AFR,1999,WEALTHDECILE,WEALTHDECILE_WEALTHDECILE02,48.15669,42.4355,53.92662,48.2 [42.4-53.9],2022-05-26T12:38:51+02:00
cpmt,SEN,AFR,2018,DHSMICSGEOREGION,DHSMICSGEOREGION_SENDHS201802,28.39451,23.58528,33.75126,28.4 [23.6-33.8],2022-05-26T14:46:33+02:00
cpmt,LBR,AFR,2019,WEALTHDECILE,WEALTHDECILE_WEALTHDECILE06,22.97248,17.41456,29.66703,23.0 [17.4-29.7],2022-05-26T12:17:06+02:00
cpmt,MOZ,AFR,1997,DHSMICSGEOREGION,DHSMICSGEOREGION_MOZDHS199711,30.3334,25.05374,36.18844,30.3 [25.1-36.2],2022-05-26T14:34:47+02:00
cpmt,NGA,AFR,2011,DHSMICSGEOREGION,DHSMICSGEOREGION_NGAMICS201113,30.08844,25.45151,35.17158,30.1 [25.5-35.2],2022-05-26T14:37:37+02:00
cpmt,MDG,AFR,1997,WEALTHDECILE,WEALTHDECILE_WEALTHDECILE01,6.44972,4.24349,9.68694,6.4 [4.2-9.7],2022-05-26T12:17:12+02:00
cpmt,MLI,AFR,2006,WEALTHDECILE,WEALTHDECILE_WEALTHDECILE04,4.71215,3.43185,6.43825,4.7 [3.4-6.4],2022-05-26T12:18:44+02:00
cpmt,TZA,AFR,2015,DHSMICSGEOREGION,DHSMICSGEOREGION_TZADHS201508,55.30891,49.34589,61.123,55.3 [49.3-61.1],2022-05-26T14:51:51+02:00
cpmt,TGO,AFR,2013,WEALTHDECILE,WEALTHDECILE_WEALTHDECILE06,21.94254,17.92169,26.57343,21.9 [17.9-26.6],2022-05-26T12:34:10+02:00
cpmt,SEN,AFR,2019,WEALTHDECILE,WEALTHDECILE_WEALTHDECILE05,28.67935,24.18458,33.63884,28.7 [24.2-33.6],2022-05-26T12:30:46+02:00
cpmt,COG,AFR,2011,WEALTHDECILE,WEALTHDECILE_WEALTHDECILE07,47.38831,41.49803,53.35218,47.4 [41.5-53.4],2022-05-26T12:04:00+02:00
cpmt,BFA,AFR,2006,DHSMICSGEOREGION,DHSMICSGEOREGION_BFAMICS200607,13.81631,9.6776,19.34586,13.8 [9.7-19.3],2022-05-26T14:14:28+02:00
cpmt,RWA,AFR,2005,WEALTHDECILE,WEALTHDECILE_WEALTHDECILE09,21.03884,17.58215,24.96922,21.0 [17.6-25.0],2022-05-26T12:28:45+02:00
cpmt,TGO,AFR,2017,WEALTHQUINTILE,WEALTHQUINTILE_WQ2,20.45819,17.08809,24.29816,20.5 [17.1-24.3],2022-05-26T13:05:23+02:00
cpmt,NGA,AFR,2018,EDUCATIONLEVEL,EDUCATIONLEVEL_PRLM,19.42448,17.07999,22.00539,19.4 [17.1-22.0],2022-05-26T11:22:15+02:00
cpmt,ETH,AFR,2011,WEALTHDECILE,WEALTHDECILE_WEALTHDECILE03,20.43814,16.81828,24.60665,20.4 [16.8-24.6],2022-05-26T12:08:19+02:00
cpmt,GHA,AFR,2006,WEALTHQUINTILE,WEALTHQUINTILE_WQ1,7.14996,5.17823,9.79493,7.1 [5.2-9.8],2022-05-26T12:52:23+02:00
cpmt,KEN,AFR,2003,WEALTHDECILE,WEALTHDECILE_WEALTHDECILE01,12.41473,8.97674,16.92459,12.4 [9.0-16.9],2022-05-26T12:15:23+02:00
cpmt,COD,AFR,2010,AGEGROUP,AGEGROUP_YEARS20-49,18.13568,16.30862,20.11823,18.1 [16.3-20.1],2022-05-26T11:01:05+02:00
cpmt,LBR,AFR,2013,EDUCATIONLEVEL,EDUCATIONLEVEL_PRLM,19.65382,16.053,23.83302,19.7 [16.1-23.8],2022-05-26T11:20:18+02:00
cpmt,DZA,AFR,2018,WEALTHDECILE,WEALTHDECILE_WEALTHDECILE02,53.41151,50.72499,56.07839,53.4 [50.7-56.1],2022-05-26T11:56:21+02:00
cpmt,MRT,AFR,2007,EDUCATIONLEVEL,EDUCATIONLEVEL_NHLM,5.00171,4.21356,5.92816,5.0 [4.2-5.9],2022-05-26T11:20:56+02:00
cpmt,BDI,AFR,2010,WEALTHDECILE,WEALTHDECILE_WEALTHDECILE04,18.46262,14.92666,22.61355,18.5 [14.9-22.6],2022-05-26T12:01:12+02:00
cpmt,MOZ,AFR,2008,AGEGROUP,AGEGROUP_YEARS15-19,12.95758,10.42253,15.99911,13.0 [10.4-16.0],2022-05-26T11:04:22+02:00
cpmt,NER,AFR,2006,AGEGROUP,AGEGROUP_YEARS15-19,4.28559,3.23446,5.65833,4.3 [3.2-5.7],2022-05-26T11:04:46+02:00
cpmt,ZMB,AFR,2007,RESIDENCEAREATYPE,RESIDENCEAREATYPE_RUR,36.67032,34.38668,39.01544,36.7 [34.4-39.0],2022-05-26T11:40:53+02:00
cpmt,NGA,AFR,2011,WEALTHQUINTILE,WEALTHQUINTILE_WQ4,24.05684,21.86321,26.39622,24.1 [21.9-26.4],2022-05-26T12:59:54+02:00
cpmt,SWZ,AFR,2006,DHSMICSGEOREGION,DHSMICSGEOREGION_SWZDHS200603,45.58459,39.03317,52.29245,45.6 [39.0-52.3],2022-05-26T14:22:04+02:00
cpmt,MRT,AFR,2011,DHSMICSGEOREGION,DHSMICSGEOREGION_MRTMICS201107,15.11952,11.91379,19.00177,15.1 [11.9-19.0],2022-05-26T14:34:03+02:00
cpmt,BFA,AFR,2006,WEALTHQUINTILE,WEALTHQUINTILE_WQ5,40.85354,32.44557,49.83308,40.9 [32.4-49.8],2022-05-26T12:47:32+02:00
cpmt,TZA,AFR,1996,WEALTHQUINTILE,WEALTHQUINTILE_WQ4,20.0544,17.58321,22.77691,20.1 [17.6-22.8],2022-05-26T13:06:38+02:00
cpmt,GIN,AFR,2016,WEALTHQUINTILE,WEALTHQUINTILE_WQ1,6.30067,4.85149,8.14568,6.3 [4.9-8.1],2022-05-26T12:53:05+02:00
cpmt,UGA,AFR,2000,WEALTHQUINTILE,WEALTHQUINTILE_WQ2,13.73554,11.67387,16.09497,13.7 [11.7-16.1],2022-05-26T13:06:12+02:00
cpmt,GAB,AFR,2012,WEALTHDECILE,WEALTHDECILE_WEALTHDECILE10,36.80393,29.81876,44.39043,36.8 [29.8-44.4],2022-05-26T12:08:43+02:00
cpmt,SEN,AFR,2014,WEALTHDECILE,WEALTHDECILE_WEALTHDECILE05,20.39612,15.04332,27.04721,20.4 [15.0-27.0],2022-05-26T12:30:11+02:00
cpmt,GHA,AFR,1993,WEALTHQUINTILE,WEALTHQUINTILE_WQ3,17.29651,14.71284,20.2263,17.3 [14.7-20.2],2022-05-26T12:52:14+02:00
cpmt,SEN,AFR,2019,WEALTHDECILE,WEALTHDECILE_WEALTHDECILE07,28.2542,23.48564,33.56623,28.3 [23.5-33.6],2022-05-26T12:30:46+02:00
cpmt,MLI,AFR,2009,RESIDENCEAREATYPE,RESIDENCEAREATYPE_RUR,6.99697,6.1817,7.91069,7.0 [6.2-7.9],2022-05-26T11:37:04+02:00
cpmt,CMR,AFR,2006,WEALTHQUINTILE,WEALTHQUINTILE_WQ2,25.94938,21.8997,30.45591,25.9 [21.9-30.5],2022-05-26T12:48:07+02:00
cpmt,CAF,AFR,2006,DHSMICSGEOREGION,DHSMICSGEOREGION_CAFMICS200612,8.92975,6.593,11.9884,8.9 [6.6-12.0],2022-05-26T14:16:40+02:00
cpmt,MRT,AFR,2011,WEALTHQUINTILE,WEALTHQUINTILE_WQ2,4.46712,3.35591,5.92372,4.5 [3.4-5.9],2022-05-26T12:57:45+02:00
cpmt,BEN,AFR,1996,DHSMICSGEOREGION,DHSMICSGEOREGION_BENDHS199606,12.9732,10.2876,16.23303,13.0 [10.3-16.2],2022-05-26T14:12:59+02:00
cpmt,TZA,AFR,2004,DHSMICSGEOREGION,DHSMICSGEOREGION_TZADHS200425,7.1537,5.05286,10.0357,7.2 [5.1-10.0],2022-05-26T14:51:19+02:00
cpmt,MDG,AFR,2018,DHSMICSGEOREGION,DHSMICSGEOREGION_MDGMICS201805,63.91135,59.06488,68.49015,63.9 [59.1-68.5],2022-05-26T14:32:33+02:00
cpmt,ETH,AFR,2005,WEALTHQUINTILE,WEALTHQUINTILE_WQ5,37.00294,34.05453,40.05159,37.0 [34.1-40.1],2022-05-26T12:51:34+02:00
cpmt,STP,AFR,2008,WEALTHQUINTILE,WEALTHQUINTILE_WQ3,34.43774,27.37962,42.25662,34.4 [27.4-42.3],2022-05-26T13:02:50+02:00
cpmt,ZWE,AFR,2009,DHSMICSGEOREGION,DHSMICSGEOREGION_ZWEMICS200910,69.89445,66.5558,73.03485,69.9 [66.6-73.0],2022-05-26T14:53:52+02:00
cpmt,KEN,AFR,2014,AGEGROUP,AGEGROUP_YEARS20-49,58.66334,57.55585,59.76213,58.7 [57.6-59.8],2022-05-26T11:03:17+02:00
cpmt,MOZ,AFR,1997,DHSMICSGEOREGION,DHSMICSGEOREGION_MOZDHS199708,6.70949,4.37484,10.15771,6.7 [4.4-10.2],2022-05-26T14:34:47+02:00
cpmt,COG,AFR,2011,WEALTHDECILE,WEALTHDECILE_WEALTHDECILE02,40.83868,37.43117,44.33658,40.8 [37.4-44.3],2022-05-26T12:04:00+02:00
cpmt,KEN,AFR,2008,WEALTHDECILE,WEALTHDECILE_WEALTHDECILE08,56.93322,50.42228,63.21295,56.9 [50.4-63.2],2022-05-26T12:15:29+02:00
cpmt,NAM,AFR,2006,WEALTHQUINTILE,WEALTHQUINTILE_WQ1,31.85772,27.9321,36.059,31.9 [27.9-36.1],2022-05-26T12:58:46+02:00
cpmt,GHA,AFR,2017,WEALTHQUINTILE,WEALTHQUINTILE_WQ1,26.79995,23.48018,30.4026,26.8 [23.5-30.4],2022-05-26T12:52:36+02:00
cpmt,SEN,AFR,2010,DHSMICSGEOREGION,DHSMICSGEOREGION_SENDHS201003,5.59744,4.16256,7.48829,5.6 [4.2-7.5],2022-05-26T14:45:44+02:00
cpmt,CAF,AFR,2010,WEALTHDECILE,WEALTHDECILE_WEALTHDECILE02,8.59453,6.6039,11.11381,8.6 [6.6-11.1],2022-05-26T12:02:42+02:00
cpmt,CAF,AFR,1994,AGEGROUP,AGEGROUP_YEARS15-19,12.47091,9.31493,16.5016,12.5 [9.3-16.5],2022-05-26T11:00:24+02:00
cpmt,GMB,AFR,2018,WEALTHDECILE,WEALTHDECILE_WEALTHDECILE06,16.26908,13.05887,20.08611,16.3 [13.1-20.1],2022-05-26T12:09:07+02:00
cpmt,COD,AFR,2007,DHSMICSGEOREGION,DHSMICSGEOREGION_CODDHS200702,39.48972,31.39287,48.20752,39.5 [31.4-48.2],2022-05-26T14:19:23+02:00
cpmt,TZA,AFR,1999,DHSMICSGEOREGION,DHSMICSGEOREGION_TZADHS199912,44.20321,32.93618,56.10034,44.2 [32.9-56.1],2022-05-26T14:51:06+02:00
cpmt,MOZ,AFR,2008,WEALTHDECILE,WEALTHDECILE_WEALTHDECILE05,10.01766,7.76126,12.83875,10.0 [7.8-12.8],2022-05-26T12:20:32+02:00
cpmt,CAF,AFR,2010,DHSMICSGEOREGION,DHSMICSGEOREGION_CAFMICS201006,6.06587,3.51019,10.28397,6.1 [3.5-10.3],2022-05-26T14:16:50+02:00
cpmt,NGA,AFR,2011,DHSMICSGEOREGION,DHSMICSGEOREGION_NGAMICS201101,47.91766,41.01253,54.90328,47.9 [41.0-54.9],2022-05-26T14:37:37+02:00
cpmt,GIN,AFR,2005,EDUCATIONLEVEL,EDUCATIONLEVEL_NHLM,7.45808,6.56766,8.45829,7.5 [6.6-8.5],2022-05-26T11:18:24+02:00
cpmt,STP,AFR,2019,EDUCATIONLEVEL,EDUCATIONLEVEL_NHLM,36.34745,22.94653,52.26601,36.3 [22.9-52.3],2022-05-26T11:23:44+02:00
cpmt,TZA,AFR,2010,DHSMICSGEOREGION,DHSMICSGEOREGION_TZADHS201007,50.38045,44.60288,56.14788,50.4 [44.6-56.1],2022-05-26T14:51:35+02:00
cpmt,SWZ,AFR,2014,DHSMICSGEOREGION,DHSMICSGEOREGION_SWZMICS201403,65.72466,60.99222,70.16382,65.7 [61.0-70.2],2022-05-26T14:22:08+02:00
cpmt,ZMB,AFR,2013,DHSMICSGEOREGION,DHSMICSGEOREGION_ZMBDHS201308,40.09838,35.72326,44.63721,40.1 [35.7-44.6],2022-05-26T14:53:22+02:00
cpmt,GHA,AFR,2003,DHSMICSGEOREGION,DHSMICSGEOREGION_GHADHS200301,28.24387,23.48304,33.54673,28.2 [23.5-33.5],2022-05-26T14:23:38+02:00
cpmt,KEN,AFR,2008,DHSMICSGEOREGION,DHSMICSGEOREGION_KENDHS200802,66.70412,61.29292,71.70802,66.7 [61.3-71.7],2022-05-26T14:30:47+02:00
cpmt,CIV,AFR,1998,WEALTHDECILE,WEALTHDECILE_WEALTHDECILE05,12.37323,7.43041,19.89735,12.4 [7.4-19.9],2022-05-26T12:05:04+02:00
cpmt,ZWE,AFR,1994,WEALTHDECILE,WEALTHDECILE_WEALTHDECILE05,44.74455,39.31279,50.30471,44.7 [39.3-50.3],2022-05-26T12:38:45+02:00
cpmt,COD,AFR,2007,WEALTHDECILE,WEALTHDECILE_WEALTHDECILE05,14.93144,10.78508,20.30901,14.9 [10.8-20.3],2022-05-26T12:05:26+02:00
cpmt,ZAF,AFR,2016,WEALTHQUINTILE,WEALTHQUINTILE_WQ2,50.55593,45.55297,55.54778,50.6 [45.6-55.5],2022-05-26T13:04:12+02:00
cpmt,SEN,AFR,2018,DHSMICSGEOREGION,DHSMICSGEOREGION_SENDHS201811,9.51335,6.1474,14.43875,9.5 [6.1-14.4],2022-05-26T14:46:33+02:00
cpmt,GHA,AFR,2008,WEALTHDECILE,WEALTHDECILE_WEALTHDECILE03,19.90128,14.80084,26.21847,19.9 [14.8-26.2],2022-05-26T12:09:55+02:00
cpmt,KEN,AFR,2008,RESIDENCEAREATYPE,RESIDENCEAREATYPE_RUR,43.14569,40.22937,46.11033,43.1 [40.2-46.1],2022-05-26T11:36:18+02:00
cpmt,SEN,AFR,2010,WEALTHDECILE,WEALTHDECILE_WEALTHDECILE02,4.92237,3.7151,6.4955,4.9 [3.7-6.5],2022-05-26T12:29:57+02:00
cpmt,TZA,AFR,2015,DHSMICSGEOREGION,DHSMICSGEOREGION_TZADHS201523,21.47495,15.09216,29.6156,21.5 [15.1-29.6],2022-05-26T14:51:51+02:00
cpmt,MWI,AFR,2000,EDUCATIONLEVEL,EDUCATIONLEVEL_PRLM,31.28696,29.69219,32.92727,31.3 [29.7-32.9],2022-05-26T11:20:28+02:00
cpmt,BEN,AFR,1996,WEALTHDECILE,WEALTHDECILE_WEALTHDECILE09,22.62454,18.11985,27.86795,22.6 [18.1-27.9],2022-05-26T11:59:10+02:00
cpmt,LBR,AFR,2007,AGEGROUP,AGEGROUP_YEARS15-19,5.17371,2.65577,9.83765,5.2 [2.7-9.8],2022-05-26T11:03:35+02:00
cpmt,MWI,AFR,2019,WEALTHDECILE,WEALTHDECILE_WEALTHDECILE10,63.92225,60.03294,67.6371,63.9 [60.0-67.6],2022-05-26T12:18:12+02:00
cpmt,SEN,AFR,2018,WEALTHDECILE,WEALTHDECILE_WEALTHDECILE05,23.24135,19.74195,27.15119,23.2 [19.7-27.2],2022-05-26T12:30:38+02:00
cpmt,COD,AFR,2017,WEALTHQUINTILE,WEALTHQUINTILE_WQ3,26.95441,21.99177,32.56935,27.0 [22.0-32.6],2022-05-26T12:50:10+02:00
cpmt,NGA,AFR,2003,AGEGROUP,AGEGROUP_YEARS15-19,4.31976,2.20936,8.27541,4.3 [2.2-8.3],2022-05-26T11:04:50+02:00
cpmt,LBR,AFR,2007,WEALTHQUINTILE,WEALTHQUINTILE_WQ2,5.73694,3.97877,8.20564,5.7 [4.0-8.2],2022-05-26T12:56:26+02:00
cpmt,ZAF,AFR,2016,WEALTHQUINTILE,WEALTHQUINTILE_WQ1,54.43464,49.25129,59.52367,54.4 [49.3-59.5],2022-05-26T13:04:12+02:00
cpmt,BEN,AFR,2014,WEALTHQUINTILE,WEALTHQUINTILE_WQ2,14.69117,12.63689,17.01436,14.7 [12.6-17.0],2022-05-26T12:46:56+02:00
cpmt,CMR,AFR,2018,WEALTHDECILE,WEALTHDECILE_WEALTHDECILE01,3.26828,1.7585,5.9952,3.3 [1.8-6.0],2022-05-26T12:02:26+02:00
cpmt,NAM,AFR,2006,EDUCATIONLEVEL,EDUCATIONLEVEL_PRLM,46.07003,42.69471,49.48178,46.1 [42.7-49.5],2022-05-26T11:21:31+02:00
cpmt,STP,AFR,2008,WEALTHDECILE,WEALTHDECILE_WEALTHDECILE08,38.82907,30.76455,47.55555,38.8 [30.8-47.6],2022-05-26T12:29:24+02:00
cpmt,MWI,AFR,2006,WEALTHDECILE,WEALTHDECILE_WEALTHDECILE02,38.50288,35.3651,41.73928,38.5 [35.4-41.7],2022-05-26T12:17:47+02:00
cpmt,MRT,AFR,2007,DHSMICSGEOREGION,DHSMICSGEOREGION_MRTMICS200712,14.28028,9.38835,21.12691,14.3 [9.4-21.1],2022-05-26T14:33:55+02:00
cpmt,UGA,AFR,2006,AGEGROUP,AGEGROUP_YEARS15-19,11.38733,8.23675,15.53894,11.4 [8.2-15.5],2022-05-26T11:07:23+02:00
cpmt,SLE,AFR,2019,RESIDENCEAREATYPE,RESIDENCEAREATYPE_URB,25.95016,23.96188,28.04258,26.0 [24.0-28.0],2022-05-26T11:39:33+02:00
cpmt,MWI,AFR,2004,WEALTHDECILE,WEALTHDECILE_WEALTHDECILE03,28.15936,24.53305,32.09373,28.2 [24.5-32.1],2022-05-26T12:17:40+02:00
cpmt,ZWE,AFR,2010,DHSMICSGEOREGION,DHSMICSGEOREGION_ZWEDHS201008,54.17092,48.61352,59.62644,54.2 [48.6-59.6],2022-05-26T14:53:58+02:00
cpmt,CMR,AFR,2018,WEALTHQUINTILE,WEALTHQUINTILE_WQ3,21.81897,19.37986,24.47188,21.8 [19.4-24.5],2022-05-26T12:48:16+02:00
cpmt,LBR,AFR,2019,DHSMICSGEOREGION,DHSMICSGEOREGION_LBRDHS201903,37.59328,34.30113,41.00418,37.6 [34.3-41.0],2022-05-26T14:32:09+02:00
cpmt,SWZ,AFR,2010,WEALTHDECILE,WEALTHDECILE_WEALTHDECILE10,69.56764,63.26144,75.21547,69.6 [63.3-75.2],2022-05-26T12:07:56+02:00
cpmt,TZA,AFR,1996,EDUCATIONLEVEL,EDUCATIONLEVEL_SHLM,44.55674,37.60799,51.72499,44.6 [37.6-51.7],2022-05-26T11:25:42+02:00
cpmt,ZAF,AFR,2016,WEALTHDECILE,WEALTHDECILE_WEALTHDECILE01,56.09032,49.25253,62.70444,56.1 [49.3-62.7],2022-05-26T12:32:07+02:00
cpmt,GHA,AFR,2011,DHSMICSGEOREGION,DHSMICSGEOREGION_GHAMICS201101,35.98798,29.44756,43.09377,36.0 [29.4-43.1],2022-05-26T14:23:55+02:00
cpmt,ZMB,AFR,2001,DHSMICSGEOREGION,DHSMICSGEOREGION_ZMBDHS200105,47.14004,42.3975,51.93478,47.1 [42.4-51.9],2022-05-26T14:53:11+02:00
cpmt,RWA,AFR,2019,DHSMICSGEOREGION,DHSMICSGEOREGION_RWADHS201903,61.50894,58.35452,64.5695,61.5 [58.4-64.6],2022-05-26T14:45:21+02:00
cpmt,SLE,AFR,2005,RESIDENCEAREATYPE,RESIDENCEAREATYPE_RUR,2.25078,1.74511,2.89866,2.3 [1.7-2.9],2022-05-26T11:39:27+02:00
cpmt,ZWE,AFR,1999,EDUCATIONLEVEL,EDUCATIONLEVEL_SHLM,60.78465,58.07278,63.43156,60.8 [58.1-63.4],2022-05-26T11:26:22+02:00
cpmt,SEN,AFR,2014,AGEGROUP,AGEGROUP_YEARS20-49,22.9609,20.75625,25.32489,23.0 [20.8-25.3],2022-05-26T11:06:09+02:00
cpmt,COD,AFR,2010,DHSMICSGEOREGION,DHSMICSGEOREGION_CODMICS201006,11.47395,7.93459,16.31237,11.5 [7.9-16.3],2022-05-26T14:19:29+02:00
cpmt,NGA,AFR,2011,WEALTHDECILE,WEALTHDECILE_WEALTHDECILE10,31.53538,27.51947,35.84748,31.5 [27.5-35.8],2022-05-26T12:23:13+02:00
cpmt,TGO,AFR,2010,WEALTHDECILE,WEALTHDECILE_WEALTHDECILE09,19.87016,14.63127,26.40468,19.9 [14.6-26.4],2022-05-26T12:34:04+02:00
cpmt,TZA,AFR,1999,WEALTHDECILE,WEALTHDECILE_WEALTHDECILE10,45.19712,35.66152,55.09889,45.2 [35.7-55.1],2022-05-26T12:36:40+02:00
cpmt,ZMB,AFR,2013,WEALTHDECILE,WEALTHDECILE_WEALTHDECILE06,50.3905,46.5175,54.2588,50.4 [46.5-54.3],2022-05-26T12:38:32+02:00
cpmt,COD,AFR,2010,DHSMICSGEOREGION,DHSMICSGEOREGION_CODMICS201002,20.69823,15.54123,27.01902,20.7 [15.5-27.0],2022-05-26T14:19:29+02:00
cpmt,MWI,AFR,2019,WEALTHQUINTILE,WEALTHQUINTILE_WQ5,65.57465,62.83374,68.21567,65.6 [62.8-68.2],2022-05-26T12:57:09+02:00
cpmt,MRT,AFR,2011,WEALTHDECILE,WEALTHDECILE_WEALTHDECILE01,2.01998,1.09201,3.70694,2.0 [1.1-3.7],2022-05-26T12:19:21+02:00
cpmt,UGA,AFR,2006,RESIDENCEAREATYPE,RESIDENCEAREATYPE_RUR,20.75388,19.09776,22.51364,20.8 [19.1-22.5],2022-05-26T11:40:22+02:00
cpmt,MWI,AFR,2013,DHSMICSGEOREGION,DHSMICSGEOREGION_MWIMICS201323,57.75371,51.8115,63.47966,57.8 [51.8-63.5],2022-05-26T14:32:54+02:00
cpmt,SEN,AFR,2015,WEALTHQUINTILE,WEALTHQUINTILE_WQ3,24.75815,20.70863,29.30686,24.8 [20.7-29.3],2022-05-26T13:03:16+02:00
cpmt,TGO,AFR,2017,WEALTHDECILE,WEALTHDECILE_WEALTHDECILE01,13.57895,9.86999,18.39718,13.6 [9.9-18.4],2022-05-26T12:34:17+02:00
cpmt,SLE,AFR,2013,WEALTHQUINTILE,WEALTHQUINTILE_WQ5,28.11771,24.98131,31.48264,28.1 [25.0-31.5],2022-05-26T13:03:55+02:00
cpmt,MWI,AFR,2004,WEALTHDECILE,WEALTHDECILE_WEALTHDECILE09,34.63982,31.09873,38.35965,34.6 [31.1-38.4],2022-05-26T12:17:40+02:00
cpmt,SWZ,AFR,2010,WEALTHDECILE,WEALTHDECILE_WEALTHDECILE04,60.571,51.74996,68.75311,60.6 [51.7-68.8],2022-05-26T12:07:56+02:00
cpmt,ETH,AFR,2019,EDUCATIONLEVEL,EDUCATIONLEVEL_NHLM,32.31985,29.12459,35.68913,32.3 [29.1-35.7],2022-05-26T11:17:40+02:00
cpmt,ETH,AFR,2011,RESIDENCEAREATYPE,RESIDENCEAREATYPE_URB,52.47868,48.36223,56.56172,52.5 [48.4-56.6],2022-05-26T11:34:46+02:00
cpmt,BEN,AFR,2014,DHSMICSGEOREGION,DHSMICSGEOREGION_BENMICS201405,19.56025,16.41548,23.14069,19.6 [16.4-23.1],2022-05-26T14:13:21+02:00
cpmt,MLI,AFR,2009,EDUCATIONLEVEL,EDUCATIONLEVEL_SHLM,23.88,21.52903,26.40133,23.9 [21.5-26.4],2022-05-26T11:20:49+02:00
cpmt,MWI,AFR,2010,AGEGROUP,AGEGROUP_YEARS20-49,47.52142,46.17295,48.87351,47.5 [46.2-48.9],2022-05-26T11:03:48+02:00
cpmt,MLI,AFR,2001,WEALTHDECILE,WEALTHDECILE_WEALTHDECILE04,3.78475,2.60592,5.46691,3.8 [2.6-5.5],2022-05-26T12:18:38+02:00
cpmt,CMR,AFR,2018,RESIDENCEAREATYPE,RESIDENCEAREATYPE_URB,26.09691,23.82672,28.50247,26.1 [23.8-28.5],2022-05-26T11:33:33+02:00
cpmt,SEN,AFR,2012,WEALTHDECILE,WEALTHDECILE_WEALTHDECILE10,32.06513,25.87283,38.96052,32.1 [25.9-39.0],2022-05-26T12:30:04+02:00
cpmt,UGA,AFR,2016,DHSMICSGEOREGION,DHSMICSGEOREGION_UGADHS201604,31.48147,26.01365,37.5158,31.5 [26.0-37.5],2022-05-26T14:50:18+02:00
cpmt,LSO,AFR,2004,WEALTHDECILE,WEALTHDECILE_WEALTHDECILE07,39.51425,33.80238,45.52749,39.5 [33.8-45.5],2022-05-26T12:16:32+02:00
cpmt,KEN,AFR,1998,DHSMICSGEOREGION,DHSMICSGEOREGION_KENDHS199801,56.30631,48.45946,63.84971,56.3 [48.5-63.8],2022-05-26T14:30:39+02:00
cpmt,NGA,AFR,2007,DHSMICSGEOREGION,DHSMICSGEOREGION_NGAMICS200725,10.14493,7.24896,14.02292,10.1 [7.2-14.0],2022-05-26T14:37:13+02:00
cpmt,BEN,AFR,2011,WEALTHDECILE,WEALTHDECILE_WEALTHDECILE04,10.69732,8.7662,12.99327,10.7 [8.8-13.0],2022-05-26T11:59:28+02:00
cpmt,GHA,AFR,1998,WEALTHDECILE,WEALTHDECILE_WEALTHDECILE10,33.57107,27.34242,40.42911,33.6 [27.3-40.4],2022-05-26T12:09:38+02:00
cpmt,GHA,AFR,2014,WEALTHQUINTILE,WEALTHQUINTILE_WQ4,28.91767,25.82884,32.21544,28.9 [25.8-32.2],2022-05-26T12:52:33+02:00
cpmt,ZWE,AFR,1999,WEALTHQUINTILE,WEALTHQUINTILE_WQ5,68.61683,64.55086,72.41573,68.6 [64.6-72.4],2022-05-26T13:07:50+02:00
cpmt,NGA,AFR,2018,DHSMICSGEOREGION,DHSMICSGEOREGION_NGADHS201801,16.16423,14.64338,17.81008,16.2 [14.6-17.8],2022-05-26T14:38:18+02:00
cpmt,CMR,AFR,2018,DHSMICSGEOREGION,DHSMICSGEOREGION_CMRDHS201811,23.34719,17.90093,29.84802,23.3 [17.9-29.8],2022-05-26T14:16:29+02:00
cpmt,MWI,AFR,2000,RESIDENCEAREATYPE,RESIDENCEAREATYPE_URB,41.24022,37.468,45.1182,41.2 [37.5-45.1],2022-05-26T11:36:48+02:00
cpmt,BEN,AFR,2014,DHSMICSGEOREGION,DHSMICSGEOREGION_BENMICS201409,17.30492,13.5103,21.89551,17.3 [13.5-21.9],2022-05-26T14:13:21+02:00
cpmt,CIV,AFR,2006,WEALTHDECILE,WEALTHDECILE_WEALTHDECILE02,11.59305,8.78728,15.14593,11.6 [8.8-15.1],2022-05-26T12:05:09+02:00
cpmt,NGA,AFR,2011,DHSMICSGEOREGION,DHSMICSGEOREGION_NGAMICS201104,50.54152,46.45293,54.62288,50.5 [46.5-54.6],2022-05-26T14:37:37+02:00
cpmt,GIN,AFR,2018,AGEGROUP,AGEGROUP_YEARS20-49,10.89572,9.43904,12.54607,10.9 [9.4-12.5],2022-05-26T11:02:17+02:00
cpmt,ZMB,AFR,2013,WEALTHDECILE,WEALTHDECILE_WEALTHDECILE02,40.59479,36.98576,44.30836,40.6 [37.0-44.3],2022-05-26T12:38:32+02:00
cpmt,COG,AFR,2014,AGEGROUP,AGEGROUP_YEARS15-19,29.88783,24.36962,36.0598,29.9 [24.4-36.1],2022-05-26T11:00:47+02:00
cpmt,TCD,AFR,2014,DHSMICSGEOREGION,DHSMICSGEOREGION_TCDDHS201405,0.32724,0.08001,1.32822,0.3 [0.1-1.3],2022-05-26T14:17:32+02:00
cpmt,ZWE,AFR,1994,DHSMICSGEOREGION,DHSMICSGEOREGION_ZWEDHS199401,35.86009,28.5498,43.89234,35.9 [28.5-43.9],2022-05-26T14:53:34+02:00
cpmt,SLE,AFR,2010,DHSMICSGEOREGION,DHSMICSGEOREGION_SLEMICS201001,11.55965,9.65142,13.78759,11.6 [9.7-13.8],2022-05-26T14:47:01+02:00
cpmt,MLI,AFR,2001,WEALTHDECILE,WEALTHDECILE_WEALTHDECILE08,9.97731,7.94801,12.45463,10.0 [7.9-12.5],2022-05-26T12:18:38+02:00
cpmt,MDG,AFR,2008,WEALTHDECILE,WEALTHDECILE_WEALTHDECILE08,50.98112,47.44968,54.5028,51.0 [47.4-54.5],2022-05-26T12:17:23+02:00
cpmt,TGO,AFR,2010,WEALTHDECILE,WEALTHDECILE_WEALTHDECILE03,9.61718,6.85179,13.33886,9.6 [6.9-13.3],2022-05-26T12:34:04+02:00
cpmt,GHA,AFR,2017,WEALTHDECILE,WEALTHDECILE_WEALTHDECILE05,25.8237,21.69361,30.4345,25.8 [21.7-30.4],2022-05-26T12:10:12+02:00
cpmt,LSO,AFR,2009,DHSMICSGEOREGION,DHSMICSGEOREGION_LSODHS200903,50.81247,45.56755,56.03956,50.8 [45.6-56.0],2022-05-26T14:31:49+02:00
cpmt,LBR,AFR,2007,RESIDENCEAREATYPE,RESIDENCEAREATYPE_URB,18.79808,16.59398,21.22045,18.8 [16.6-21.2],2022-05-26T11:36:37+02:00
cpmt,MOZ,AFR,2003,EDUCATIONLEVEL,EDUCATIONLEVEL_PRLM,28.54833,26.72033,30.44943,28.5 [26.7-30.4],2022-05-26T11:21:20+02:00
cpmt,SEN,AFR,1997,WEALTHDECILE,WEALTHDECILE_WEALTHDECILE07,13.62748,10.44289,17.59245,13.6 [10.4-17.6],2022-05-26T12:29:44+02:00
cpmt,GIN,AFR,2018,DHSMICSGEOREGION,DHSMICSGEOREGION_GINDHS201805,12.00114,8.56783,16.56104,12.0 [8.6-16.6],2022-05-26T14:24:50+02:00
cpmt,CIV,AFR,1994,WEALTHDECILE,WEALTHDECILE_WEALTHDECILE03,5.13036,3.57542,7.31027,5.1 [3.6-7.3],2022-05-26T12:04:57+02:00
cpmt,MWI,AFR,2010,WEALTHDECILE,WEALTHDECILE_WEALTHDECILE03,43.32019,39.98224,46.71988,43.3 [40.0-46.7],2022-05-26T12:17:53+02:00
cpmt,KEN,AFR,2014,DHSMICSGEOREGION,DHSMICSGEOREGION_KENDHS201401,43.90778,40.65693,47.21178,43.9 [40.7-47.2],2022-05-26T14:30:52+02:00
cpmt,MDG,AFR,2003,DHSMICSGEOREGION,DHSMICSGEOREGION_MDGDHS200305,15.78029,12.26816,20.06789,15.8 [12.3-20.1],2022-05-26T14:32:15+02:00
cpmt,AGO,AFR,2015,WEALTHQUINTILE,WEALTHQUINTILE_WQ5,32.59836,28.01595,37.53942,32.6 [28.0-37.5],2022-05-26T12:45:19+02:00
cpmt,GIN,AFR,2016,WEALTHDECILE,WEALTHDECILE_WEALTHDECILE05,8.6085,6.60301,11.15038,8.6 [6.6-11.2],2022-05-26T12:11:02+02:00
cpmt,GHA,AFR,2006,WEALTHDECILE,WEALTHDECILE_WEALTHDECILE01,4.58353,2.6971,7.68519,4.6 [2.7-7.7],2022-05-26T12:09:49+02:00
cpmt,MWI,AFR,2013,WEALTHQUINTILE,WEALTHQUINTILE_WQ3,59.14612,56.63995,61.60562,59.1 [56.6-61.6],2022-05-26T12:57:02+02:00
cpmt,BEN,AFR,2014,AGEGROUP,AGEGROUP_YEARS15-19,11.20996,7.66056,16.11686,11.2 [7.7-16.1],2022-05-26T10:59:50+02:00
cpmt,LSO,AFR,2009,WEALTHDECILE,WEALTHDECILE_WEALTHDECILE09,62.24504,57.27004,66.97483,62.2 [57.3-67.0],2022-05-26T12:16:38+02:00
cpmt,CMR,AFR,2011,DHSMICSGEOREGION,DHSMICSGEOREGION_CMRDHS201103,40.69632,36.63202,44.8921,40.7 [36.6-44.9],2022-05-26T14:16:15+02:00
cpmt,MLI,AFR,2015,WEALTHQUINTILE,WEALTHQUINTILE_WQ4,20.46491,18.27199,22.84745,20.5 [18.3-22.8],2022-05-26T12:57:35+02:00
cpmt,SEN,AFR,2018,WEALTHDECILE,WEALTHDECILE_WEALTHDECILE08,30.25356,26.1573,34.68993,30.3 [26.2-34.7],2022-05-26T12:30:39+02:00
cpmt,TGO,AFR,2010,WEALTHQUINTILE,WEALTHQUINTILE_WQ4,17.00705,13.89162,20.65359,17.0 [13.9-20.7],2022-05-26T13:05:16+02:00
cpmt,NGA,AFR,2016,WEALTHDECILE,WEALTHDECILE_WEALTHDECILE02,4.3983,3.56589,5.41412,4.4 [3.6-5.4],2022-05-26T12:23:27+02:00
cpmt,ZWE,AFR,2005,WEALTHQUINTILE,WEALTHQUINTILE_WQ3,56.09965,52.03672,60.08242,56.1 [52.0-60.1],2022-05-26T13:07:53+02:00
cpmt,COM,AFR,2012,WEALTHQUINTILE,WEALTHQUINTILE_WQ3,19.08722,15.79847,22.8746,19.1 [15.8-22.9],2022-05-26T12:49:07+02:00
cpmt,COG,AFR,2011,DHSMICSGEOREGION,DHSMICSGEOREGION_COGDHS201108,30.08488,24.70871,36.07039,30.1 [24.7-36.1],2022-05-26T14:18:17+02:00
cpmt,SWZ,AFR,2010,WEALTHDECILE,WEALTHDECILE_WEALTHDECILE06,60.33987,52.97919,67.26036,60.3 [53.0-67.3],2022-05-26T12:07:56+02:00
cpmt,GMB,AFR,2010,WEALTHQUINTILE,WEALTHQUINTILE_WQ4,14.20231,11.91917,16.83918,14.2 [11.9-16.8],2022-05-26T12:51:56+02:00
cpmt,CAF,AFR,2010,WEALTHDECILE,WEALTHDECILE_WEALTHDECILE10,31.15569,25.78409,37.08712,31.2 [25.8-37.1],2022-05-26T12:02:42+02:00
cpmt,CMR,AFR,2014,WEALTHDECILE,WEALTHDECILE_WEALTHDECILE09,48.50901,43.94439,53.09864,48.5 [43.9-53.1],2022-05-26T12:02:21+02:00
cpmt,MDG,AFR,2018,DHSMICSGEOREGION,DHSMICSGEOREGION_MDGMICS201814,38.93955,33.49807,44.67121,38.9 [33.5-44.7],2022-05-26T14:32:33+02:00
cpmt,CAF,AFR,1994,WEALTHQUINTILE,WEALTHQUINTILE_WQ3,12.25057,10.12922,14.74331,12.3 [10.1-14.7],2022-05-26T12:48:19+02:00
cpmt,KEN,AFR,2003,DHSMICSGEOREGION,DHSMICSGEOREGION_KENDHS200305,24.69007,19.36336,30.92023,24.7 [19.4-30.9],2022-05-26T14:30:43+02:00
cpmt,ETH,AFR,2000,DHSMICSGEOREGION,DHSMICSGEOREGION_ETHDHS200007,6.35571,4.7434,8.46734,6.4 [4.7-8.5],2022-05-26T14:22:12+02:00
cpmt,MWI,AFR,2000,WEALTHDECILE,WEALTHDECILE_WEALTHDECILE10,43.96356,40.1045,47.897,44.0 [40.1-47.9],2022-05-26T12:17:35+02:00
cpmt,MDG,AFR,2008,AGEGROUP,AGEGROUP_YEARS15-19,24.6032,21.48175,28.01637,24.6 [21.5-28.0],2022-05-26T11:03:42+02:00
cpmt,AGO,AFR,2015,DHSMICSGEOREGION,DHSMICSGEOREGION_AGODHS201506,4.92714,2.41434,9.79277,4.9 [2.4-9.8],2022-05-26T14:10:58+02:00
cpmt,LBR,AFR,2007,WEALTHDECILE,WEALTHDECILE_WEALTHDECILE08,15.58539,12.05475,19.91594,15.6 [12.1-19.9],2022-05-26T12:16:55+02:00
cpmt,TGO,AFR,2010,WEALTHDECILE,WEALTHDECILE_WEALTHDECILE08,17.1651,12.95895,22.38536,17.2 [13.0-22.4],2022-05-26T12:34:04+02:00
cpmt,SLE,AFR,2017,WEALTHDECILE,WEALTHDECILE_WEALTHDECILE07,29.11376,25.51611,32.99397,29.1 [25.5-33.0],2022-05-26T12:31:42+02:00
cpmt,TZA,AFR,1996,WEALTHDECILE,WEALTHDECILE_WEALTHDECILE09,30.6954,26.74968,34.94547,30.7 [26.7-34.9],2022-05-26T12:36:34+02:00
cpmt,TZA,AFR,2004,RESIDENCEAREATYPE,RESIDENCEAREATYPE_RUR,21.55593,19.98561,23.21383,21.6 [20.0-23.2],2022-05-26T11:40:33+02:00
cpmt,ETH,AFR,2019,DHSMICSGEOREGION,DHSMICSGEOREGION_ETHDHS201905,3.37602,1.28669,8.56367,3.4 [1.3-8.6],2022-05-26T14:22:36+02:00
cpmt,COM,AFR,1996,WEALTHDECILE,WEALTHDECILE_WEALTHDECILE06,20.71006,15.37916,27.29283,20.7 [15.4-27.3],2022-05-26T12:03:44+02:00
cpmt,LSO,AFR,2009,WEALTHDECILE,WEALTHDECILE_WEALTHDECILE01,28.13233,22.93278,33.99081,28.1 [22.9-34.0],2022-05-26T12:16:38+02:00
cpmt,MLI,AFR,1995,DHSMICSGEOREGION,DHSMICSGEOREGION_MLIDHS199504,5.0066,3.55659,7.00484,5.0 [3.6-7.0],2022-05-26T14:33:18+02:00
cpmt,GIN,AFR,1999,WEALTHQUINTILE,WEALTHQUINTILE_WQ1,1.72706,1.03491,2.86869,1.7 [1.0-2.9],2022-05-26T12:52:55+02:00
cpmt,MLI,AFR,2006,WEALTHDECILE,WEALTHDECILE_WEALTHDECILE07,7.0509,5.36479,9.21534,7.1 [5.4-9.2],2022-05-26T12:18:44+02:00
cpmt,CMR,AFR,1998,WEALTHQUINTILE,WEALTHQUINTILE_WQ4,28.24611,24.70974,32.073,28.2 [24.7-32.1],2022-05-26T12:48:02+02:00
cpmt,KEN,AFR,2014,DHSMICSGEOREGION,DHSMICSGEOREGION_KENDHS201408,62.62792,57.91859,67.10951,62.6 [57.9-67.1],2022-05-26T14:30:52+02:00
cpmt,COD,AFR,2013,AGEGROUP,AGEGROUP_YEARS15-19,12.50706,9.81537,15.80752,12.5 [9.8-15.8],2022-05-26T11:01:06+02:00
cpmt,NGA,AFR,2016,DHSMICSGEOREGION,DHSMICSGEOREGION_NGAMICS201624,22.64085,18.81486,26.98625,22.6 [18.8-27.0],2022-05-26T14:38:02+02:00
cpmt,MWI,AFR,2013,WEALTHDECILE,WEALTHDECILE_WEALTHDECILE09,61.37375,57.03008,65.54362,61.4 [57.0-65.5],2022-05-26T12:17:59+02:00
cpmt,GMB,AFR,2013,WEALTHDECILE,WEALTHDECILE_WEALTHDECILE08,13.50932,10.23856,17.61984,13.5 [10.2-17.6],2022-05-26T12:09:01+02:00
cpmt,DZA,AFR,2012,WEALTHDECILE,WEALTHDECILE_WEALTHDECILE10,58.83057,55.74528,61.84797,58.8 [55.7-61.8],2022-05-26T11:56:15+02:00
cpmt,GHA,AFR,2017,WEALTHDECILE,WEALTHDECILE_WEALTHDECILE07,30.62882,26.21852,35.42481,30.6 [26.2-35.4],2022-05-26T12:10:12+02:00
cpmt,SEN,AFR,2014,WEALTHDECILE,WEALTHDECILE_WEALTHDECILE07,29.56697,23.5925,36.33492,29.6 [23.6-36.3],2022-05-26T12:30:11+02:00
cpmt,BFA,AFR,2010,WEALTHDECILE,WEALTHDECILE_WEALTHDECILE03,8.34118,6.87138,10.0913,8.3 [6.9-10.1],2022-05-26T12:00:58+02:00
cpmt,CMR,AFR,2014,DHSMICSGEOREGION,DHSMICSGEOREGION_CMRMICS201402,43.08399,36.63349,49.77806,43.1 [36.6-49.8],2022-05-26T14:16:22+02:00
cpmt,TZA,AFR,2015,DHSMICSGEOREGION,DHSMICSGEOREGION_TZADHS201511,46.63832,37.15048,56.37576,46.6 [37.2-56.4],2022-05-26T14:51:51+02:00
cpmt,MLI,AFR,2006,WEALTHDECILE,WEALTHDECILE_WEALTHDECILE08,9.148,5.61347,14.56465,9.1 [5.6-14.6],2022-05-26T12:18:44+02:00
cpmt,CMR,AFR,2004,DHSMICSGEOREGION,DHSMICSGEOREGION_CMRDHS200405,3.32781,2.17609,5.05757,3.3 [2.2-5.1],2022-05-26T14:16:01+02:00
cpmt,MLI,AFR,1995,DHSMICSGEOREGION,DHSMICSGEOREGION_MLIDHS199507,5.34759,2.62571,10.58437,5.3 [2.6-10.6],2022-05-26T14:33:18+02:00
cpmt,ZWE,AFR,1999,WEALTHDECILE,WEALTHDECILE_WEALTHDECILE06,47.33176,41.36561,53.37508,47.3 [41.4-53.4],2022-05-26T12:38:51+02:00
cpmt,GHA,AFR,2014,WEALTHDECILE,WEALTHDECILE_WEALTHDECILE05,25.24081,21.25208,29.69586,25.2 [21.3-29.7],2022-05-26T12:10:06+02:00
cpmt,GNB,AFR,2018,DHSMICSGEOREGION,DHSMICSGEOREGION_GNBMICS201809,25.6915,21.40637,30.50152,25.7 [21.4-30.5],2022-05-26T14:25:02+02:00
cpmt,NER,AFR,2006,DHSMICSGEOREGION,DHSMICSGEOREGION_NERDHS200603,18.94235,15.56373,22.85589,18.9 [15.6-22.9],2022-05-26T14:36:53+02:00
cpmt,SEN,AFR,2005,WEALTHDECILE,WEALTHDECILE_WEALTHDECILE01,2.61943,1.76846,3.86376,2.6 [1.8-3.9],2022-05-26T12:29:50+02:00
cpmt,LSO,AFR,2009,EDUCATIONLEVEL,EDUCATIONLEVEL_SHLM,55.72367,52.68424,58.72083,55.7 [52.7-58.7],2022-05-26T11:20:11+02:00
cpmt,ZWE,AFR,2005,WEALTHDECILE,WEALTHDECILE_WEALTHDECILE03,56.24039,51.08843,61.26117,56.2 [51.1-61.3],2022-05-26T12:38:57+02:00
cpmt,TZA,AFR,1996,DHSMICSGEOREGION,DHSMICSGEOREGION_TZADHS199621,9.59596,7.10975,12.83147,9.6 [7.1-12.8],2022-05-26T14:50:53+02:00
cpmt,CMR,AFR,2014,DHSMICSGEOREGION,DHSMICSGEOREGION_CMRMICS201405,5.36575,3.40622,8.35505,5.4 [3.4-8.4],2022-05-26T14:16:22+02:00
cpmt,MWI,AFR,2004,WEALTHDECILE,WEALTHDECILE_WEALTHDECILE10,47.22461,42.95759,51.53257,47.2 [43.0-51.5],2022-05-26T12:17:40+02:00
cpmt,COD,AFR,2017,WEALTHQUINTILE,WEALTHQUINTILE_WQ5,47.84653,40.46813,55.3201,47.8 [40.5-55.3],2022-05-26T12:50:10+02:00
cpmt,SEN,AFR,2017,DHSMICSGEOREGION,DHSMICSGEOREGION_SENDHS201705,13.61475,10.1428,18.03662,13.6 [10.1-18.0],2022-05-26T14:46:25+02:00
cpmt,RWA,AFR,2014,DHSMICSGEOREGION,DHSMICSGEOREGION_RWADHS201403,47.10122,44.15196,50.07086,47.1 [44.2-50.1],2022-05-26T14:45:18+02:00
cpmt,CAF,AFR,2010,DHSMICSGEOREGION,DHSMICSGEOREGION_CAFMICS201005,10.82096,7.77558,14.86682,10.8 [7.8-14.9],2022-05-26T14:16:50+02:00
cpmt,NAM,AFR,2006,WEALTHDECILE,WEALTHDECILE_WEALTHDECILE02,32.95216,26.81446,39.73204,33.0 [26.8-39.7],2022-05-26T12:21:02+02:00
cpmt,LSO,AFR,2009,WEALTHQUINTILE,WEALTHQUINTILE_WQ3,46.93796,42.92454,50.99139,46.9 [42.9-51.0],2022-05-26T12:56:16+02:00
cpmt,TCD,AFR,2004,WEALTHQUINTILE,WEALTHQUINTILE_WQ1,10.64936,6.56566,16.81591,10.6 [6.6-16.8],2022-05-26T12:48:35+02:00
cpmt,SLE,AFR,2010,WEALTHDECILE,WEALTHDECILE_WEALTHDECILE08,16.72958,13.8684,20.04369,16.7 [13.9-20.0],2022-05-26T12:31:30+02:00
cpmt,NGA,AFR,2013,WEALTHDECILE,WEALTHDECILE_WEALTHDECILE09,33.79826,31.2301,36.46563,33.8 [31.2-36.5],2022-05-26T12:23:21+02:00
cpmt,TCD,AFR,2010,WEALTHQUINTILE,WEALTHQUINTILE_WQ4,4.24874,3.33922,5.39218,4.2 [3.3-5.4],2022-05-26T12:48:38+02:00
cpmt,KEN,AFR,2014,WEALTHQUINTILE,WEALTHQUINTILE_WQ1,32.31933,30.12361,34.59586,32.3 [30.1-34.6],2022-05-26T12:55:39+02:00
cpmt,GHA,AFR,2011,WEALTHQUINTILE,WEALTHQUINTILE_WQ5,40.38484,35.89873,45.03768,40.4 [35.9-45.0],2022-05-26T12:52:30+02:00
cpmt,CIV,AFR,1994,WEALTHDECILE,WEALTHDECILE_WEALTHDECILE01,1.92725,1.201,3.07898,1.9 [1.2-3.1],2022-05-26T12:04:57+02:00
cpmt,CAF,AFR,2018,DHSMICSGEOREGION,DHSMICSGEOREGION_CAFMICS201805,13.34008,9.80074,17.90388,13.3 [9.8-17.9],2022-05-26T14:16:59+02:00
cpmt,NGA,AFR,2003,WEALTHDECILE,WEALTHDECILE_WEALTHDECILE10,32.81211,28.06688,37.93651,32.8 [28.1-37.9],2022-05-26T12:22:52+02:00
cpmt,SEN,AFR,2010,WEALTHDECILE,WEALTHDECILE_WEALTHDECILE03,6.8684,5.45039,8.62169,6.9 [5.5-8.6],2022-05-26T12:29:57+02:00
cpmt,BFA,AFR,1998,WEALTHDECILE,WEALTHDECILE_WEALTHDECILE06,11.38359,8.38654,15.27313,11.4 [8.4-15.3],2022-05-26T12:00:35+02:00
cpmt,SEN,AFR,2005,RESIDENCEAREATYPE,RESIDENCEAREATYPE_RUR,6.02952,5.03532,7.20511,6.0 [5.0-7.2],2022-05-26T11:39:12+02:00
cpmt,CIV,AFR,1998,WEALTHDECILE,WEALTHDECILE_WEALTHDECILE02,4.65654,1.93923,10.76346,4.7 [1.9-10.8],2022-05-26T12:05:04+02:00
cpmt,BFA,AFR,2010,DHSMICSGEOREGION,DHSMICSGEOREGION_BFADHS201009,27.88177,24.2957,31.77497,27.9 [24.3-31.8],2022-05-26T14:14:37+02:00
cpmt,GIN,AFR,2016,WEALTHDECILE,WEALTHDECILE_WEALTHDECILE10,13.12786,9.92077,17.17406,13.1 [9.9-17.2],2022-05-26T12:11:02+02:00
cpmt,BDI,AFR,2016,DHSMICSGEOREGION,DHSMICSGEOREGION_BDIDHS201602,27.88796,22.47317,34.03467,27.9 [22.5-34.0],2022-05-26T14:14:53+02:00
cpmt,SLE,AFR,2005,WEALTHDECILE,WEALTHDECILE_WEALTHDECILE07,4.59119,2.9639,7.04706,4.6 [3.0-7.0],2022-05-26T12:31:18+02:00
cpmt,SWZ,AFR,2006,EDUCATIONLEVEL,EDUCATIONLEVEL_NHLM,28.86891,23.27619,35.1891,28.9 [23.3-35.2],2022-05-26T11:17:27+02:00
cpmt,GNB,AFR,2006,RESIDENCEAREATYPE,RESIDENCEAREATYPE_URB,19.00069,16.47303,21.81491,19.0 [16.5-21.8],2022-05-26T11:35:22+02:00
cpmt,GHA,AFR,1993,AGEGROUP,AGEGROUP_YEARS20-49,20.63753,19.07069,22.29763,20.6 [19.1-22.3],2022-05-26T11:01:56+02:00
cpmt,RWA,AFR,2014,WEALTHDECILE,WEALTHDECILE_WEALTHDECILE08,56.93578,52.821,60.95695,56.9 [52.8-61.0],2022-05-26T12:28:57+02:00
cpmt,RWA,AFR,2014,WEALTHDECILE,WEALTHDECILE_WEALTHDECILE07,55.95648,52.0502,59.79037,56.0 [52.1-59.8],2022-05-26T12:28:57+02:00
cpmt,TZA,AFR,1999,DHSMICSGEOREGION,DHSMICSGEOREGION_TZADHS199922,25.63727,20.37189,31.7214,25.6 [20.4-31.7],2022-05-26T14:51:06+02:00
cpmt,NER,AFR,2012,DHSMICSGEOREGION,DHSMICSGEOREGION_NERDHS201202,12.13289,7.47558,19.09296,12.1 [7.5-19.1],2022-05-26T14:36:58+02:00
cpmt,GAB,AFR,2012,EDUCATIONLEVEL,EDUCATIONLEVEL_PRLM,21.84118,18.71134,25.33141,21.8 [18.7-25.3],2022-05-26T11:17:44+02:00
cpmt,COD,AFR,2007,WEALTHDECILE,WEALTHDECILE_WEALTHDECILE03,16.70561,12.36547,22.18349,16.7 [12.4-22.2],2022-05-26T12:05:26+02:00
cpmt,TZA,AFR,2010,EDUCATIONLEVEL,EDUCATIONLEVEL_SHLM,51.80129,46.31671,57.2428,51.8 [46.3-57.2],2022-05-26T11:25:48+02:00
cpmt,CAF,AFR,2010,DHSMICSGEOREGION,DHSMICSGEOREGION_CAFMICS201002,15.81104,12.41156,19.92977,15.8 [12.4-19.9],2022-05-26T14:16:50+02:00
cpmt,BEN,AFR,2001,WEALTHDECILE,WEALTHDECILE_WEALTHDECILE02,13.30096,10.12338,17.28412,13.3 [10.1-17.3],2022-05-26T11:59:16+02:00
cpmt,LSO,AFR,2014,WEALTHQUINTILE,WEALTHQUINTILE_WQ3,62.33065,58.02923,66.44614,62.3 [58.0-66.4],2022-05-26T12:56:20+02:00
cpmt,SLE,AFR,2010,WEALTHQUINTILE,WEALTHQUINTILE_WQ2,5.6945,4.59044,7.04451,5.7 [4.6-7.0],2022-05-26T13:03:52+02:00
cpmt,ZWE,AFR,1999,DHSMICSGEOREGION,DHSMICSGEOREGION_ZWEDHS199901,40.93177,34.55612,47.62765,40.9 [34.6-47.6],2022-05-26T14:53:40+02:00
cpmt,MOZ,AFR,2015,EDUCATIONLEVEL,EDUCATIONLEVEL_PRLM,27.01571,24.22002,30.00632,27.0 [24.2-30.0],2022-05-26T11:21:26+02:00
cpmt,TGO,AFR,2017,WEALTHDECILE,WEALTHDECILE_WEALTHDECILE07,27.55667,21.38115,34.72796,27.6 [21.4-34.7],2022-05-26T12:34:17+02:00
cpmt,CAF,AFR,2018,DHSMICSGEOREGION,DHSMICSGEOREGION_CAFMICS201807,36.40527,32.82489,40.1428,36.4 [32.8-40.1],2022-05-26T14:16:59+02:00
cpmt,MRT,AFR,2011,WEALTHDECILE,WEALTHDECILE_WEALTHDECILE04,5.94532,4.2167,8.32101,5.9 [4.2-8.3],2022-05-26T12:19:21+02:00
cpmt,CAF,AFR,2018,WEALTHQUINTILE,WEALTHQUINTILE_WQ5,32.56137,29.73232,35.52352,32.6 [29.7-35.5],2022-05-26T12:48:29+02:00
cpmt,TCD,AFR,2019,DHSMICSGEOREGION,DHSMICSGEOREGION_TCDMICS201917,1.58846,0.85282,2.93984,1.6 [0.9-2.9],2022-05-26T14:17:44+02:00
cpmt,MWI,AFR,2015,RESIDENCEAREATYPE,RESIDENCEAREATYPE_RUR,58.46784,57.21673,59.70812,58.5 [57.2-59.7],2022-05-26T11:36:54+02:00
cpmt,LBR,AFR,2019,WEALTHQUINTILE,WEALTHQUINTILE_WQ3,23.90184,19.79858,28.55276,23.9 [19.8-28.6],2022-05-26T12:56:33+02:00
cpmt,ZMB,AFR,1996,WEALTHDECILE,WEALTHDECILE_WEALTHDECILE03,20.66541,16.47511,25.59489,20.7 [16.5-25.6],2022-05-26T12:38:13+02:00
cpmt,SEN,AFR,2016,WEALTHQUINTILE,WEALTHQUINTILE_WQ3,28.17055,24.663,31.96528,28.2 [24.7-32.0],2022-05-26T13:03:20+02:00
cpmt,ZMB,AFR,2001,WEALTHDECILE,WEALTHDECILE_WEALTHDECILE05,29.08483,25.65395,32.77229,29.1 [25.7-32.8],2022-05-26T12:38:20+02:00
cpmt,KEN,AFR,2003,DHSMICSGEOREGION,DHSMICSGEOREGION_KENDHS200302,66.368,61.55367,70.86481,66.4 [61.6-70.9],2022-05-26T14:30:43+02:00
cpmt,STP,AFR,2014,RESIDENCEAREATYPE,RESIDENCEAREATYPE_URB,37.87652,34.2106,41.68637,37.9 [34.2-41.7],2022-05-26T11:39:08+02:00
cpmt,LSO,AFR,2018,WEALTHDECILE,WEALTHDECILE_WEALTHDECILE09,66.39934,60.26707,72.02449,66.4 [60.3-72.0],2022-05-26T12:16:50+02:00
cpmt,TGO,AFR,2006,EDUCATIONLEVEL,EDUCATIONLEVEL_PRLM,18.79068,16.32263,21.53587,18.8 [16.3-21.5],2022-05-26T11:24:55+02:00
cpmt,BFA,AFR,2003,WEALTHDECILE,WEALTHDECILE_WEALTHDECILE10,42.09758,37.7669,46.55338,42.1 [37.8-46.6],2022-05-26T12:00:44+02:00
cpmt,CMR,AFR,2011,DHSMICSGEOREGION,DHSMICSGEOREGION_CMRDHS201108,38.10942,31.32699,45.38972,38.1 [31.3-45.4],2022-05-26T14:16:15+02:00
cpmt,GIN,AFR,2016,AGEGROUP,AGEGROUP_YEARS20-49,8.93027,8.00304,9.9533,8.9 [8.0-10.0],2022-05-26T11:02:16+02:00
cpmt,BFA,AFR,2003,EDUCATIONLEVEL,EDUCATIONLEVEL_PRLM,26.5445,22.79665,30.66378,26.5 [22.8-30.7],2022-05-26T11:15:06+02:00
cpmt,NGA,AFR,2007,WEALTHQUINTILE,WEALTHQUINTILE_WQ5,32.81637,29.88001,35.89359,32.8 [29.9-35.9],2022-05-26T12:59:48+02:00
cpmt,SEN,AFR,2014,DHSMICSGEOREGION,DHSMICSGEOREGION_SENDHS201404,21.78761,15.89872,29.10293,21.8 [15.9-29.1],2022-05-26T14:46:01+02:00
cpmt,TZA,AFR,2010,DHSMICSGEOREGION,DHSMICSGEOREGION_TZADHS201018,26.20075,17.36694,37.48936,26.2 [17.4-37.5],2022-05-26T14:51:35+02:00
cpmt,COG,AFR,2005,WEALTHDECILE,WEALTHDECILE_WEALTHDECILE03,40.71601,34.3888,47.36694,40.7 [34.4-47.4],2022-05-26T12:03:54+02:00
cpmt,NAM,AFR,2013,WEALTHQUINTILE,WEALTHQUINTILE_WQ5,63.08187,58.65402,67.2999,63.1 [58.7-67.3],2022-05-26T12:58:49+02:00
cpmt,LBR,AFR,2019,RESIDENCEAREATYPE,RESIDENCEAREATYPE_URB,23.91257,20.50191,27.69296,23.9 [20.5-27.7],2022-05-26T11:36:41+02:00
cpmt,TCD,AFR,1996,WEALTHDECILE,WEALTHDECILE_WEALTHDECILE02,2.41156,1.13707,5.04172,2.4 [1.1-5.0],2022-05-26T12:02:52+02:00
cpmt,ETH,AFR,2000,WEALTHDECILE,WEALTHDECILE_WEALTHDECILE07,3.69939,2.40056,5.66021,3.7 [2.4-5.7],2022-05-26T12:08:07+02:00
cpmt,KEN,AFR,1998,RESIDENCEAREATYPE,RESIDENCEAREATYPE_URB,49.58142,44.82837,54.34205,49.6 [44.8-54.3],2022-05-26T11:36:16+02:00
cpmt,UGA,AFR,2011,WEALTHDECILE,WEALTHDECILE_WEALTHDECILE10,54.37864,49.50093,59.17378,54.4 [49.5-59.2],2022-05-26T12:35:59+02:00
cpmt,UGA,AFR,1995,WEALTHDECILE,WEALTHDECILE_WEALTHDECILE04,8.80453,6.27438,12.22191,8.8 [6.3-12.2],2022-05-26T12:35:40+02:00
cpmt,SLE,AFR,2005,WEALTHDECILE,WEALTHDECILE_WEALTHDECILE09,14.551,11.61317,18.07999,14.6 [11.6-18.1],2022-05-26T12:31:18+02:00
cpmt,KEN,AFR,2008,EDUCATIONLEVEL,EDUCATIONLEVEL_PRLM,44.21197,41.31657,47.14726,44.2 [41.3-47.1],2022-05-26T11:19:50+02:00
cpmt,RWA,AFR,2010,WEALTHDECILE,WEALTHDECILE_WEALTHDECILE09,59.44605,55.17464,63.57911,59.4 [55.2-63.6],2022-05-26T12:28:51+02:00
cpmt,ZWE,AFR,1999,DHSMICSGEOREGION,DHSMICSGEOREGION_ZWEDHS199906,41.60263,36.2979,47.10929,41.6 [36.3-47.1],2022-05-26T14:53:40+02:00
cpmt,COG,AFR,2014,WEALTHDECILE,WEALTHDECILE_WEALTHDECILE01,25.74358,22.51005,29.26617,25.7 [22.5-29.3],2022-05-26T12:04:06+02:00
cpmt,NER,AFR,1998,WEALTHQUINTILE,WEALTHQUINTILE_WQ2,4.7829,3.53221,6.44685,4.8 [3.5-6.4],2022-05-26T12:59:32+02:00
cpmt,NGA,AFR,2007,DHSMICSGEOREGION,DHSMICSGEOREGION_NGAMICS200727,36.36364,29.5425,43.78107,36.4 [29.5-43.8],2022-05-26T14:37:13+02:00
cpmt,ETH,AFR,2016,DHSMICSGEOREGION,DHSMICSGEOREGION_ETHDHS201610,55.94576,52.35476,59.47559,55.9 [52.4-59.5],2022-05-26T14:22:30+02:00
cpmt,MLI,AFR,2001,EDUCATIONLEVEL,EDUCATIONLEVEL_SHLM,33.09451,29.40203,37.00762,33.1 [29.4-37.0],2022-05-26T11:20:46+02:00
cpmt,MWI,AFR,2000,EDUCATIONLEVEL,EDUCATIONLEVEL_NHLM,25.95969,24.11238,27.89648,26.0 [24.1-27.9],2022-05-26T11:20:28+02:00
cpmt,NGA,AFR,1999,EDUCATIONLEVEL,EDUCATIONLEVEL_NHLM,6.02424,5.0444,7.18002,6.0 [5.0-7.2],2022-05-26T11:22:02+02:00
cpmt,TCD,AFR,2019,DHSMICSGEOREGION,DHSMICSGEOREGION_TCDMICS201916,9.37984,7.14511,12.22151,9.4 [7.1-12.2],2022-05-26T14:17:44+02:00
cpmt,ETH,AFR,2019,WEALTHDECILE,WEALTHDECILE_WEALTHDECILE03,32.64561,26.3804,39.59844,32.6 [26.4-39.6],2022-05-26T12:08:31+02:00
cpmt,CMR,AFR,2011,WEALTHQUINTILE,WEALTHQUINTILE_WQ3,22.79049,19.89787,25.96731,22.8 [19.9-26.0],2022-05-26T12:48:10+02:00
cpmt,LBR,AFR,2007,DHSMICSGEOREGION,DHSMICSGEOREGION_LBRDHS200701,19.03524,16.31134,22.09394,19.0 [16.3-22.1],2022-05-26T14:32:03+02:00
cpmt,MLI,AFR,1995,AGEGROUP,AGEGROUP_YEARS15-19,4.59283,3.24563,6.46186,4.6 [3.2-6.5],2022-05-26T11:03:55+02:00
cpmt,MRT,AFR,2015,WEALTHDECILE,WEALTHDECILE_WEALTHDECILE04,10.88986,8.40412,13.99846,10.9 [8.4-14.0],2022-05-26T12:19:25+02:00
cpmt,TZA,AFR,1996,WEALTHQUINTILE,WEALTHQUINTILE_WQ5,36.38121,33.34302,39.53204,36.4 [33.3-39.5],2022-05-26T13:06:38+02:00
cpmt,CPV,AFR,1998,WEALTHQUINTILE,WEALTHQUINTILE_WQ3,46.34752,41.22614,51.54713,46.3 [41.2-51.5],2022-05-26T12:47:47+02:00
cpmt,TZA,AFR,2010,DHSMICSGEOREGION,DHSMICSGEOREGION_TZADHS201019,15.17092,10.29534,21.79446,15.2 [10.3-21.8],2022-05-26T14:51:35+02:00
cpmt,CMR,AFR,2006,WEALTHQUINTILE,WEALTHQUINTILE_WQ3,35.14922,30.85185,39.70149,35.1 [30.9-39.7],2022-05-26T12:48:07+02:00
cpmt,SEN,AFR,2014,DHSMICSGEOREGION,DHSMICSGEOREGION_SENDHS201401,35.8442,29.25802,43.01155,35.8 [29.3-43.0],2022-05-26T14:46:00+02:00
cpmt,CAF,AFR,2018,WEALTHDECILE,WEALTHDECILE_WEALTHDECILE04,11.39017,8.41157,15.24791,11.4 [8.4-15.2],2022-05-26T12:02:47+02:00
cpmt,BEN,AFR,2006,EDUCATIONLEVEL,EDUCATIONLEVEL_NHLM,12.37291,11.5231,13.27598,12.4 [11.5-13.3],2022-05-26T11:14:42+02:00
cpmt,GHA,AFR,2006,DHSMICSGEOREGION,DHSMICSGEOREGION_GHAMICS200608,8.3351,5.08411,13.37204,8.3 [5.1-13.4],2022-05-26T14:23:43+02:00
cpmt,GMB,AFR,2018,WEALTHDECILE,WEALTHDECILE_WEALTHDECILE01,13.97206,11.701,16.60104,14.0 [11.7-16.6],2022-05-26T12:09:07+02:00
cpmt,CMR,AFR,2014,WEALTHDECILE,WEALTHDECILE_WEALTHDECILE10,43.49086,38.21305,48.92048,43.5 [38.2-48.9],2022-05-26T12:02:21+02:00
cpmt,CIV,AFR,1998,EDUCATIONLEVEL,EDUCATIONLEVEL_PRLM,25.16239,20.73412,30.17638,25.2 [20.7-30.2],2022-05-26T11:16:32+02:00
cpmt,SEN,AFR,2014,EDUCATIONLEVEL,EDUCATIONLEVEL_SHLM,37.18016,31.41197,43.33827,37.2 [31.4-43.3],2022-05-26T11:23:53+02:00
cpmt,GMB,AFR,2013,DHSMICSGEOREGION,DHSMICSGEOREGION_GMBDHS201304,7.96787,5.89137,10.69311,8.0 [5.9-10.7],2022-05-26T14:23:01+02:00
cpmt,BEN,AFR,2001,AGEGROUP,AGEGROUP_YEARS15-19,7.86265,4.83123,12.54545,7.9 [4.8-12.5],2022-05-26T10:59:46+02:00
cpmt,TCD,AFR,1996,DHSMICSGEOREGION,DHSMICSGEOREGION_TCDDHS199609,4.69026,3.21989,6.78501,4.7 [3.2-6.8],2022-05-26T14:17:05+02:00
cpmt,ZWE,AFR,2015,DHSMICSGEOREGION,DHSMICSGEOREGION_ZWEDHS201509,71.13209,66.28066,75.54308,71.1 [66.3-75.5],2022-05-26T14:54:10+02:00
cpmt,UGA,AFR,1995,AGEGROUP,AGEGROUP_YEARS15-19,9.93439,6.88207,14.13498,9.9 [6.9-14.1],2022-05-26T11:07:20+02:00
cpmt,RWA,AFR,2000,WEALTHDECILE,WEALTHDECILE_WEALTHDECILE06,14.23845,11.42595,17.60564,14.2 [11.4-17.6],2022-05-26T12:28:38+02:00
cpmt,CIV,AFR,1994,WEALTHDECILE,WEALTHDECILE_WEALTHDECILE08,16.98722,13.60562,21.00496,17.0 [13.6-21.0],2022-05-26T12:04:57+02:00
cpmt,CMR,AFR,2011,WEALTHQUINTILE,WEALTHQUINTILE_WQ4,34.47609,31.54891,37.52596,34.5 [31.5-37.5],2022-05-26T12:48:10+02:00
cpmt,ETH,AFR,2016,WEALTHDECILE,WEALTHDECILE_WEALTHDECILE03,29.64683,24.67176,35.1569,29.6 [24.7-35.2],2022-05-26T12:08:25+02:00
cpmt,MOZ,AFR,2011,WEALTHDECILE,WEALTHDECILE_WEALTHDECILE02,3.12623,1.97126,4.92391,3.1 [2.0-4.9],2022-05-26T12:20:38+02:00
cpmt,RWA,AFR,2019,WEALTHDECILE,WEALTHDECILE_WEALTHDECILE03,66.14639,62.42799,69.67554,66.1 [62.4-69.7],2022-05-26T12:29:04+02:00
cpmt,CAF,AFR,2010,RESIDENCEAREATYPE,RESIDENCEAREATYPE_RUR,8.39082,7.24203,9.70279,8.4 [7.2-9.7],2022-05-26T11:33:36+02:00
cpmt,SEN,AFR,2019,DHSMICSGEOREGION,DHSMICSGEOREGION_SENDHS201912,24.92472,19.1026,31.82328,24.9 [19.1-31.8],2022-05-26T14:46:41+02:00
cpmt,UGA,AFR,2006,DHSMICSGEOREGION,DHSMICSGEOREGION_UGADHS200604,23.36673,18.7411,28.73038,23.4 [18.7-28.7],2022-05-26T14:50:06+02:00
cpmt,TGO,AFR,2006,WEALTHDECILE,WEALTHDECILE_WEALTHDECILE07,19.4838,15.24135,24.56488,19.5 [15.2-24.6],2022-05-26T12:33:57+02:00
cpmt,RWA,AFR,2000,DHSMICSGEOREGION,DHSMICSGEOREGION_RWADHS200004,10.6267,6.97584,15.86246,10.6 [7.0-15.9],2022-05-26T14:45:02+02:00
cpmt,UGA,AFR,2011,WEALTHDECILE,WEALTHDECILE_WEALTHDECILE09,37.57898,31.82211,43.70962,37.6 [31.8-43.7],2022-05-26T12:35:59+02:00
cpmt,MWI,AFR,2019,EDUCATIONLEVEL,EDUCATIONLEVEL_PRLM,65.95106,64.64182,67.23638,66.0 [64.6-67.2],2022-05-26T11:20:39+02:00
cpmt,TCD,AFR,2010,DHSMICSGEOREGION,DHSMICSGEOREGION_TCDMICS201020,8.59098,4.8987,14.63787,8.6 [4.9-14.6],2022-05-26T14:17:20+02:00
cpmt,MOZ,AFR,1997,AGEGROUP,AGEGROUP_YEARS20-49,6.3346,5.02063,7.96363,6.3 [5.0-8.0],2022-05-26T11:04:20+02:00
cpmt,GIN,AFR,2012,EDUCATIONLEVEL,EDUCATIONLEVEL_SHLM,10.49896,7.93844,13.7619,10.5 [7.9-13.8],2022-05-26T11:18:26+02:00
cpmt,MLI,AFR,1995,WEALTHDECILE,WEALTHDECILE_WEALTHDECILE02,1.80313,1.06036,3.05015,1.8 [1.1-3.1],2022-05-26T12:18:32+02:00
cpmt,UGA,AFR,2011,WEALTHQUINTILE,WEALTHQUINTILE_WQ3,29.25453,26.31497,32.37816,29.3 [26.3-32.4],2022-05-26T13:06:19+02:00
cpmt,CIV,AFR,1998,WEALTHDECILE,WEALTHDECILE_WEALTHDECILE06,11.55578,7.43155,17.53525,11.6 [7.4-17.5],2022-05-26T12:05:04+02:00
cpmt,NGA,AFR,2007,DHSMICSGEOREGION,DHSMICSGEOREGION_NGAMICS200731,17.41803,12.54605,23.66988,17.4 [12.5-23.7],2022-05-26T14:37:13+02:00
cpmt,STP,AFR,2014,WEALTHDECILE,WEALTHDECILE_WEALTHDECILE09,33.77638,25.4917,43.1927,33.8 [25.5-43.2],2022-05-26T12:29:30+02:00
cpmt,ZWE,AFR,2005,WEALTHDECILE,WEALTHDECILE_WEALTHDECILE08,64.13158,58.96849,68.98666,64.1 [59.0-69.0],2022-05-26T12:38:57+02:00
cpmt,CIV,AFR,1998,WEALTHDECILE,WEALTHDECILE_WEALTHDECILE03,6.20143,2.41605,15.00564,6.2 [2.4-15.0],2022-05-26T12:05:04+02:00
cpmt,TCD,AFR,2010,WEALTHDECILE,WEALTHDECILE_WEALTHDECILE03,4.55874,2.93054,7.0261,4.6 [2.9-7.0],2022-05-26T12:03:03+02:00
cpmt,SLE,AFR,2010,EDUCATIONLEVEL,EDUCATIONLEVEL_NHLM,7.9963,7.02913,9.08355,8.0 [7.0-9.1],2022-05-26T11:24:14+02:00
cpmt,LBR,AFR,2007,WEALTHDECILE,WEALTHDECILE_WEALTHDECILE01,3.38677,1.64568,6.84177,3.4 [1.6-6.8],2022-05-26T12:16:55+02:00
cpmt,SEN,AFR,1997,WEALTHQUINTILE,WEALTHQUINTILE_WQ3,9.70941,7.93284,11.83272,9.7 [7.9-11.8],2022-05-26T13:03:00+02:00
cpmt,STP,AFR,2008,WEALTHQUINTILE,WEALTHQUINTILE_WQ2,35.67538,29.32027,42.57816,35.7 [29.3-42.6],2022-05-26T13:02:50+02:00
cpmt,GNB,AFR,2014,EDUCATIONLEVEL,EDUCATIONLEVEL_NHLM,10.41394,9.09319,11.9014,10.4 [9.1-11.9],2022-05-26T11:18:33+02:00
cpmt,MWI,AFR,2019,RESIDENCEAREATYPE,RESIDENCEAREATYPE_URB,65.61708,61.92922,69.12581,65.6 [61.9-69.1],2022-05-26T11:36:56+02:00
cpmt,GMB,AFR,2010,WEALTHDECILE,WEALTHDECILE_WEALTHDECILE03,11.63579,9.1505,14.68698,11.6 [9.2-14.7],2022-05-26T12:08:55+02:00
cpmt,ETH,AFR,2005,WEALTHDECILE,WEALTHDECILE_WEALTHDECILE10,51.26841,47.54025,54.9825,51.3 [47.5-55.0],2022-05-26T12:08:13+02:00
cpmt,ZMB,AFR,2007,WEALTHQUINTILE,WEALTHQUINTILE_WQ5,54.2466,50.44937,57.99513,54.2 [50.4-58.0],2022-05-26T13:07:37+02:00
cpmt,CMR,AFR,2018,DHSMICSGEOREGION,DHSMICSGEOREGION_CMRDHS201809,25.41127,21.5617,29.68801,25.4 [21.6-29.7],2022-05-26T14:16:29+02:00
cpmt,CAF,AFR,2010,EDUCATIONLEVEL,EDUCATIONLEVEL_SHLM,32.82448,28.38964,37.58845,32.8 [28.4-37.6],2022-05-26T11:15:47+02:00
cpmt,ETH,AFR,2019,DHSMICSGEOREGION,DHSMICSGEOREGION_ETHDHS201904,40.73026,33.82728,48.01968,40.7 [33.8-48.0],2022-05-26T14:22:36+02:00
cpmt,MLI,AFR,2015,EDUCATIONLEVEL,EDUCATIONLEVEL_NHLM,12.08803,11.02384,13.23965,12.1 [11.0-13.2],2022-05-26T11:20:52+02:00
cpmt,MDG,AFR,2018,DHSMICSGEOREGION,DHSMICSGEOREGION_MDGMICS201810,53.48747,47.02638,59.83362,53.5 [47.0-59.8],2022-05-26T14:32:33+02:00
cpmt,GIN,AFR,2016,WEALTHDECILE,WEALTHDECILE_WEALTHDECILE07,7.46778,5.70239,9.72334,7.5 [5.7-9.7],2022-05-26T12:11:02+02:00
cpmt,MLI,AFR,2009,WEALTHDECILE,WEALTHDECILE_WEALTHDECILE07,10.309,8.62383,12.2792,10.3 [8.6-12.3],2022-05-26T12:18:50+02:00
cpmt,GMB,AFR,2018,WEALTHQUINTILE,WEALTHQUINTILE_WQ5,21.16803,18.33088,24.31357,21.2 [18.3-24.3],2022-05-26T12:52:02+02:00
cpmt,LBR,AFR,2007,DHSMICSGEOREGION,DHSMICSGEOREGION_LBRDHS200705,6.14719,4.72045,7.96908,6.1 [4.7-8.0],2022-05-26T14:32:03+02:00
cpmt,GIN,AFR,2016,DHSMICSGEOREGION,DHSMICSGEOREGION_GINMICS201605,3.42101,2.26378,5.13871,3.4 [2.3-5.1],2022-05-26T14:24:46+02:00
cpmt,GHA,AFR,2006,DHSMICSGEOREGION,DHSMICSGEOREGION_GHAMICS200609,15.02681,11.2895,19.72622,15.0 [11.3-19.7],2022-05-26T14:23:43+02:00
cpmt,COD,AFR,2007,WEALTHDECILE,WEALTHDECILE_WEALTHDECILE10,42.15985,37.45366,47.01291,42.2 [37.5-47.0],2022-05-26T12:05:26+02:00
cpmt,ZMB,AFR,2018,WEALTHDECILE,WEALTHDECILE_WEALTHDECILE10,51.66022,46.3082,56.97443,51.7 [46.3-57.0],2022-05-26T12:38:39+02:00
cpmt,GNB,AFR,2014,EDUCATIONLEVEL,EDUCATIONLEVEL_PRLM,18.55663,16.20945,21.15788,18.6 [16.2-21.2],2022-05-26T11:18:33+02:00
cpmt,TZA,AFR,1999,DHSMICSGEOREGION,DHSMICSGEOREGION_TZADHS199916,16.24112,10.98882,23.34543,16.2 [11.0-23.3],2022-05-26T14:51:06+02:00
cpmt,SLE,AFR,2017,WEALTHQUINTILE,WEALTHQUINTILE_WQ4,32.28658,29.39365,35.3218,32.3 [29.4-35.3],2022-05-26T13:03:59+02:00
cpmt,TZA,AFR,2015,WEALTHQUINTILE,WEALTHQUINTILE_WQ5,49.20351,46.29296,52.11946,49.2 [46.3-52.1],2022-05-26T13:06:50+02:00
cpmt,ZWE,AFR,2014,WEALTHDECILE,WEALTHDECILE_WEALTHDECILE06,65.8763,62.39961,69.19025,65.9 [62.4-69.2],2022-05-26T12:39:16+02:00
cpmt,CMR,AFR,2006,WEALTHDECILE,WEALTHDECILE_WEALTHDECILE09,38.59394,33.34324,44.12415,38.6 [33.3-44.1],2022-05-26T12:02:08+02:00
cpmt,CIV,AFR,1994,DHSMICSGEOREGION,DHSMICSGEOREGION_CIVDHS199407,5.59691,4.25583,7.32825,5.6 [4.3-7.3],2022-05-26T14:18:56+02:00
cpmt,KEN,AFR,1998,DHSMICSGEOREGION,DHSMICSGEOREGION_KENDHS199807,30.22669,26.48734,34.248,30.2 [26.5-34.2],2022-05-26T14:30:39+02:00
cpmt,SWZ,AFR,2010,WEALTHQUINTILE,WEALTHQUINTILE_WQ4,68.9877,63.85124,73.69499,69.0 [63.9-73.7],2022-05-26T12:51:24+02:00
cpmt,MWI,AFR,2019,WEALTHDECILE,WEALTHDECILE_WEALTHDECILE04,66.37311,63.27241,69.33889,66.4 [63.3-69.3],2022-05-26T12:18:12+02:00
cpmt,TZA,AFR,1996,DHSMICSGEOREGION,DHSMICSGEOREGION_TZADHS199603,50.67264,44.56476,56.76052,50.7 [44.6-56.8],2022-05-26T14:50:53+02:00
cpmt,GHA,AFR,1998,EDUCATIONLEVEL,EDUCATIONLEVEL_SHLM,29.31644,26.8103,31.95457,29.3 [26.8-32.0],2022-05-26T11:18:00+02:00
cpmt,TGO,AFR,2013,WEALTHDECILE,WEALTHDECILE_WEALTHDECILE03,17.39978,14.012,21.40278,17.4 [14.0-21.4],2022-05-26T12:34:10+02:00
cpmt,TCD,AFR,2004,WEALTHDECILE,WEALTHDECILE_WEALTHDECILE08,10.35008,6.77361,15.50095,10.4 [6.8-15.5],2022-05-26T12:02:58+02:00
cpmt,TZA,AFR,2010,WEALTHQUINTILE,WEALTHQUINTILE_WQ1,22.92504,19.69091,26.51498,22.9 [19.7-26.5],2022-05-26T13:06:47+02:00
cpmt,COD,AFR,2017,DHSMICSGEOREGION,DHSMICSGEOREGION_CODMICS201725,21.52411,15.48924,29.10062,21.5 [15.5-29.1],2022-05-26T14:19:46+02:00
cpmt,GHA,AFR,2017,RESIDENCEAREATYPE,RESIDENCEAREATYPE_RUR,30.63767,28.15922,33.23334,30.6 [28.2-33.2],2022-05-26T11:35:09+02:00
cpmt,ZMB,AFR,2018,WEALTHDECILE,WEALTHDECILE_WEALTHDECILE09,55.94491,50.9333,60.83821,55.9 [50.9-60.8],2022-05-26T12:38:39+02:00
cpmt,DZA,AFR,2018,AGEGROUP,AGEGROUP_YEARS15-19,30.57576,22.74638,39.71465,30.6 [22.7-39.7],2022-05-26T10:59:10+02:00
cpmt,SEN,AFR,2012,EDUCATIONLEVEL,EDUCATIONLEVEL_PRLM,26.88201,23.43104,30.63787,26.9 [23.4-30.6],2022-05-26T11:23:51+02:00
cpmt,SEN,AFR,2018,DHSMICSGEOREGION,DHSMICSGEOREGION_SENDHS201806,23.11007,17.92516,29.26007,23.1 [17.9-29.3],2022-05-26T14:46:33+02:00
cpmt,ZMB,AFR,2013,EDUCATIONLEVEL,EDUCATIONLEVEL_SHLM,56.66068,54.17982,59.1086,56.7 [54.2-59.1],2022-05-26T11:26:17+02:00
cpmt,GIN,AFR,2005,WEALTHDECILE,WEALTHDECILE_WEALTHDECILE03,5.81296,4.00773,8.36053,5.8 [4.0-8.4],2022-05-26T12:10:51+02:00
cpmt,ZWE,AFR,1994,EDUCATIONLEVEL,EDUCATIONLEVEL_PRLM,46.4014,43.91184,48.90903,46.4 [43.9-48.9],2022-05-26T11:26:20+02:00
cpmt,COD,AFR,2013,DHSMICSGEOREGION,DHSMICSGEOREGION_CODDHS201307,13.37445,10.17261,17.389,13.4 [10.2-17.4],2022-05-26T14:19:36+02:00
cpmt,COD,AFR,2007,WEALTHDECILE,WEALTHDECILE_WEALTHDECILE08,22.92546,17.43639,29.52461,22.9 [17.4-29.5],2022-05-26T12:05:26+02:00
cpmt,ETH,AFR,2000,EDUCATIONLEVEL,EDUCATIONLEVEL_PRLM,16.41894,13.59699,19.69307,16.4 [13.6-19.7],2022-05-26T11:17:32+02:00
cpmt,TZA,AFR,2004,WEALTHDECILE,WEALTHDECILE_WEALTHDECILE02,15.84406,12.7922,19.46154,15.8 [12.8-19.5],2022-05-26T12:36:46+02:00
cpmt,CAF,AFR,1994,WEALTHDECILE,WEALTHDECILE_WEALTHDECILE04,12.70982,10.00855,16.01046,12.7 [10.0-16.0],2022-05-26T12:02:31+02:00
cpmt,MLI,AFR,2015,WEALTHDECILE,WEALTHDECILE_WEALTHDECILE02,7.27142,5.31719,9.86902,7.3 [5.3-9.9],2022-05-26T12:19:03+02:00
cpmt,SLE,AFR,2008,WEALTHQUINTILE,WEALTHQUINTILE_WQ3,4.5563,3.34456,6.179,4.6 [3.3-6.2],2022-05-26T13:03:49+02:00
cpmt,GHA,AFR,2006,WEALTHDECILE,WEALTHDECILE_WEALTHDECILE03,10.6458,7.84029,14.29946,10.6 [7.8-14.3],2022-05-26T12:09:49+02:00
cpmt,ZAF,AFR,1998,WEALTHDECILE,WEALTHDECILE_WEALTHDECILE08,71.73801,66.67757,76.30308,71.7 [66.7-76.3],2022-05-26T12:32:01+02:00
cpmt,TZA,AFR,1996,AGEGROUP,AGEGROUP_YEARS15-19,7.40073,4.91342,11.00151,7.4 [4.9-11.0],2022-05-26T11:07:32+02:00
cpmt,MDG,AFR,2003,AGEGROUP,AGEGROUP_YEARS20-49,28.40527,25.26259,31.77271,28.4 [25.3-31.8],2022-05-26T11:03:40+02:00
cpmt,NER,AFR,2006,WEALTHDECILE,WEALTHDECILE_WEALTHDECILE03,7.29073,4.86984,10.77873,7.3 [4.9-10.8],2022-05-26T12:22:32+02:00
cpmt,MWI,AFR,2019,EDUCATIONLEVEL,EDUCATIONLEVEL_NHLM,62.4991,59.12232,65.75849,62.5 [59.1-65.8],2022-05-26T11:20:39+02:00
cpmt,NGA,AFR,2016,DHSMICSGEOREGION,DHSMICSGEOREGION_NGAMICS201623,27.07044,20.87207,34.31137,27.1 [20.9-34.3],2022-05-26T14:38:02+02:00
cpmt,ETH,AFR,2005,WEALTHQUINTILE,WEALTHQUINTILE_WQ1,4.16652,2.96691,5.82207,4.2 [3.0-5.8],2022-05-26T12:51:34+02:00
cpmt,CIV,AFR,2016,WEALTHDECILE,WEALTHDECILE_WEALTHDECILE06,16.00153,13.18677,19.28365,16.0 [13.2-19.3],2022-05-26T12:05:21+02:00
cpmt,SSD,AFR,2010,DHSMICSGEOREGION,DHSMICSGEOREGION_SSDMICS201002,2.09269,1.12333,3.86584,2.1 [1.1-3.9],2022-05-26T14:47:24+02:00
cpmt,MWI,AFR,2013,RESIDENCEAREATYPE,RESIDENCEAREATYPE_RUR,58.47756,57.05705,59.88413,58.5 [57.1-59.9],2022-05-26T11:36:53+02:00
cpmt,CMR,AFR,2011,WEALTHDECILE,WEALTHDECILE_WEALTHDECILE06,23.00282,19.56868,26.83853,23.0 [19.6-26.8],2022-05-26T12:02:15+02:00
cpmt,MOZ,AFR,2011,WEALTHDECILE,WEALTHDECILE_WEALTHDECILE03,5.26579,3.73691,7.37227,5.3 [3.7-7.4],2022-05-26T12:20:38+02:00
cpmt,COG,AFR,2011,WEALTHDECILE,WEALTHDECILE_WEALTHDECILE04,36.61545,30.63795,43.03558,36.6 [30.6-43.0],2022-05-26T12:04:00+02:00
cpmt,COD,AFR,2010,WEALTHDECILE,WEALTHDECILE_WEALTHDECILE02,16.93257,13.29655,21.31841,16.9 [13.3-21.3],2022-05-26T12:05:32+02:00
cpmt,ETH,AFR,2000,WEALTHDECILE,WEALTHDECILE_WEALTHDECILE08,6.02116,4.12531,8.70915,6.0 [4.1-8.7],2022-05-26T12:08:07+02:00
cpmt,CAF,AFR,2010,DHSMICSGEOREGION,DHSMICSGEOREGION_CAFMICS201015,5.52847,3.16776,9.47629,5.5 [3.2-9.5],2022-05-26T14:16:50+02:00
cpmt,COG,AFR,2005,EDUCATIONLEVEL,EDUCATIONLEVEL_PRLM,42.2184,38.72689,45.78945,42.2 [38.7-45.8],2022-05-26T11:16:12+02:00
cpmt,COG,AFR,2011,EDUCATIONLEVEL,EDUCATIONLEVEL_NHLM,33.59007,28.48065,39.11479,33.6 [28.5-39.1],2022-05-26T11:16:14+02:00
cpmt,ZWE,AFR,1999,DHSMICSGEOREGION,DHSMICSGEOREGION_ZWEDHS199910,61.95965,55.0759,68.39392,62.0 [55.1-68.4],2022-05-26T14:53:40+02:00
cpmt,NGA,AFR,2008,DHSMICSGEOREGION,DHSMICSGEOREGION_NGADHS200802,4.032,3.27136,4.96042,4.0 [3.3-5.0],2022-05-26T14:37:29+02:00
cpmt,KEN,AFR,2008,WEALTHDECILE,WEALTHDECILE_WEALTHDECILE09,51.11383,45.96671,56.23743,51.1 [46.0-56.2],2022-05-26T12:15:29+02:00
cpmt,TCD,AFR,2004,DHSMICSGEOREGION,DHSMICSGEOREGION_TCDDHS200407,10.57395,6.70365,16.28862,10.6 [6.7-16.3],2022-05-26T14:17:13+02:00
cpmt,MOZ,AFR,2011,DHSMICSGEOREGION,DHSMICSGEOREGION_MOZDHS201107,8.44273,6.65882,10.65002,8.4 [6.7-10.7],2022-05-26T14:35:08+02:00
cpmt,BDI,AFR,2005,WEALTHDECILE,WEALTHDECILE_WEALTHDECILE08,8.27643,5.8625,11.56225,8.3 [5.9-11.6],2022-05-26T12:01:05+02:00
cpmt,SLE,AFR,2013,DHSMICSGEOREGION,DHSMICSGEOREGION_SLEDHS201303,17.23334,15.11088,19.58514,17.2 [15.1-19.6],2022-05-26T14:47:03+02:00
cpmt,GIN,AFR,2018,WEALTHQUINTILE,WEALTHQUINTILE_WQ5,18.00078,14.69427,21.86065,18.0 [14.7-21.9],2022-05-26T12:53:08+02:00
cpmt,NER,AFR,1998,DHSMICSGEOREGION,DHSMICSGEOREGION_NERDHS199805,5.81266,3.75775,8.88752,5.8 [3.8-8.9],2022-05-26T14:36:49+02:00
cpmt,ZWE,AFR,2010,WEALTHDECILE,WEALTHDECILE_WEALTHDECILE03,55.32108,51.33313,59.24171,55.3 [51.3-59.2],2022-05-26T12:39:10+02:00
cpmt,ZWE,AFR,2014,WEALTHDECILE,WEALTHDECILE_WEALTHDECILE05,66.22536,62.27726,69.95959,66.2 [62.3-70.0],2022-05-26T12:39:16+02:00
cpmt,MLI,AFR,2015,WEALTHDECILE,WEALTHDECILE_WEALTHDECILE05,11.71589,9.81791,13.92413,11.7 [9.8-13.9],2022-05-26T12:19:03+02:00
cpmt,TZA,AFR,1999,AGEGROUP,AGEGROUP_YEARS15-19,10.55983,6.40676,16.91843,10.6 [6.4-16.9],2022-05-26T11:07:34+02:00
cpmt,MWI,AFR,2013,DHSMICSGEOREGION,DHSMICSGEOREGION_MWIMICS201301,54.36667,49.33171,59.31394,54.4 [49.3-59.3],2022-05-26T14:32:54+02:00
cpmt,COD,AFR,2017,WEALTHDECILE,WEALTHDECILE_WEALTHDECILE02,16.78421,13.97363,20.02848,16.8 [14.0-20.0],2022-05-26T12:05:44+02:00
cpmt,SLE,AFR,2013,EDUCATIONLEVEL,EDUCATIONLEVEL_PRLM,19.25399,16.77901,21.99754,19.3 [16.8-22.0],2022-05-26T11:24:16+02:00
cpmt,RWA,AFR,2010,EDUCATIONLEVEL,EDUCATIONLEVEL_NHLM,43.31753,40.35583,46.32777,43.3 [40.4-46.3],2022-05-26T11:23:32+02:00
cpmt,TZA,AFR,2004,WEALTHDECILE,WEALTHDECILE_WEALTHDECILE09,38.82069,33.92297,43.95516,38.8 [33.9-44.0],2022-05-26T12:36:47+02:00
cpmt,TGO,AFR,2013,WEALTHDECILE,WEALTHDECILE_WEALTHDECILE01,15.1267,12.25791,18.52513,15.1 [12.3-18.5],2022-05-26T12:34:10+02:00
cpmt,MDG,AFR,2018,WEALTHDECILE,WEALTHDECILE_WEALTHDECILE03,38.88519,35.46724,42.41603,38.9 [35.5-42.4],2022-05-26T12:17:29+02:00
cpmt,MWI,AFR,2019,WEALTHQUINTILE,WEALTHQUINTILE_WQ1,66.60875,64.29005,68.84984,66.6 [64.3-68.8],2022-05-26T12:57:09+02:00
cpmt,MWI,AFR,2010,WEALTHDECILE,WEALTHDECILE_WEALTHDECILE06,45.42404,42.35327,48.53002,45.4 [42.4-48.5],2022-05-26T12:17:53+02:00
cpmt,CMR,AFR,2018,WEALTHQUINTILE,WEALTHQUINTILE_WQ1,5.29925,3.89921,7.16451,5.3 [3.9-7.2],2022-05-26T12:48:16+02:00
cpmt,COD,AFR,2017,WEALTHDECILE,WEALTHDECILE_WEALTHDECILE04,20.30949,16.43685,24.82351,20.3 [16.4-24.8],2022-05-26T12:05:44+02:00
cpmt,BEN,AFR,2001,WEALTHQUINTILE,WEALTHQUINTILE_WQ3,18.9362,16.23277,21.97177,18.9 [16.2-22.0],2022-05-26T12:46:47+02:00
cpmt,NGA,AFR,2007,DHSMICSGEOREGION,DHSMICSGEOREGION_NGAMICS200710,26.39751,19.4015,34.82619,26.4 [19.4-34.8],2022-05-26T14:37:13+02:00
cpmt,RWA,AFR,2014,WEALTHDECILE,WEALTHDECILE_WEALTHDECILE05,50.639,46.609,54.66072,50.6 [46.6-54.7],2022-05-26T12:28:57+02:00
cpmt,GNB,AFR,2014,AGEGROUP,AGEGROUP_YEARS15-19,7.68532,4.52929,12.74688,7.7 [4.5-12.7],2022-05-26T11:02:19+02:00
cpmt,KEN,AFR,2008,RESIDENCEAREATYPE,RESIDENCEAREATYPE_URB,53.0797,49.36754,56.75809,53.1 [49.4-56.8],2022-05-26T11:36:18+02:00
cpmt,ZWE,AFR,1994,WEALTHDECILE,WEALTHDECILE_WEALTHDECILE04,40.22506,34.66353,46.05,40.2 [34.7-46.0],2022-05-26T12:38:45+02:00
cpmt,ZWE,AFR,2005,WEALTHQUINTILE,WEALTHQUINTILE_WQ4,66.47047,62.55061,70.17566,66.5 [62.6-70.2],2022-05-26T13:07:53+02:00
cpmt,GMB,AFR,2018,WEALTHDECILE,WEALTHDECILE_WEALTHDECILE10,20.2791,16.73379,24.35584,20.3 [16.7-24.4],2022-05-26T12:09:07+02:00
cpmt,NGA,AFR,2007,DHSMICSGEOREGION,DHSMICSGEOREGION_NGAMICS200713,42.51969,34.70671,50.72508,42.5 [34.7-50.7],2022-05-26T14:37:13+02:00
cpmt,GAB,AFR,2000,WEALTHDECILE,WEALTHDECILE_WEALTHDECILE04,28.16662,23.33723,33.55793,28.2 [23.3-33.6],2022-05-26T12:08:37+02:00
cpmt,SLE,AFR,2019,WEALTHQUINTILE,WEALTHQUINTILE_WQ3,20.91934,18.56643,23.48444,20.9 [18.6-23.5],2022-05-26T13:04:02+02:00
cpmt,BEN,AFR,2011,DHSMICSGEOREGION,DHSMICSGEOREGION_BENDHS201101,9.06221,6.46631,12.56029,9.1 [6.5-12.6],2022-05-26T14:13:14+02:00
cpmt,COD,AFR,2013,DHSMICSGEOREGION,DHSMICSGEOREGION_CODDHS201301,44.76388,40.37077,49.24026,44.8 [40.4-49.2],2022-05-26T14:19:36+02:00
cpmt,MDG,AFR,2008,RESIDENCEAREATYPE,RESIDENCEAREATYPE_URB,54.2938,52.0865,56.48437,54.3 [52.1-56.5],2022-05-26T11:36:45+02:00
cpmt,GIN,AFR,2018,WEALTHDECILE,WEALTHDECILE_WEALTHDECILE06,10.25855,7.33117,14.17603,10.3 [7.3-14.2],2022-05-26T12:11:08+02:00
cpmt,SEN,AFR,2012,WEALTHDECILE,WEALTHDECILE_WEALTHDECILE03,10.82741,8.01686,14.46831,10.8 [8.0-14.5],2022-05-26T12:30:04+02:00
cpmt,TZA,AFR,2015,WEALTHDECILE,WEALTHDECILE_WEALTHDECILE10,52.67171,48.64368,56.66525,52.7 [48.6-56.7],2022-05-26T12:36:59+02:00
cpmt,ETH,AFR,2011,WEALTHDECILE,WEALTHDECILE_WEALTHDECILE09,45.22931,40.82245,49.71227,45.2 [40.8-49.7],2022-05-26T12:08:19+02:00
cpmt,KEN,AFR,1998,DHSMICSGEOREGION,DHSMICSGEOREGION_KENDHS199802,61.08456,55.73647,66.17857,61.1 [55.7-66.2],2022-05-26T14:30:39+02:00
cpmt,CIV,AFR,2011,EDUCATIONLEVEL,EDUCATIONLEVEL_PRLM,25.84311,22.47411,29.5248,25.8 [22.5-29.5],2022-05-26T11:16:36+02:00
cpmt,COG,AFR,2011,DHSMICSGEOREGION,DHSMICSGEOREGION_COGDHS201105,45.65209,41.11015,50.26751,45.7 [41.1-50.3],2022-05-26T14:18:17+02:00
cpmt,NGA,AFR,2013,WEALTHQUINTILE,WEALTHQUINTILE_WQ4,23.05882,21.25516,24.96701,23.1 [21.3-25.0],2022-05-26T12:59:57+02:00
cpmt,RWA,AFR,2010,EDUCATIONLEVEL,EDUCATIONLEVEL_PRLM,52.59315,50.99876,54.18227,52.6 [51.0-54.2],2022-05-26T11:23:32+02:00
cpmt,GHA,AFR,2017,WEALTHDECILE,WEALTHDECILE_WEALTHDECILE02,24.99642,20.61094,29.96284,25.0 [20.6-30.0],2022-05-26T12:10:12+02:00
cpmt,MDG,AFR,2018,WEALTHDECILE,WEALTHDECILE_WEALTHDECILE07,52.04388,47.85619,56.20304,52.0 [47.9-56.2],2022-05-26T12:17:29+02:00
cpmt,MRT,AFR,2015,DHSMICSGEOREGION,DHSMICSGEOREGION_MRTMICS201501,13.87803,10.89082,17.52345,13.9 [10.9-17.5],2022-05-26T14:34:11+02:00
cpmt,NGA,AFR,2018,WEALTHQUINTILE,WEALTHQUINTILE_WQ1,4.35816,3.65481,5.18958,4.4 [3.7-5.2],2022-05-26T13:00:04+02:00
cpmt,COD,AFR,2013,WEALTHDECILE,WEALTHDECILE_WEALTHDECILE09,27.35717,22.91389,32.30102,27.4 [22.9-32.3],2022-05-26T12:05:38+02:00
cpmt,TCD,AFR,2019,WEALTHDECILE,WEALTHDECILE_WEALTHDECILE09,11.89052,9.52964,14.74097,11.9 [9.5-14.7],2022-05-26T12:03:13+02:00
cpmt,KEN,AFR,2008,WEALTHDECILE,WEALTHDECILE_WEALTHDECILE07,56.97129,51.44292,62.33115,57.0 [51.4-62.3],2022-05-26T12:15:29+02:00
cpmt,UGA,AFR,2011,DHSMICSGEOREGION,DHSMICSGEOREGION_UGADHS201106,23.93842,18.44704,30.45405,23.9 [18.4-30.5],2022-05-26T14:50:11+02:00
cpmt,ZWE,AFR,2010,WEALTHDECILE,WEALTHDECILE_WEALTHDECILE09,62.63017,58.16138,66.89333,62.6 [58.2-66.9],2022-05-26T12:39:10+02:00
cpmt,BEN,AFR,2017,WEALTHDECILE,WEALTHDECILE_WEALTHDECILE03,11.20732,9.28564,13.46765,11.2 [9.3-13.5],2022-05-26T11:59:40+02:00
cpmt,MLI,AFR,1995,DHSMICSGEOREGION,DHSMICSGEOREGION_MLIDHS199505,2.56135,1.27812,5.06683,2.6 [1.3-5.1],2022-05-26T14:33:18+02:00
cpmt,KEN,AFR,2014,WEALTHDECILE,WEALTHDECILE_WEALTHDECILE02,46.15794,43.17048,49.17326,46.2 [43.2-49.2],2022-05-26T12:15:35+02:00
cpmt,NER,AFR,2006,WEALTHDECILE,WEALTHDECILE_WEALTHDECILE05,6.54998,4.62205,9.20447,6.5 [4.6-9.2],2022-05-26T12:22:32+02:00
cpmt,SEN,AFR,2015,WEALTHDECILE,WEALTHDECILE_WEALTHDECILE04,20.68728,17.13103,24.7612,20.7 [17.1-24.8],2022-05-26T12:30:18+02:00
cpmt,MDG,AFR,2003,WEALTHDECILE,WEALTHDECILE_WEALTHDECILE08,40.39077,34.0028,47.12197,40.4 [34.0-47.1],2022-05-26T12:17:18+02:00
cpmt,ETH,AFR,2016,DHSMICSGEOREGION,DHSMICSGEOREGION_ETHDHS201604,28.62327,23.96491,33.78478,28.6 [24.0-33.8],2022-05-26T14:22:30+02:00
cpmt,COD,AFR,2013,WEALTHDECILE,WEALTHDECILE_WEALTHDECILE08,21.8391,17.65022,26.69979,21.8 [17.7-26.7],2022-05-26T12:05:38+02:00
cpmt,KEN,AFR,1993,RESIDENCEAREATYPE,RESIDENCEAREATYPE_RUR,30.85616,28.92257,32.85926,30.9 [28.9-32.9],2022-05-26T11:36:14+02:00
cpmt,MOZ,AFR,2011,WEALTHQUINTILE,WEALTHQUINTILE_WQ3,7.42704,6.05826,9.07521,7.4 [6.1-9.1],2022-05-26T12:58:32+02:00
cpmt,MWI,AFR,2000,WEALTHDECILE,WEALTHDECILE_WEALTHDECILE04,30.25795,26.66749,34.10699,30.3 [26.7-34.1],2022-05-26T12:17:35+02:00
cpmt,TCD,AFR,2019,EDUCATIONLEVEL,EDUCATIONLEVEL_PRLM,10.79115,9.25216,12.55073,10.8 [9.3-12.6],2022-05-26T11:15:58+02:00
cpmt,GHA,AFR,2014,WEALTHDECILE,WEALTHDECILE_WEALTHDECILE10,29.29636,20.8753,39.42196,29.3 [20.9-39.4],2022-05-26T12:10:06+02:00
cpmt,TZA,AFR,2010,DHSMICSGEOREGION,DHSMICSGEOREGION_TZADHS201021,27.38354,19.45187,37.06132,27.4 [19.5-37.1],2022-05-26T14:51:35+02:00
cpmt,NGA,AFR,2016,DHSMICSGEOREGION,DHSMICSGEOREGION_NGAMICS201616,35.79487,29.19784,42.97767,35.8 [29.2-43.0],2022-05-26T14:38:02+02:00
cpmt,TGO,AFR,2017,RESIDENCEAREATYPE,RESIDENCEAREATYPE_URB,29.39087,26.40607,32.56378,29.4 [26.4-32.6],2022-05-26T11:40:03+02:00
cpmt,RWA,AFR,2005,DHSMICSGEOREGION,DHSMICSGEOREGION_RWADHS200502,13.85801,11.10372,17.1636,13.9 [11.1-17.2],2022-05-26T14:45:09+02:00
cpmt,MDG,AFR,1997,WEALTHDECILE,WEALTHDECILE_WEALTHDECILE09,37.34791,32.66125,42.28478,37.3 [32.7-42.3],2022-05-26T12:17:12+02:00
cpmt,CMR,AFR,2011,WEALTHQUINTILE,WEALTHQUINTILE_WQ2,14.43478,11.96753,17.31067,14.4 [12.0-17.3],2022-05-26T12:48:10+02:00
cpmt,SEN,AFR,2019,WEALTHDECILE,WEALTHDECILE_WEALTHDECILE01,14.58235,11.47034,18.36355,14.6 [11.5-18.4],2022-05-26T12:30:46+02:00
cpmt,UGA,AFR,2000,WEALTHDECILE,WEALTHDECILE_WEALTHDECILE05,15.06188,12.19843,18.45619,15.1 [12.2-18.5],2022-05-26T12:35:46+02:00
cpmt,GAB,AFR,2012,DHSMICSGEOREGION,DHSMICSGEOREGION_GABDHS201201,32.12096,28.62786,35.82633,32.1 [28.6-35.8],2022-05-26T14:22:45+02:00
cpmt,NGA,AFR,2016,DHSMICSGEOREGION,DHSMICSGEOREGION_NGAMICS201626,11.23093,8.36667,14.91613,11.2 [8.4-14.9],2022-05-26T14:38:02+02:00
cpmt,GIN,AFR,2018,RESIDENCEAREATYPE,RESIDENCEAREATYPE_URB,16.08132,13.34635,19.25222,16.1 [13.3-19.3],2022-05-26T11:35:21+02:00
cpmt,BFA,AFR,2010,WEALTHDECILE,WEALTHDECILE_WEALTHDECILE05,8.89214,7.38868,10.66629,8.9 [7.4-10.7],2022-05-26T12:00:58+02:00
cpmt,MWI,AFR,2013,WEALTHDECILE,WEALTHDECILE_WEALTHDECILE02,54.86323,51.30038,58.37692,54.9 [51.3-58.4],2022-05-26T12:17:59+02:00
cpmt,SEN,AFR,2015,DHSMICSGEOREGION,DHSMICSGEOREGION_SENDHS201511,9.51856,6.10178,14.55211,9.5 [6.1-14.6],2022-05-26T14:46:09+02:00
cpmt,ZWE,AFR,2014,WEALTHDECILE,WEALTHDECILE_WEALTHDECILE08,69.49789,66.68821,72.16948,69.5 [66.7-72.2],2022-05-26T12:39:16+02:00
cpmt,TGO,AFR,2013,RESIDENCEAREATYPE,RESIDENCEAREATYPE_URB,21.96825,19.95316,24.12551,22.0 [20.0-24.1],2022-05-26T11:40:01+02:00
cpmt,BFA,AFR,2003,DHSMICSGEOREGION,DHSMICSGEOREGION_BFADHS200307,15.04291,11.43015,19.54557,15.0 [11.4-19.5],2022-05-26T14:14:20+02:00
cpmt,KEN,AFR,1998,DHSMICSGEOREGION,DHSMICSGEOREGION_KENDHS199806,37.67872,34.31724,41.16313,37.7 [34.3-41.2],2022-05-26T14:30:39+02:00
cpmt,COG,AFR,2011,EDUCATIONLEVEL,EDUCATIONLEVEL_SHLM,46.58915,44.31125,48.88137,46.6 [44.3-48.9],2022-05-26T11:16:14+02:00
cpmt,MWI,AFR,2010,AGEGROUP,AGEGROUP_YEARS15-19,28.81309,25.55192,32.30984,28.8 [25.6-32.3],2022-05-26T11:03:48+02:00
cpmt,SWZ,AFR,2014,RESIDENCEAREATYPE,RESIDENCEAREATYPE_RUR,62.76664,60.39625,65.07717,62.8 [60.4-65.1],2022-05-26T11:34:42+02:00
cpmt,KEN,AFR,1993,DHSMICSGEOREGION,DHSMICSGEOREGION_KENDHS199307,25.07842,20.5417,30.23584,25.1 [20.5-30.2],2022-05-26T14:30:35+02:00
cpmt,GIN,AFR,2005,EDUCATIONLEVEL,EDUCATIONLEVEL_PRLM,13.3037,10.00439,17.47974,13.3 [10.0-17.5],2022-05-26T11:18:24+02:00
cpmt,COD,AFR,2017,DHSMICSGEOREGION,DHSMICSGEOREGION_CODMICS201708,29.50595,22.77199,37.27022,29.5 [22.8-37.3],2022-05-26T14:19:46+02:00
cpmt,LSO,AFR,2014,WEALTHDECILE,WEALTHDECILE_WEALTHDECILE03,55.6902,49.92136,61.30954,55.7 [49.9-61.3],2022-05-26T12:16:44+02:00
cpmt,AGO,AFR,2015,EDUCATIONLEVEL,EDUCATIONLEVEL_SHLM,29.00201,25.77586,32.4554,29.0 [25.8-32.5],2022-05-26T11:13:47+02:00
cpmt,GNB,AFR,2006,EDUCATIONLEVEL,EDUCATIONLEVEL_PRLM,17.19865,14.32136,20.51559,17.2 [14.3-20.5],2022-05-26T11:18:31+02:00
cpmt,GHA,AFR,2006,WEALTHDECILE,WEALTHDECILE_WEALTHDECILE05,15.18271,11.0176,20.55862,15.2 [11.0-20.6],2022-05-26T12:09:49+02:00
cpmt,TGO,AFR,2006,WEALTHQUINTILE,WEALTHQUINTILE_WQ5,19.363,16.30994,22.83164,19.4 [16.3-22.8],2022-05-26T13:05:12+02:00
cpmt,SEN,AFR,2016,WEALTHQUINTILE,WEALTHQUINTILE_WQ2,19.45008,16.31568,23.02099,19.5 [16.3-23.0],2022-05-26T13:03:20+02:00
cpmt,MLI,AFR,2009,DHSMICSGEOREGION,DHSMICSGEOREGION_MLIMICS200907,3.10811,1.93034,4.96808,3.1 [1.9-5.0],2022-05-26T14:33:35+02:00
cpmt,NGA,AFR,2016,AGEGROUP,AGEGROUP_YEARS15-19,2.17942,1.47948,3.19974,2.2 [1.5-3.2],2022-05-26T11:04:56+02:00
cpmt,ZMB,AFR,2018,DHSMICSGEOREGION,DHSMICSGEOREGION_ZMBDHS201810,31.21125,25.71597,37.29133,31.2 [25.7-37.3],2022-05-26T14:53:28+02:00
cpmt,LSO,AFR,2014,WEALTHQUINTILE,WEALTHQUINTILE_WQ1,50.33654,45.87718,54.79056,50.3 [45.9-54.8],2022-05-26T12:56:20+02:00
cpmt,LBR,AFR,2013,DHSMICSGEOREGION,DHSMICSGEOREGION_LBRDHS201301,20.5556,17.67562,23.76934,20.6 [17.7-23.8],2022-05-26T14:32:06+02:00
cpmt,CAF,AFR,1994,AGEGROUP,AGEGROUP_YEARS20-49,15.09393,13.82107,16.46163,15.1 [13.8-16.5],2022-05-26T11:00:24+02:00
cpmt,COD,AFR,2017,DHSMICSGEOREGION,DHSMICSGEOREGION_CODMICS201722,18.02478,13.82104,23.16344,18.0 [13.8-23.2],2022-05-26T14:19:46+02:00
cpmt,BDI,AFR,2010,WEALTHDECILE,WEALTHDECILE_WEALTHDECILE09,28.42149,24.11337,33.16293,28.4 [24.1-33.2],2022-05-26T12:01:12+02:00
cpmt,ETH,AFR,2016,WEALTHDECILE,WEALTHDECILE_WEALTHDECILE02,24.33746,20.22014,28.98853,24.3 [20.2-29.0],2022-05-26T12:08:25+02:00
cpmt,NGA,AFR,1999,DHSMICSGEOREGION,DHSMICSGEOREGION_NGADHS199902,3.23712,2.04705,5.08316,3.2 [2.0-5.1],2022-05-26T14:37:02+02:00
cpmt,BEN,AFR,2014,WEALTHDECILE,WEALTHDECILE_WEALTHDECILE06,17.62053,14.48576,21.26498,17.6 [14.5-21.3],2022-05-26T11:59:34+02:00
cpmt,LSO,AFR,2018,RESIDENCEAREATYPE,RESIDENCEAREATYPE_URB,65.36575,61.88009,68.69393,65.4 [61.9-68.7],2022-05-26T11:36:36+02:00
cpmt,CAF,AFR,1994,DHSMICSGEOREGION,DHSMICSGEOREGION_CAFDHS199402,10.05747,8.00158,12.56943,10.1 [8.0-12.6],2022-05-26T14:16:35+02:00
cpmt,BEN,AFR,2006,WEALTHDECILE,WEALTHDECILE_WEALTHDECILE04,12.07138,10.24583,14.17084,12.1 [10.2-14.2],2022-05-26T11:59:22+02:00
cpmt,MDG,AFR,2008,WEALTHDECILE,WEALTHDECILE_WEALTHDECILE05,36.06962,32.17298,40.15878,36.1 [32.2-40.2],2022-05-26T12:17:23+02:00
cpmt,NAM,AFR,2000,DHSMICSGEOREGION,DHSMICSGEOREGION_NAMDHS200006,43.00402,29.36001,57.80048,43.0 [29.4-57.8],2022-05-26T14:35:34+02:00
cpmt,MOZ,AFR,2003,WEALTHDECILE,WEALTHDECILE_WEALTHDECILE02,17.5384,14.47225,21.09394,17.5 [14.5-21.1],2022-05-26T12:20:26+02:00
cpmt,MDG,AFR,2008,EDUCATIONLEVEL,EDUCATIONLEVEL_SHLM,55.8091,53.71983,57.87801,55.8 [53.7-57.9],2022-05-26T11:20:25+02:00
cpmt,ETH,AFR,2005,WEALTHDECILE,WEALTHDECILE_WEALTHDECILE06,13.42845,10.43973,17.10934,13.4 [10.4-17.1],2022-05-26T12:08:14+02:00
cpmt,BEN,AFR,2011,DHSMICSGEOREGION,DHSMICSGEOREGION_BENDHS201109,3.90081,2.59119,5.83271,3.9 [2.6-5.8],2022-05-26T14:13:14+02:00
cpmt,NGA,AFR,2011,WEALTHDECILE,WEALTHDECILE_WEALTHDECILE07,23.23338,20.83447,25.81843,23.2 [20.8-25.8],2022-05-26T12:23:13+02:00
cpmt,CIV,AFR,1994,DHSMICSGEOREGION,DHSMICSGEOREGION_CIVDHS199403,9.87852,7.17129,13.45958,9.9 [7.2-13.5],2022-05-26T14:18:56+02:00
cpmt,ZWE,AFR,2005,DHSMICSGEOREGION,DHSMICSGEOREGION_ZWEDHS200504,61.98552,55.6261,67.95853,62.0 [55.6-68.0],2022-05-26T14:53:46+02:00
cpmt,KEN,AFR,2008,WEALTHDECILE,WEALTHDECILE_WEALTHDECILE01,14.4988,10.10079,20.3777,14.5 [10.1-20.4],2022-05-26T12:15:29+02:00
cpmt,TCD,AFR,2010,DHSMICSGEOREGION,DHSMICSGEOREGION_TCDMICS201002,1.10181,0.395,3.03485,1.1 [0.4-3.0],2022-05-26T14:17:20+02:00
cpmt,KEN,AFR,2014,WEALTHDECILE,WEALTHDECILE_WEALTHDECILE04,59.83808,57.10543,62.51093,59.8 [57.1-62.5],2022-05-26T12:15:35+02:00
cpmt,CIV,AFR,2006,DHSMICSGEOREGION,DHSMICSGEOREGION_CIVMICS200611,21.48953,16.60539,27.33929,21.5 [16.6-27.3],2022-05-26T14:19:03+02:00
cpmt,ZWE,AFR,2014,WEALTHDECILE,WEALTHDECILE_WEALTHDECILE02,64.25732,60.58765,67.76708,64.3 [60.6-67.8],2022-05-26T12:39:16+02:00
cpmt,KEN,AFR,2014,WEALTHDECILE,WEALTHDECILE_WEALTHDECILE06,64.87157,62.26318,67.39408,64.9 [62.3-67.4],2022-05-26T12:15:35+02:00
cpmt,ZWE,AFR,1999,WEALTHDECILE,WEALTHDECILE_WEALTHDECILE09,67.29727,61.10236,72.94246,67.3 [61.1-72.9],2022-05-26T12:38:51+02:00
cpmt,TGO,AFR,2013,DHSMICSGEOREGION,DHSMICSGEOREGION_TGODHS201305,25.28027,22.26035,28.55938,25.3 [22.3-28.6],2022-05-26T14:49:02+02:00
cpmt,NER,AFR,2006,EDUCATIONLEVEL,EDUCATIONLEVEL_PRLM,17.19826,14.37665,20.44144,17.2 [14.4-20.4],2022-05-26T11:21:59+02:00
cpmt,UGA,AFR,2006,WEALTHQUINTILE,WEALTHQUINTILE_WQ4,27.62664,24.66324,30.80054,27.6 [24.7-30.8],2022-05-26T13:06:16+02:00
cpmt,RWA,AFR,2014,WEALTHQUINTILE,WEALTHQUINTILE_WQ2,49.95087,47.14109,52.76095,50.0 [47.1-52.8],2022-05-26T13:02:37+02:00
cpmt,MOZ,AFR,2015,DHSMICSGEOREGION,DHSMICSGEOREGION_MOZDHS201502,20.21805,15.43457,26.02774,20.2 [15.4-26.0],2022-05-26T14:35:15+02:00
cpmt,TZA,AFR,2015,AGEGROUP,AGEGROUP_YEARS15-19,14.69178,11.72849,18.24898,14.7 [11.7-18.2],2022-05-26T11:07:38+02:00
cpmt,CMR,AFR,2004,DHSMICSGEOREGION,DHSMICSGEOREGION_CMRDHS200403,40.57143,36.30674,44.98327,40.6 [36.3-45.0],2022-05-26T14:16:01+02:00
cpmt,MDG,AFR,2003,WEALTHDECILE,WEALTHDECILE_WEALTHDECILE05,20.35988,14.70193,27.49343,20.4 [14.7-27.5],2022-05-26T12:17:18+02:00
cpmt,SLE,AFR,2005,RESIDENCEAREATYPE,RESIDENCEAREATYPE_URB,15.5351,13.06389,18.37496,15.5 [13.1-18.4],2022-05-26T11:39:27+02:00
cpmt,SLE,AFR,2008,WEALTHDECILE,WEALTHDECILE_WEALTHDECILE03,3.96066,2.43923,6.3691,4.0 [2.4-6.4],2022-05-26T12:31:24+02:00
cpmt,SEN,AFR,2018,EDUCATIONLEVEL,EDUCATIONLEVEL_NHLM,22.70511,20.75501,24.78114,22.7 [20.8-24.8],2022-05-26T11:24:00+02:00
cpmt,SEN,AFR,2018,DHSMICSGEOREGION,DHSMICSGEOREGION_SENDHS201812,25.76362,19.42758,33.31173,25.8 [19.4-33.3],2022-05-26T14:46:33+02:00
cpmt,TCD,AFR,2014,DHSMICSGEOREGION,DHSMICSGEOREGION_TCDDHS201418,12.55807,9.76953,16.00138,12.6 [9.8-16.0],2022-05-26T14:17:32+02:00
cpmt,ZWE,AFR,1994,WEALTHDECILE,WEALTHDECILE_WEALTHDECILE08,55.99205,51.28082,60.59776,56.0 [51.3-60.6],2022-05-26T12:38:45+02:00
cpmt,CIV,AFR,2011,DHSMICSGEOREGION,DHSMICSGEOREGION_CIVDHS201101,10.51105,7.5022,14.53698,10.5 [7.5-14.5],2022-05-26T14:19:10+02:00
cpmt,MWI,AFR,2013,DHSMICSGEOREGION,DHSMICSGEOREGION_MWIMICS201318,49.57955,44.61178,54.55563,49.6 [44.6-54.6],2022-05-26T14:32:54+02:00
cpmt,GHA,AFR,2014,WEALTHDECILE,WEALTHDECILE_WEALTHDECILE04,26.85942,22.32962,31.93037,26.9 [22.3-31.9],2022-05-26T12:10:06+02:00
cpmt,RWA,AFR,2019,WEALTHQUINTILE,WEALTHQUINTILE_WQ5,58.5698,55.54357,61.53269,58.6 [55.5-61.5],2022-05-26T13:02:41+02:00
cpmt,STP,AFR,2008,AGEGROUP,AGEGROUP_YEARS15-19,22.23126,15.11655,31.45374,22.2 [15.1-31.5],2022-05-26T11:06:00+02:00
cpmt,MLI,AFR,2018,EDUCATIONLEVEL,EDUCATIONLEVEL_SHLM,29.83345,26.67211,33.19983,29.8 [26.7-33.2],2022-05-26T11:20:54+02:00
cpmt,MRT,AFR,2007,DHSMICSGEOREGION,DHSMICSGEOREGION_MRTMICS200711,18.87471,14.24206,24.58231,18.9 [14.2-24.6],2022-05-26T14:33:55+02:00
cpmt,KEN,AFR,1993,WEALTHQUINTILE,WEALTHQUINTILE_WQ1,14.68302,11.92745,17.94548,14.7 [11.9-17.9],2022-05-26T12:55:26+02:00
cpmt,STP,AFR,2019,WEALTHDECILE,WEALTHDECILE_WEALTHDECILE05,53.91199,45.45231,62.15217,53.9 [45.5-62.2],2022-05-26T12:29:37+02:00
cpmt,GIN,AFR,2012,AGEGROUP,AGEGROUP_YEARS20-49,5.89664,5.03207,6.89895,5.9 [5.0-6.9],2022-05-26T11:02:14+02:00
cpmt,CAF,AFR,2006,AGEGROUP,AGEGROUP_YEARS15-19,19.31824,16.22652,22.83844,19.3 [16.2-22.8],2022-05-26T11:00:25+02:00
cpmt,GHA,AFR,2008,WEALTHDECILE,WEALTHDECILE_WEALTHDECILE08,27.771,22.51911,33.71476,27.8 [22.5-33.7],2022-05-26T12:09:55+02:00
cpmt,KEN,AFR,2003,WEALTHQUINTILE,WEALTHQUINTILE_WQ1,17.8641,14.72444,21.5044,17.9 [14.7-21.5],2022-05-26T12:55:33+02:00
cpmt,SEN,AFR,2018,AGEGROUP,AGEGROUP_YEARS20-49,28.50665,26.61434,30.47761,28.5 [26.6-30.5],2022-05-26T11:06:14+02:00
cpmt,LBR,AFR,2007,WEALTHQUINTILE,WEALTHQUINTILE_WQ3,14.22537,10.4737,19.03515,14.2 [10.5-19.0],2022-05-26T12:56:26+02:00
cpmt,CMR,AFR,2004,DHSMICSGEOREGION,DHSMICSGEOREGION_CMRDHS200406,37.37082,32.60296,42.3973,37.4 [32.6-42.4],2022-05-26T14:16:01+02:00
cpmt,CAF,AFR,2006,WEALTHQUINTILE,WEALTHQUINTILE_WQ2,12.6121,9.80656,16.07719,12.6 [9.8-16.1],2022-05-26T12:48:23+02:00
cpmt,CAF,AFR,2006,WEALTHQUINTILE,WEALTHQUINTILE_WQ3,16.38677,13.76291,19.39833,16.4 [13.8-19.4],2022-05-26T12:48:23+02:00
cpmt,NGA,AFR,2016,WEALTHDECILE,WEALTHDECILE_WEALTHDECILE09,25.43238,23.02005,28.00554,25.4 [23.0-28.0],2022-05-26T12:23:27+02:00
cpmt,MOZ,AFR,2008,WEALTHDECILE,WEALTHDECILE_WEALTHDECILE01,9.7698,7.06553,13.36031,9.8 [7.1-13.4],2022-05-26T12:20:32+02:00
cpmt,TCD,AFR,1996,WEALTHDECILE,WEALTHDECILE_WEALTHDECILE07,1.94363,1.02997,3.63799,1.9 [1.0-3.6],2022-05-26T12:02:52+02:00
cpmt,LSO,AFR,2004,WEALTHDECILE,WEALTHDECILE_WEALTHDECILE05,33.19512,27.56147,39.35469,33.2 [27.6-39.4],2022-05-26T12:16:32+02:00
cpmt,KEN,AFR,2003,DHSMICSGEOREGION,DHSMICSGEOREGION_KENDHS200301,50.74028,45.84731,55.6191,50.7 [45.8-55.6],2022-05-26T14:30:43+02:00
cpmt,SLE,AFR,2010,WEALTHDECILE,WEALTHDECILE_WEALTHDECILE09,20.58057,17.83428,23.62816,20.6 [17.8-23.6],2022-05-26T12:31:30+02:00
cpmt,CMR,AFR,2004,DHSMICSGEOREGION,DHSMICSGEOREGION_CMRDHS200404,26.7332,21.29656,32.9762,26.7 [21.3-33.0],2022-05-26T14:16:01+02:00
cpmt,STP,AFR,2014,WEALTHQUINTILE,WEALTHQUINTILE_WQ3,42.81563,36.8419,49.0064,42.8 [36.8-49.0],2022-05-26T13:02:53+02:00
cpmt,NGA,AFR,2016,DHSMICSGEOREGION,DHSMICSGEOREGION_NGAMICS201630,34.16667,27.87301,41.07218,34.2 [27.9-41.1],2022-05-26T14:38:02+02:00
cpmt,GAB,AFR,2012,DHSMICSGEOREGION,DHSMICSGEOREGION_GABDHS201206,27.82431,22.78879,33.48988,27.8 [22.8-33.5],2022-05-26T14:22:45+02:00
cpmt,GIN,AFR,2016,DHSMICSGEOREGION,DHSMICSGEOREGION_GINMICS201602,9.30704,6.98131,12.30507,9.3 [7.0-12.3],2022-05-26T14:24:45+02:00
cpmt,CIV,AFR,2006,AGEGROUP,AGEGROUP_YEARS20-49,14.45785,12.70507,16.40698,14.5 [12.7-16.4],2022-05-26T11:01:00+02:00
cpmt,SEN,AFR,2005,WEALTHDECILE,WEALTHDECILE_WEALTHDECILE03,5.62422,4.23262,7.43783,5.6 [4.2-7.4],2022-05-26T12:29:50+02:00
cpmt,GIN,AFR,1999,EDUCATIONLEVEL,EDUCATIONLEVEL_SHLM,26.99751,22.15953,32.45139,27.0 [22.2-32.5],2022-05-26T11:18:22+02:00
cpmt,BFA,AFR,2003,EDUCATIONLEVEL,EDUCATIONLEVEL_NHLM,10.71472,9.7175,11.8009,10.7 [9.7-11.8],2022-05-26T11:15:05+02:00
cpmt,TZA,AFR,1999,WEALTHQUINTILE,WEALTHQUINTILE_WQ4,29.01542,22.54615,36.46698,29.0 [22.5-36.5],2022-05-26T13:06:41+02:00
cpmt,NER,AFR,2012,WEALTHQUINTILE,WEALTHQUINTILE_WQ1,9.89197,7.91228,12.30084,9.9 [7.9-12.3],2022-05-26T12:59:38+02:00
cpmt,BDI,AFR,2016,RESIDENCEAREATYPE,RESIDENCEAREATYPE_URB,35.8011,31.89219,39.90837,35.8 [31.9-39.9],2022-05-26T11:33:21+02:00
cpmt,BFA,AFR,2003,WEALTHDECILE,WEALTHDECILE_WEALTHDECILE04,9.58817,6.67277,13.59183,9.6 [6.7-13.6],2022-05-26T12:00:44+02:00
cpmt,SEN,AFR,2010,WEALTHQUINTILE,WEALTHQUINTILE_WQ5,24.46235,20.5452,28.85511,24.5 [20.5-28.9],2022-05-26T13:03:06+02:00
cpmt,KEN,AFR,2003,EDUCATIONLEVEL,EDUCATIONLEVEL_PRLM,36.57346,34.03194,39.19202,36.6 [34.0-39.2],2022-05-26T11:19:48+02:00
cpmt,SLE,AFR,2017,EDUCATIONLEVEL,EDUCATIONLEVEL_PRLM,26.08523,23.37407,28.99189,26.1 [23.4-29.0],2022-05-26T11:24:17+02:00
cpmt,GHA,AFR,2003,EDUCATIONLEVEL,EDUCATIONLEVEL_PRLM,26.05593,22.2279,30.28649,26.1 [22.2-30.3],2022-05-26T11:18:02+02:00
cpmt,MOZ,AFR,1997,WEALTHQUINTILE,WEALTHQUINTILE_WQ1,1.31751,0.6986,2.47108,1.3 [0.7-2.5],2022-05-26T12:58:21+02:00
cpmt,RWA,AFR,2010,AGEGROUP,AGEGROUP_YEARS20-49,51.82709,50.49456,53.15702,51.8 [50.5-53.2],2022-05-26T11:05:53+02:00
cpmt,COD,AFR,2007,RESIDENCEAREATYPE,RESIDENCEAREATYPE_URB,26.95568,24.21392,29.88547,27.0 [24.2-29.9],2022-05-26T11:34:11+02:00
cpmt,UGA,AFR,1995,RESIDENCEAREATYPE,RESIDENCEAREATYPE_RUR,12.18418,10.7595,13.7684,12.2 [10.8-13.8],2022-05-26T11:40:19+02:00
cpmt,MDG,AFR,1997,RESIDENCEAREATYPE,RESIDENCEAREATYPE_RUR,14.27391,12.17564,16.66518,14.3 [12.2-16.7],2022-05-26T11:36:43+02:00
cpmt,ZMB,AFR,1996,WEALTHDECILE,WEALTHDECILE_WEALTHDECILE05,16.29619,12.98331,20.2576,16.3 [13.0-20.3],2022-05-26T12:38:13+02:00
cpmt,ZMB,AFR,1996,DHSMICSGEOREGION,DHSMICSGEOREGION_ZMBDHS199608,21.91116,18.28857,26.02278,21.9 [18.3-26.0],2022-05-26T14:53:06+02:00
cpmt,UGA,AFR,2006,AGEGROUP,AGEGROUP_YEARS20-49,24.61683,22.83101,26.49437,24.6 [22.8-26.5],2022-05-26T11:07:23+02:00
cpmt,BFA,AFR,2003,DHSMICSGEOREGION,DHSMICSGEOREGION_BFADHS200305,5.99755,3.79565,9.35263,6.0 [3.8-9.4],2022-05-26T14:14:20+02:00
cpmt,SEN,AFR,2010,WEALTHDECILE,WEALTHDECILE_WEALTHDECILE10,24.51458,18.49591,31.72932,24.5 [18.5-31.7],2022-05-26T12:29:57+02:00
cpmt,SEN,AFR,1997,WEALTHQUINTILE,WEALTHQUINTILE_WQ5,27.24287,22.74193,32.26261,27.2 [22.7-32.3],2022-05-26T13:03:00+02:00
cpmt,LSO,AFR,2009,DHSMICSGEOREGION,DHSMICSGEOREGION_LSODHS200905,51.71477,46.45036,56.94138,51.7 [46.5-56.9],2022-05-26T14:31:50+02:00
cpmt,ZAF,AFR,2016,DHSMICSGEOREGION,DHSMICSGEOREGION_ZAFDHS201601,59.31655,52.11769,66.13634,59.3 [52.1-66.1],2022-05-26T14:47:19+02:00
cpmt,TGO,AFR,2010,DHSMICSGEOREGION,DHSMICSGEOREGION_TGOMICS201005,9.74064,7.53768,12.50038,9.7 [7.5-12.5],2022-05-26T14:48:59+02:00
cpmt,KEN,AFR,1998,EDUCATIONLEVEL,EDUCATIONLEVEL_NHLM,22.84133,19.38487,26.70989,22.8 [19.4-26.7],2022-05-26T11:19:47+02:00
cpmt,NGA,AFR,2016,DHSMICSGEOREGION,DHSMICSGEOREGION_NGAMICS201629,24.62443,18.78419,31.57454,24.6 [18.8-31.6],2022-05-26T14:38:02+02:00
cpmt,MDG,AFR,2008,DHSMICSGEOREGION,DHSMICSGEOREGION_MDGDHS200811,39.40705,32.46,46.81043,39.4 [32.5-46.8],2022-05-26T14:32:21+02:00
cpmt,GMB,AFR,2019,DHSMICSGEOREGION,DHSMICSGEOREGION_GMBDHS201907,20.20178,15.91097,25.30155,20.2 [15.9-25.3],2022-05-26T14:23:10+02:00
cpmt,TGO,AFR,2013,EDUCATIONLEVEL,EDUCATIONLEVEL_SHLM,25.76016,23.22056,28.47451,25.8 [23.2-28.5],2022-05-26T11:24:58+02:00
cpmt,CMR,AFR,1998,WEALTHQUINTILE,WEALTHQUINTILE_WQ3,17.21343,14.08847,20.86323,17.2 [14.1-20.9],2022-05-26T12:48:02+02:00
cpmt,DZA,AFR,2018,AGEGROUP,AGEGROUP_YEARS20-49,53.87328,52.79697,54.94598,53.9 [52.8-54.9],2022-05-26T10:59:10+02:00
cpmt,UGA,AFR,2016,DHSMICSGEOREGION,DHSMICSGEOREGION_UGADHS201603,47.40285,43.36555,51.4744,47.4 [43.4-51.5],2022-05-26T14:50:18+02:00
cpmt,ZMB,AFR,2007,DHSMICSGEOREGION,DHSMICSGEOREGION_ZMBDHS200706,37.6596,31.27358,44.50521,37.7 [31.3-44.5],2022-05-26T14:53:16+02:00
cpmt,MDG,AFR,2008,WEALTHDECILE,WEALTHDECILE_WEALTHDECILE04,32.93698,28.87135,37.2751,32.9 [28.9-37.3],2022-05-26T12:17:23+02:00
cpmt,UGA,AFR,2011,DHSMICSGEOREGION,DHSMICSGEOREGION_UGADHS201105,26.12817,22.03283,30.68514,26.1 [22.0-30.7],2022-05-26T14:50:11+02:00
cpmt,ETH,AFR,2016,DHSMICSGEOREGION,DHSMICSGEOREGION_ETHDHS201602,11.62223,8.32953,15.9895,11.6 [8.3-16.0],2022-05-26T14:22:30+02:00
cpmt,COM,AFR,2012,WEALTHQUINTILE,WEALTHQUINTILE_WQ4,23.71549,19.24743,28.8502,23.7 [19.2-28.9],2022-05-26T12:49:07+02:00
cpmt,NGA,AFR,2007,EDUCATIONLEVEL,EDUCATIONLEVEL_NHLM,4.4518,3.77585,5.24217,4.5 [3.8-5.2],2022-05-26T11:22:06+02:00
cpmt,BFA,AFR,2010,DHSMICSGEOREGION,DHSMICSGEOREGION_BFADHS201010,10.92857,8.64951,13.71796,10.9 [8.6-13.7],2022-05-26T14:14:37+02:00
cpmt,GHA,AFR,2008,DHSMICSGEOREGION,DHSMICSGEOREGION_GHADHS200809,14.6577,9.19958,22.54992,14.7 [9.2-22.5],2022-05-26T14:23:49+02:00
cpmt,MWI,AFR,2015,WEALTHQUINTILE,WEALTHQUINTILE_WQ3,59.68131,57.357,61.96296,59.7 [57.4-62.0],2022-05-26T12:57:06+02:00
cpmt,BFA,AFR,2003,DHSMICSGEOREGION,DHSMICSGEOREGION_BFADHS200311,16.13582,13.39855,19.30763,16.1 [13.4-19.3],2022-05-26T14:14:20+02:00
cpmt,SEN,AFR,1997,AGEGROUP,AGEGROUP_YEARS20-49,13.68918,12.17606,15.35745,13.7 [12.2-15.4],2022-05-26T11:06:04+02:00
cpmt,BEN,AFR,2011,DHSMICSGEOREGION,DHSMICSGEOREGION_BENDHS201106,16.96485,14.01317,20.39082,17.0 [14.0-20.4],2022-05-26T14:13:14+02:00
cpmt,TGO,AFR,2013,WEALTHDECILE,WEALTHDECILE_WEALTHDECILE04,20.42119,15.63857,26.21198,20.4 [15.6-26.2],2022-05-26T12:34:10+02:00
cpmt,BEN,AFR,1996,WEALTHDECILE,WEALTHDECILE_WEALTHDECILE01,8.36293,5.28901,12.97855,8.4 [5.3-13.0],2022-05-26T11:59:10+02:00
cpmt,TZA,AFR,2004,EDUCATIONLEVEL,EDUCATIONLEVEL_SHLM,50.59206,44.99789,56.17146,50.6 [45.0-56.2],2022-05-26T11:25:46+02:00
cpmt,MRT,AFR,2011,WEALTHQUINTILE,WEALTHQUINTILE_WQ5,21.86947,19.85184,24.03069,21.9 [19.9-24.0],2022-05-26T12:57:45+02:00
cpmt,SEN,AFR,2016,RESIDENCEAREATYPE,RESIDENCEAREATYPE_URB,34.18589,30.76427,37.78041,34.2 [30.8-37.8],2022-05-26T11:39:18+02:00
cpmt,BFA,AFR,2006,RESIDENCEAREATYPE,RESIDENCEAREATYPE_RUR,11.51618,9.93045,13.31767,11.5 [9.9-13.3],2022-05-26T11:33:16+02:00
cpmt,GNB,AFR,2014,DHSMICSGEOREGION,DHSMICSGEOREGION_GNBMICS201404,29.71345,25.15194,34.71849,29.7 [25.2-34.7],2022-05-26T14:24:57+02:00
cpmt,BDI,AFR,2010,WEALTHDECILE,WEALTHDECILE_WEALTHDECILE08,19.51243,15.92594,23.67911,19.5 [15.9-23.7],2022-05-26T12:01:12+02:00
cpmt,MWI,AFR,2013,WEALTHDECILE,WEALTHDECILE_WEALTHDECILE10,63.71203,60.59726,66.71582,63.7 [60.6-66.7],2022-05-26T12:17:59+02:00
cpmt,CMR,AFR,2011,AGEGROUP,AGEGROUP_YEARS20-49,24.06949,22.56604,25.63994,24.1 [22.6-25.6],2022-05-26T11:00:20+02:00
cpmt,COD,AFR,2013,WEALTHDECILE,WEALTHDECILE_WEALTHDECILE03,15.62605,11.61428,20.69901,15.6 [11.6-20.7],2022-05-26T12:05:38+02:00
cpmt,NGA,AFR,2016,WEALTHDECILE,WEALTHDECILE_WEALTHDECILE04,9.69049,8.04082,11.63578,9.7 [8.0-11.6],2022-05-26T12:23:27+02:00
cpmt,TZA,AFR,1996,DHSMICSGEOREGION,DHSMICSGEOREGION_TZADHS199619,6.07477,2.15435,15.96534,6.1 [2.2-16.0],2022-05-26T14:50:53+02:00
cpmt,NGA,AFR,2008,WEALTHDECILE,WEALTHDECILE_WEALTHDECILE03,4.55858,3.59704,5.76178,4.6 [3.6-5.8],2022-05-26T12:23:06+02:00
cpmt,MOZ,AFR,2015,AGEGROUP,AGEGROUP_YEARS15-19,15.44892,11.90869,19.80498,15.4 [11.9-19.8],2022-05-26T11:04:24+02:00
cpmt,SWZ,AFR,2014,WEALTHDECILE,WEALTHDECILE_WEALTHDECILE09,72.70977,65.46533,78.92377,72.7 [65.5-78.9],2022-05-26T12:08:02+02:00
cpmt,MDG,AFR,2018,WEALTHDECILE,WEALTHDECILE_WEALTHDECILE01,30.07507,26.61374,33.77937,30.1 [26.6-33.8],2022-05-26T12:17:29+02:00
cpmt,NGA,AFR,2003,DHSMICSGEOREGION,DHSMICSGEOREGION_NGADHS200303,4.94724,3.77616,6.45712,4.9 [3.8-6.5],2022-05-26T14:37:05+02:00
cpmt,NGA,AFR,2003,WEALTHQUINTILE,WEALTHQUINTILE_WQ1,6.92766,5.02523,9.47843,6.9 [5.0-9.5],2022-05-26T12:59:45+02:00
cpmt,CMR,AFR,2011,DHSMICSGEOREGION,DHSMICSGEOREGION_CMRDHS201111,39.96553,35.76943,44.31425,40.0 [35.8-44.3],2022-05-26T14:16:15+02:00
cpmt,MOZ,AFR,2015,RESIDENCEAREATYPE,RESIDENCEAREATYPE_RUR,23.06886,20.34485,26.03836,23.1 [20.3-26.0],2022-05-26T11:37:30+02:00
cpmt,BDI,AFR,2010,RESIDENCEAREATYPE,RESIDENCEAREATYPE_URB,35.39759,31.25584,39.77065,35.4 [31.3-39.8],2022-05-26T11:33:19+02:00
cpmt,MOZ,AFR,2015,DHSMICSGEOREGION,DHSMICSGEOREGION_MOZDHS201504,18.0188,12.97984,24.46401,18.0 [13.0-24.5],2022-05-26T14:35:15+02:00
cpmt,KEN,AFR,2008,EDUCATIONLEVEL,EDUCATIONLEVEL_SHLM,59.81852,56.56418,62.98857,59.8 [56.6-63.0],2022-05-26T11:19:50+02:00
cpmt,RWA,AFR,2000,DHSMICSGEOREGION,DHSMICSGEOREGION_RWADHS200002,13.75291,10.34859,18.05165,13.8 [10.3-18.1],2022-05-26T14:45:02+02:00
cpmt,UGA,AFR,2011,AGEGROUP,AGEGROUP_YEARS15-19,13.943,10.50414,18.27774,13.9 [10.5-18.3],2022-05-26T11:07:24+02:00
cpmt,UGA,AFR,2016,DHSMICSGEOREGION,DHSMICSGEOREGION_UGADHS201606,44.83196,40.08794,49.67194,44.8 [40.1-49.7],2022-05-26T14:50:18+02:00
cpmt,CMR,AFR,1998,RESIDENCEAREATYPE,RESIDENCEAREATYPE_RUR,12.88889,11.04436,14.98957,12.9 [11.0-15.0],2022-05-26T11:33:27+02:00
cpmt,SEN,AFR,2016,DHSMICSGEOREGION,DHSMICSGEOREGION_SENDHS201603,13.76067,11.61767,16.22639,13.8 [11.6-16.2],2022-05-26T14:46:17+02:00
cpmt,NAM,AFR,2000,WEALTHDECILE,WEALTHDECILE_WEALTHDECILE09,62.67837,56.87109,68.14172,62.7 [56.9-68.1],2022-05-26T12:20:56+02:00
cpmt,SEN,AFR,2010,EDUCATIONLEVEL,EDUCATIONLEVEL_SHLM,26.99625,22.52777,31.98515,27.0 [22.5-32.0],2022-05-26T11:23:49+02:00
cpmt,KEN,AFR,2014,RESIDENCEAREATYPE,RESIDENCEAREATYPE_URB,61.81797,60.00689,63.5968,61.8 [60.0-63.6],2022-05-26T11:36:19+02:00
cpmt,TCD,AFR,2004,DHSMICSGEOREGION,DHSMICSGEOREGION_TCDDHS200402,10.71741,6.41904,17.36014,10.7 [6.4-17.4],2022-05-26T14:17:13+02:00
cpmt,SEN,AFR,2014,WEALTHDECILE,WEALTHDECILE_WEALTHDECILE01,11.07246,8.67546,14.03001,11.1 [8.7-14.0],2022-05-26T12:30:11+02:00
cpmt,TCD,AFR,2019,DHSMICSGEOREGION,DHSMICSGEOREGION_TCDMICS201920,0.34995,0.10481,1.16176,0.3 [0.1-1.2],2022-05-26T14:17:44+02:00
cpmt,SWZ,AFR,2014,DHSMICSGEOREGION,DHSMICSGEOREGION_SWZMICS201402,67.85939,63.83993,71.6306,67.9 [63.8-71.6],2022-05-26T14:22:08+02:00
cpmt,SLE,AFR,2008,WEALTHDECILE,WEALTHDECILE_WEALTHDECILE05,4.36038,2.81233,6.7018,4.4 [2.8-6.7],2022-05-26T12:31:24+02:00
cpmt,NGA,AFR,2003,DHSMICSGEOREGION,DHSMICSGEOREGION_NGADHS200306,32.74066,28.38914,37.41072,32.7 [28.4-37.4],2022-05-26T14:37:05+02:00
cpmt,KEN,AFR,1998,AGEGROUP,AGEGROUP_YEARS15-19,18.04971,13.58546,23.58063,18.0 [13.6-23.6],2022-05-26T11:03:13+02:00
cpmt,BFA,AFR,2010,AGEGROUP,AGEGROUP_YEARS15-19,6.58864,4.80405,8.97367,6.6 [4.8-9.0],2022-05-26T11:00:06+02:00
cpmt,BFA,AFR,2006,DHSMICSGEOREGION,DHSMICSGEOREGION_BFAMICS200602,11.39949,6.88107,18.30178,11.4 [6.9-18.3],2022-05-26T14:14:28+02:00
cpmt,STP,AFR,2014,WEALTHDECILE,WEALTHDECILE_WEALTHDECILE02,38.25976,31.34255,45.68771,38.3 [31.3-45.7],2022-05-26T12:29:30+02:00
cpmt,ZMB,AFR,2001,WEALTHDECILE,WEALTHDECILE_WEALTHDECILE10,58.1731,52.86617,63.29734,58.2 [52.9-63.3],2022-05-26T12:38:20+02:00
cpmt,KEN,AFR,2008,DHSMICSGEOREGION,DHSMICSGEOREGION_KENDHS200803,34.29875,29.14742,39.84846,34.3 [29.1-39.8],2022-05-26T14:30:47+02:00
cpmt,BDI,AFR,2016,DHSMICSGEOREGION,DHSMICSGEOREGION_BDIDHS201609,33.07983,29.60414,36.75055,33.1 [29.6-36.8],2022-05-26T14:14:53+02:00
cpmt,MLI,AFR,1995,WEALTHQUINTILE,WEALTHQUINTILE_WQ5,20.48453,17.88945,23.34901,20.5 [17.9-23.3],2022-05-26T12:57:19+02:00
cpmt,RWA,AFR,2019,WEALTHQUINTILE,WEALTHQUINTILE_WQ4,65.39847,62.53875,68.15106,65.4 [62.5-68.2],2022-05-26T13:02:41+02:00
cpmt,SEN,AFR,2014,DHSMICSGEOREGION,DHSMICSGEOREGION_SENDHS201413,12.75344,8.66623,18.38036,12.8 [8.7-18.4],2022-05-26T14:46:00+02:00
cpmt,GNB,AFR,2006,RESIDENCEAREATYPE,RESIDENCEAREATYPE_RUR,6.77262,5.60419,8.16359,6.8 [5.6-8.2],2022-05-26T11:35:22+02:00
cpmt,UGA,AFR,2011,WEALTHDECILE,WEALTHDECILE_WEALTHDECILE05,28.30445,24.37814,32.59061,28.3 [24.4-32.6],2022-05-26T12:35:59+02:00
cpmt,GMB,AFR,2010,DHSMICSGEOREGION,DHSMICSGEOREGION_GMBMICS201008,11.05905,8.5054,14.25991,11.1 [8.5-14.3],2022-05-26T14:22:55+02:00
cpmt,ETH,AFR,2019,EDUCATIONLEVEL,EDUCATIONLEVEL_SHLM,57.33578,51.27366,63.1852,57.3 [51.3-63.2],2022-05-26T11:17:40+02:00
cpmt,GHA,AFR,2017,DHSMICSGEOREGION,DHSMICSGEOREGION_GHAMICS201707,32.4066,27.00602,38.32021,32.4 [27.0-38.3],2022-05-26T14:24:06+02:00
cpmt,MWI,AFR,2015,WEALTHQUINTILE,WEALTHQUINTILE_WQ2,58.93686,56.82491,61.01637,58.9 [56.8-61.0],2022-05-26T12:57:06+02:00
cpmt,NGA,AFR,2016,DHSMICSGEOREGION,DHSMICSGEOREGION_NGAMICS201605,11.88751,9.32277,15.04079,11.9 [9.3-15.0],2022-05-26T14:38:01+02:00
cpmt,NGA,AFR,2013,WEALTHDECILE,WEALTHDECILE_WEALTHDECILE03,3.75241,2.80298,5.00687,3.8 [2.8-5.0],2022-05-26T12:23:20+02:00
cpmt,ZMB,AFR,2018,DHSMICSGEOREGION,DHSMICSGEOREGION_ZMBDHS201804,39.07543,34.14488,44.23966,39.1 [34.1-44.2],2022-05-26T14:53:28+02:00
cpmt,GHA,AFR,1998,WEALTHDECILE,WEALTHDECILE_WEALTHDECILE03,14.90445,11.1918,19.5772,14.9 [11.2-19.6],2022-05-26T12:09:38+02:00
cpmt,STP,AFR,2008,AGEGROUP,AGEGROUP_YEARS20-49,39.49696,35.83243,43.28346,39.5 [35.8-43.3],2022-05-26T11:06:00+02:00
cpmt,GHA,AFR,2014,DHSMICSGEOREGION,DHSMICSGEOREGION_GHADHS201402,31.07104,27.21868,35.20491,31.1 [27.2-35.2],2022-05-26T14:24:01+02:00
cpmt,ZMB,AFR,2013,DHSMICSGEOREGION,DHSMICSGEOREGION_ZMBDHS201307,48.22069,42.92661,53.55502,48.2 [42.9-53.6],2022-05-26T14:53:22+02:00
cpmt,STP,AFR,2014,EDUCATIONLEVEL,EDUCATIONLEVEL_SHLM,44.43533,39.89812,49.06728,44.4 [39.9-49.1],2022-05-26T11:23:42+02:00
cpmt,BEN,AFR,2001,WEALTHDECILE,WEALTHDECILE_WEALTHDECILE08,21.28816,17.37863,25.80252,21.3 [17.4-25.8],2022-05-26T11:59:16+02:00
cpmt,GHA,AFR,2017,WEALTHQUINTILE,WEALTHQUINTILE_WQ5,23.84818,21.04668,26.89555,23.8 [21.0-26.9],2022-05-26T12:52:36+02:00
cpmt,LBR,AFR,2019,DHSMICSGEOREGION,DHSMICSGEOREGION_LBRDHS201904,43.31549,39.43122,47.28368,43.3 [39.4-47.3],2022-05-26T14:32:09+02:00
cpmt,GMB,AFR,2010,AGEGROUP,AGEGROUP_YEARS20-49,14.09434,12.75274,15.55192,14.1 [12.8-15.6],2022-05-26T11:01:49+02:00
cpmt,CIV,AFR,2011,WEALTHDECILE,WEALTHDECILE_WEALTHDECILE02,14.35822,11.13998,18.31457,14.4 [11.1-18.3],2022-05-26T12:05:15+02:00
cpmt,LSO,AFR,2014,AGEGROUP,AGEGROUP_YEARS20-49,62.04173,59.65704,64.36965,62.0 [59.7-64.4],2022-05-26T11:03:33+02:00
cpmt,SEN,AFR,1997,WEALTHDECILE,WEALTHDECILE_WEALTHDECILE09,21.78728,17.49801,26.78662,21.8 [17.5-26.8],2022-05-26T12:29:44+02:00
cpmt,CAF,AFR,2006,DHSMICSGEOREGION,DHSMICSGEOREGION_CAFMICS200608,8.47172,4.59693,15.0958,8.5 [4.6-15.1],2022-05-26T14:16:40+02:00
cpmt,TZA,AFR,1999,WEALTHDECILE,WEALTHDECILE_WEALTHDECILE07,22.63868,16.43327,30.33668,22.6 [16.4-30.3],2022-05-26T12:36:40+02:00
cpmt,CAF,AFR,1994,DHSMICSGEOREGION,DHSMICSGEOREGION_CAFDHS199404,3.87858,2.1421,6.92314,3.9 [2.1-6.9],2022-05-26T14:16:35+02:00
cpmt,NGA,AFR,2007,DHSMICSGEOREGION,DHSMICSGEOREGION_NGAMICS200719,0.63492,0.24985,1.60391,0.6 [0.2-1.6],2022-05-26T14:37:13+02:00
cpmt,TZA,AFR,1996,WEALTHDECILE,WEALTHDECILE_WEALTHDECILE08,24.17957,20.43576,28.36473,24.2 [20.4-28.4],2022-05-26T12:36:34+02:00
cpmt,BEN,AFR,2001,EDUCATIONLEVEL,EDUCATIONLEVEL_SHLM,38.95237,33.56821,44.62008,39.0 [33.6-44.6],2022-05-26T11:14:40+02:00
cpmt,GMB,AFR,2018,WEALTHDECILE,WEALTHDECILE_WEALTHDECILE07,16.27256,12.84173,20.40538,16.3 [12.8-20.4],2022-05-26T12:09:07+02:00
cpmt,ZMB,AFR,2018,EDUCATIONLEVEL,EDUCATIONLEVEL_PRLM,48.8216,46.67442,50.97315,48.8 [46.7-51.0],2022-05-26T11:26:18+02:00
cpmt,TZA,AFR,2015,DHSMICSGEOREGION,DHSMICSGEOREGION_TZADHS201504,34.55358,27.03887,42.928,34.6 [27.0-42.9],2022-05-26T14:51:51+02:00
cpmt,MDG,AFR,2003,WEALTHDECILE,WEALTHDECILE_WEALTHDECILE01,11.19576,7.37444,16.64145,11.2 [7.4-16.6],2022-05-26T12:17:18+02:00
cpmt,ZWE,AFR,2014,DHSMICSGEOREGION,DHSMICSGEOREGION_ZWEMICS201410,69.58564,66.72152,72.30558,69.6 [66.7-72.3],2022-05-26T14:54:04+02:00
cpmt,RWA,AFR,2014,WEALTHQUINTILE,WEALTHQUINTILE_WQ3,54.57996,51.64363,57.48476,54.6 [51.6-57.5],2022-05-26T13:02:37+02:00
cpmt,KEN,AFR,2008,WEALTHQUINTILE,WEALTHQUINTILE_WQ1,20.07537,16.1201,24.71517,20.1 [16.1-24.7],2022-05-26T12:55:36+02:00
cpmt,MRT,AFR,2011,WEALTHQUINTILE,WEALTHQUINTILE_WQ1,2.29935,1.54813,3.4025,2.3 [1.5-3.4],2022-05-26T12:57:45+02:00
cpmt,GNB,AFR,2014,WEALTHQUINTILE,WEALTHQUINTILE_WQ2,10.71591,8.89429,12.85796,10.7 [8.9-12.9],2022-05-26T12:53:14+02:00
cpmt,CMR,AFR,2014,WEALTHDECILE,WEALTHDECILE_WEALTHDECILE05,44.33867,38.50745,50.33018,44.3 [38.5-50.3],2022-05-26T12:02:21+02:00
cpmt,ETH,AFR,2019,DHSMICSGEOREGION,DHSMICSGEOREGION_ETHDHS201901,37.28449,31.20683,43.79232,37.3 [31.2-43.8],2022-05-26T14:22:37+02:00
cpmt,GIN,AFR,2018,DHSMICSGEOREGION,DHSMICSGEOREGION_GINDHS201801,4.49009,3.29359,6.09388,4.5 [3.3-6.1],2022-05-26T14:24:50+02:00
cpmt,MLI,AFR,2001,WEALTHDECILE,WEALTHDECILE_WEALTHDECILE09,15.88056,13.2253,18.95249,15.9 [13.2-19.0],2022-05-26T12:18:38+02:00
cpmt,NGA,AFR,2016,WEALTHDECILE,WEALTHDECILE_WEALTHDECILE06,12.1007,10.42083,14.00902,12.1 [10.4-14.0],2022-05-26T12:23:27+02:00
cpmt,CIV,AFR,2016,WEALTHDECILE,WEALTHDECILE_WEALTHDECILE08,22.05399,17.81814,26.96639,22.1 [17.8-27.0],2022-05-26T12:05:21+02:00
cpmt,KEN,AFR,2014,WEALTHQUINTILE,WEALTHQUINTILE_WQ4,65.91768,63.64787,68.11677,65.9 [63.6-68.1],2022-05-26T12:55:39+02:00
cpmt,LSO,AFR,2014,DHSMICSGEOREGION,DHSMICSGEOREGION_LSODHS201410,56.69587,49.54157,63.58147,56.7 [49.5-63.6],2022-05-26T14:31:55+02:00
cpmt,NER,AFR,2012,AGEGROUP,AGEGROUP_YEARS20-49,14.7794,13.47841,16.18248,14.8 [13.5-16.2],2022-05-26T11:04:48+02:00
cpmt,TCD,AFR,2010,WEALTHDECILE,WEALTHDECILE_WEALTHDECILE01,5.66653,3.60941,8.78916,5.7 [3.6-8.8],2022-05-26T12:03:03+02:00
cpmt,COM,AFR,1996,WEALTHQUINTILE,WEALTHQUINTILE_WQ1,14.375,10.72732,18.99905,14.4 [10.7-19.0],2022-05-26T12:49:04+02:00
cpmt,CAF,AFR,2006,RESIDENCEAREATYPE,RESIDENCEAREATYPE_URB,28.41201,25.45668,31.56515,28.4 [25.5-31.6],2022-05-26T11:33:35+02:00
cpmt,TCD,AFR,2019,DHSMICSGEOREGION,DHSMICSGEOREGION_TCDMICS201915,3.82948,2.48862,5.84946,3.8 [2.5-5.8],2022-05-26T14:17:44+02:00
cpmt,NER,AFR,2006,WEALTHQUINTILE,WEALTHQUINTILE_WQ5,20.93293,18.54448,23.5401,20.9 [18.5-23.5],2022-05-26T12:59:35+02:00
cpmt,NGA,AFR,2016,DHSMICSGEOREGION,DHSMICSGEOREGION_NGAMICS201604,28.2371,22.95937,34.18963,28.2 [23.0-34.2],2022-05-26T14:38:01+02:00
cpmt,ZWE,AFR,2010,AGEGROUP,AGEGROUP_YEARS20-49,60.45353,58.85236,62.0326,60.5 [58.9-62.0],2022-05-26T11:08:04+02:00
cpmt,GHA,AFR,1993,EDUCATIONLEVEL,EDUCATIONLEVEL_PRLM,26.24378,23.97218,28.64953,26.2 [24.0-28.6],2022-05-26T11:17:59+02:00
cpmt,MRT,AFR,2007,DHSMICSGEOREGION,DHSMICSGEOREGION_MRTMICS200708,21.08738,17.70035,24.92623,21.1 [17.7-24.9],2022-05-26T14:33:55+02:00
cpmt,SLE,AFR,2010,WEALTHQUINTILE,WEALTHQUINTILE_WQ3,9.85695,8.19544,11.81198,9.9 [8.2-11.8],2022-05-26T13:03:52+02:00
cpmt,KEN,AFR,1998,WEALTHQUINTILE,WEALTHQUINTILE_WQ3,38.18051,34.73242,41.75193,38.2 [34.7-41.8],2022-05-26T12:55:29+02:00
cpmt,MDG,AFR,2008,DHSMICSGEOREGION,DHSMICSGEOREGION_MDGDHS200810,45.081,39.19032,51.11287,45.1 [39.2-51.1],2022-05-26T14:32:21+02:00
cpmt,STP,AFR,2019,WEALTHDECILE,WEALTHDECILE_WEALTHDECILE10,51.25285,42.38785,60.03974,51.3 [42.4-60.0],2022-05-26T12:29:37+02:00
cpmt,GMB,AFR,2019,WEALTHDECILE,WEALTHDECILE_WEALTHDECILE01,16.74357,13.82355,20.13628,16.7 [13.8-20.1],2022-05-26T12:09:13+02:00
cpmt,CMR,AFR,1998,WEALTHDECILE,WEALTHDECILE_WEALTHDECILE08,29.97856,25.18672,35.25247,30.0 [25.2-35.3],2022-05-26T12:01:55+02:00
cpmt,ZWE,AFR,2005,DHSMICSGEOREGION,DHSMICSGEOREGION_ZWEDHS200508,54.11457,44.86369,63.09028,54.1 [44.9-63.1],2022-05-26T14:53:46+02:00
cpmt,GAB,AFR,2012,DHSMICSGEOREGION,DHSMICSGEOREGION_GABDHS201203,35.67784,30.12891,41.63969,35.7 [30.1-41.6],2022-05-26T14:22:45+02:00
cpmt,MWI,AFR,2000,WEALTHDECILE,WEALTHDECILE_WEALTHDECILE01,26.69648,23.23684,30.46678,26.7 [23.2-30.5],2022-05-26T12:17:35+02:00
cpmt,ZWE,AFR,1999,WEALTHQUINTILE,WEALTHQUINTILE_WQ2,47.53388,43.19384,51.91149,47.5 [43.2-51.9],2022-05-26T13:07:50+02:00
cpmt,BFA,AFR,2006,WEALTHQUINTILE,WEALTHQUINTILE_WQ3,12.58242,9.94327,15.79916,12.6 [9.9-15.8],2022-05-26T12:47:32+02:00
cpmt,BDI,AFR,2016,WEALTHDECILE,WEALTHDECILE_WEALTHDECILE05,29.48757,26.40944,32.76472,29.5 [26.4-32.8],2022-05-26T12:01:18+02:00
cpmt,TCD,AFR,2019,EDUCATIONLEVEL,EDUCATIONLEVEL_NHLM,6.38689,5.39551,7.5459,6.4 [5.4-7.5],2022-05-26T11:15:58+02:00
cpmt,SSD,AFR,2010,DHSMICSGEOREGION,DHSMICSGEOREGION_SSDMICS201008,2.35655,1.27931,4.30133,2.4 [1.3-4.3],2022-05-26T14:47:24+02:00
cpmt,SWZ,AFR,2006,EDUCATIONLEVEL,EDUCATIONLEVEL_PRLM,43.27992,39.32149,47.32605,43.3 [39.3-47.3],2022-05-26T11:17:27+02:00
cpmt,CMR,AFR,2006,DHSMICSGEOREGION,DHSMICSGEOREGION_CMRMICS200609,56.35166,47.70977,64.62432,56.4 [47.7-64.6],2022-05-26T14:16:08+02:00
cpmt,ETH,AFR,2011,WEALTHDECILE,WEALTHDECILE_WEALTHDECILE08,36.63577,31.54758,42.0406,36.6 [31.5-42.0],2022-05-26T12:08:19+02:00
cpmt,ETH,AFR,2011,DHSMICSGEOREGION,DHSMICSGEOREGION_ETHDHS201103,33.92988,29.67474,38.46148,33.9 [29.7-38.5],2022-05-26T14:22:24+02:00
cpmt,KEN,AFR,1993,AGEGROUP,AGEGROUP_YEARS20-49,34.08934,32.15675,36.07632,34.1 [32.2-36.1],2022-05-26T11:03:12+02:00
cpmt,TGO,AFR,2006,WEALTHDECILE,WEALTHDECILE_WEALTHDECILE03,15.36524,11.84835,19.69283,15.4 [11.8-19.7],2022-05-26T12:33:57+02:00
cpmt,GHA,AFR,1998,DHSMICSGEOREGION,DHSMICSGEOREGION_GHADHS199806,24.59445,20.30581,29.45411,24.6 [20.3-29.5],2022-05-26T14:23:32+02:00
cpmt,GHA,AFR,2006,DHSMICSGEOREGION,DHSMICSGEOREGION_GHAMICS200605,17.92672,12.60229,24.86079,17.9 [12.6-24.9],2022-05-26T14:23:43+02:00
cpmt,GIN,AFR,1999,DHSMICSGEOREGION,DHSMICSGEOREGION_GINDHS199902,2.58408,1.53104,4.32956,2.6 [1.5-4.3],2022-05-26T14:24:33+02:00
cpmt,NAM,AFR,2000,DHSMICSGEOREGION,DHSMICSGEOREGION_NAMDHS200003,52.81938,46.63601,58.91743,52.8 [46.6-58.9],2022-05-26T14:35:34+02:00
cpmt,ZWE,AFR,1994,AGEGROUP,AGEGROUP_YEARS15-19,31.4158,24.95108,38.69194,31.4 [25.0-38.7],2022-05-26T11:07:59+02:00
cpmt,TZA,AFR,2015,DHSMICSGEOREGION,DHSMICSGEOREGION_TZADHS201502,37.81953,25.62883,51.77225,37.8 [25.6-51.8],2022-05-26T14:51:51+02:00
cpmt,BFA,AFR,2006,DHSMICSGEOREGION,DHSMICSGEOREGION_BFAMICS200609,28.04283,18.86868,39.50554,28.0 [18.9-39.5],2022-05-26T14:14:29+02:00
cpmt,MWI,AFR,2004,DHSMICSGEOREGION,DHSMICSGEOREGION_MWIDHS200401,41.17932,36.9629,45.52931,41.2 [37.0-45.5],2022-05-26T14:32:44+02:00
cpmt,LBR,AFR,2007,WEALTHDECILE,WEALTHDECILE_WEALTHDECILE03,5.87774,3.54199,9.60048,5.9 [3.5-9.6],2022-05-26T12:16:55+02:00
cpmt,CMR,AFR,2014,DHSMICSGEOREGION,DHSMICSGEOREGION_CMRMICS201404,38.63979,33.36579,44.19453,38.6 [33.4-44.2],2022-05-26T14:16:22+02:00
cpmt,ZWE,AFR,2014,WEALTHQUINTILE,WEALTHQUINTILE_WQ2,64.09919,61.55454,66.5669,64.1 [61.6-66.6],2022-05-26T13:08:04+02:00
cpmt,RWA,AFR,2005,EDUCATIONLEVEL,EDUCATIONLEVEL_PRLM,17.30464,16.00723,18.68382,17.3 [16.0-18.7],2022-05-26T11:23:30+02:00
cpmt,ETH,AFR,2005,DHSMICSGEOREGION,DHSMICSGEOREGION_ETHDHS200506,11.11827,8.19816,14.90958,11.1 [8.2-14.9],2022-05-26T14:22:18+02:00
cpmt,NGA,AFR,2011,DHSMICSGEOREGION,DHSMICSGEOREGION_NGAMICS201112,18.54624,14.07937,24.03388,18.5 [14.1-24.0],2022-05-26T14:37:37+02:00
cpmt,UGA,AFR,2006,EDUCATIONLEVEL,EDUCATIONLEVEL_NHLM,13.18566,11.12537,15.56068,13.2 [11.1-15.6],2022-05-26T11:25:29+02:00
cpmt,GNB,AFR,2018,RESIDENCEAREATYPE,RESIDENCEAREATYPE_RUR,19.58101,17.95426,21.31686,19.6 [18.0-21.3],2022-05-26T11:35:24+02:00
cpmt,COD,AFR,2010,DHSMICSGEOREGION,DHSMICSGEOREGION_CODMICS201003,19.63633,13.62272,27.46063,19.6 [13.6-27.5],2022-05-26T14:19:29+02:00
cpmt,BFA,AFR,2010,WEALTHQUINTILE,WEALTHQUINTILE_WQ3,10.16606,9.02156,11.43749,10.2 [9.0-11.4],2022-05-26T12:47:35+02:00
cpmt,GAB,AFR,2000,EDUCATIONLEVEL,EDUCATIONLEVEL_SHLM,44.14982,41.5098,46.82333,44.1 [41.5-46.8],2022-05-26T11:17:42+02:00
cpmt,COD,AFR,2017,WEALTHDECILE,WEALTHDECILE_WEALTHDECILE03,18.66335,15.42519,22.40123,18.7 [15.4-22.4],2022-05-26T12:05:44+02:00
cpmt,GMB,AFR,2010,EDUCATIONLEVEL,EDUCATIONLEVEL_PRLM,20.41193,16.77688,24.60176,20.4 [16.8-24.6],2022-05-26T11:17:48+02:00
cpmt,TZA,AFR,1996,DHSMICSGEOREGION,DHSMICSGEOREGION_TZADHS199612,23.69668,18.14788,30.31373,23.7 [18.1-30.3],2022-05-26T14:50:53+02:00
cpmt,CIV,AFR,2011,DHSMICSGEOREGION,DHSMICSGEOREGION_CIVDHS201105,17.77726,14.40206,21.74255,17.8 [14.4-21.7],2022-05-26T14:19:10+02:00
cpmt,LSO,AFR,2009,WEALTHDECILE,WEALTHDECILE_WEALTHDECILE04,40.29159,34.14733,46.75645,40.3 [34.1-46.8],2022-05-26T12:16:38+02:00
cpmt,CIV,AFR,1998,WEALTHDECILE,WEALTHDECILE_WEALTHDECILE07,18.16134,11.83214,26.84531,18.2 [11.8-26.8],2022-05-26T12:05:04+02:00
cpmt,LSO,AFR,2004,RESIDENCEAREATYPE,RESIDENCEAREATYPE_RUR,34.15635,32.06823,36.30776,34.2 [32.1-36.3],2022-05-26T11:36:29+02:00
cpmt,MLI,AFR,2018,AGEGROUP,AGEGROUP_YEARS20-49,18.05245,16.54019,19.67039,18.1 [16.5-19.7],2022-05-26T11:04:03+02:00
cpmt,GMB,AFR,2010,RESIDENCEAREATYPE,RESIDENCEAREATYPE_URB,18.60877,16.18584,21.30222,18.6 [16.2-21.3],2022-05-26T11:34:53+02:00
cpmt,NGA,AFR,2011,DHSMICSGEOREGION,DHSMICSGEOREGION_NGAMICS201118,8.95908,6.14127,12.8922,9.0 [6.1-12.9],2022-05-26T14:37:37+02:00
cpmt,MRT,AFR,2011,DHSMICSGEOREGION,DHSMICSGEOREGION_MRTMICS201102,0.78978,0.33443,1.85363,0.8 [0.3-1.9],2022-05-26T14:34:03+02:00
cpmt,NGA,AFR,2011,WEALTHDECILE,WEALTHDECILE_WEALTHDECILE01,5.68515,4.5997,7.00794,5.7 [4.6-7.0],2022-05-26T12:23:13+02:00
cpmt,SLE,AFR,2008,WEALTHDECILE,WEALTHDECILE_WEALTHDECILE10,25.79532,21.31112,30.85312,25.8 [21.3-30.9],2022-05-26T12:31:24+02:00
cpmt,MLI,AFR,2006,DHSMICSGEOREGION,DHSMICSGEOREGION_MLIDHS200605,2.1845,1.17367,4.0304,2.2 [1.2-4.0],2022-05-26T14:33:29+02:00
cpmt,COD,AFR,2017,WEALTHDECILE,WEALTHDECILE_WEALTHDECILE07,27.96112,22.58443,34.05476,28.0 [22.6-34.1],2022-05-26T12:05:44+02:00
cpmt,SLE,AFR,2005,DHSMICSGEOREGION,DHSMICSGEOREGION_SLEMICS200502,4.36437,3.29761,5.75566,4.4 [3.3-5.8],2022-05-26T14:46:56+02:00
cpmt,ZMB,AFR,2013,DHSMICSGEOREGION,DHSMICSGEOREGION_ZMBDHS201309,51.17555,46.93947,55.3948,51.2 [46.9-55.4],2022-05-26T14:53:22+02:00
cpmt,RWA,AFR,2010,WEALTHDECILE,WEALTHDECILE_WEALTHDECILE10,54.90326,51.68258,58.08339,54.9 [51.7-58.1],2022-05-26T12:28:51+02:00
cpmt,GIN,AFR,2016,DHSMICSGEOREGION,DHSMICSGEOREGION_GINMICS201604,1.95168,1.21134,3.13014,2.0 [1.2-3.1],2022-05-26T14:24:46+02:00
cpmt,TCD,AFR,2010,DHSMICSGEOREGION,DHSMICSGEOREGION_TCDMICS201016,2.60261,1.18021,5.64145,2.6 [1.2-5.6],2022-05-26T14:17:20+02:00
cpmt,BFA,AFR,2006,AGEGROUP,AGEGROUP_YEARS15-19,8.32273,5.4204,12.57251,8.3 [5.4-12.6],2022-05-26T11:00:05+02:00
cpmt,LSO,AFR,2018,WEALTHQUINTILE,WEALTHQUINTILE_WQ1,66.34051,62.6825,69.81264,66.3 [62.7-69.8],2022-05-26T12:56:23+02:00
cpmt,GIN,AFR,2012,DHSMICSGEOREGION,DHSMICSGEOREGION_GINDHS201201,4.78502,2.88144,7.84457,4.8 [2.9-7.8],2022-05-26T14:24:41+02:00
cpmt,MRT,AFR,2007,EDUCATIONLEVEL,EDUCATIONLEVEL_PRLM,11.513,10.14295,13.04124,11.5 [10.1-13.0],2022-05-26T11:20:56+02:00
cpmt,RWA,AFR,2005,DHSMICSGEOREGION,DHSMICSGEOREGION_RWADHS200507,9.71322,6.83644,13.62353,9.7 [6.8-13.6],2022-05-26T14:45:09+02:00
cpmt,CMR,AFR,2011,DHSMICSGEOREGION,DHSMICSGEOREGION_CMRDHS201101,11.07518,8.36613,14.52242,11.1 [8.4-14.5],2022-05-26T14:16:15+02:00
cpmt,CAF,AFR,2010,DHSMICSGEOREGION,DHSMICSGEOREGION_CAFMICS201016,7.77082,4.54674,12.97043,7.8 [4.5-13.0],2022-05-26T14:16:50+02:00
cpmt,BDI,AFR,2010,WEALTHQUINTILE,WEALTHQUINTILE_WQ3,21.76444,19.05552,24.74075,21.8 [19.1-24.7],2022-05-26T12:47:41+02:00
cpmt,ZMB,AFR,2001,AGEGROUP,AGEGROUP_YEARS20-49,35.09352,33.37351,36.85315,35.1 [33.4-36.9],2022-05-26T11:07:54+02:00
cpmt,NGA,AFR,2011,DHSMICSGEOREGION,DHSMICSGEOREGION_NGAMICS201132,32.95227,26.51938,40.09416,33.0 [26.5-40.1],2022-05-26T14:37:37+02:00
cpmt,GMB,AFR,2013,EDUCATIONLEVEL,EDUCATIONLEVEL_NHLM,5.9699,4.96435,7.16378,6.0 [5.0-7.2],2022-05-26T11:17:49+02:00
cpmt,MWI,AFR,2013,DHSMICSGEOREGION,DHSMICSGEOREGION_MWIMICS201319,54.74688,50.28648,59.13234,54.7 [50.3-59.1],2022-05-26T14:32:54+02:00
cpmt,NGA,AFR,2016,DHSMICSGEOREGION,DHSMICSGEOREGION_NGAMICS201614,22.11669,17.39428,27.69141,22.1 [17.4-27.7],2022-05-26T14:38:02+02:00
cpmt,MWI,AFR,2004,AGEGROUP,AGEGROUP_YEARS20-49,33.88896,32.4776,35.32957,33.9 [32.5-35.3],2022-05-26T11:03:46+02:00
cpmt,TCD,AFR,2010,WEALTHDECILE,WEALTHDECILE_WEALTHDECILE04,3.18123,2.04165,4.92491,3.2 [2.0-4.9],2022-05-26T12:03:03+02:00
cpmt,RWA,AFR,2005,WEALTHDECILE,WEALTHDECILE_WEALTHDECILE05,12.60679,9.13165,17.15476,12.6 [9.1-17.2],2022-05-26T12:28:45+02:00
cpmt,TGO,AFR,2010,DHSMICSGEOREGION,DHSMICSGEOREGION_TGOMICS201002,12.89844,10.31159,16.01834,12.9 [10.3-16.0],2022-05-26T14:48:59+02:00
cpmt,MOZ,AFR,2011,DHSMICSGEOREGION,DHSMICSGEOREGION_MOZDHS201109,18.25648,15.09582,21.90815,18.3 [15.1-21.9],2022-05-26T14:35:07+02:00
cpmt,NER,AFR,2006,DHSMICSGEOREGION,DHSMICSGEOREGION_NERDHS200602,3.70302,2.29795,5.91519,3.7 [2.3-5.9],2022-05-26T14:36:53+02:00
cpmt,MDG,AFR,2003,DHSMICSGEOREGION,DHSMICSGEOREGION_MDGDHS200301,42.28003,36.40765,48.37901,42.3 [36.4-48.4],2022-05-26T14:32:15+02:00
cpmt,RWA,AFR,2010,DHSMICSGEOREGION,DHSMICSGEOREGION_RWADHS201004,56.9178,53.8168,59.96547,56.9 [53.8-60.0],2022-05-26T14:45:15+02:00
cpmt,GHA,AFR,2008,EDUCATIONLEVEL,EDUCATIONLEVEL_NHLM,13.5507,11.13534,16.39333,13.6 [11.1-16.4],2022-05-26T11:18:06+02:00
cpmt,COD,AFR,2017,DHSMICSGEOREGION,DHSMICSGEOREGION_CODMICS201703,24.71733,13.56197,40.72531,24.7 [13.6-40.7],2022-05-26T14:19:46+02:00
cpmt,MOZ,AFR,2008,WEALTHQUINTILE,WEALTHQUINTILE_WQ1,10.66066,8.27842,13.62657,10.7 [8.3-13.6],2022-05-26T12:58:28+02:00
cpmt,GMB,AFR,2010,WEALTHDECILE,WEALTHDECILE_WEALTHDECILE07,13.78383,11.0795,17.0219,13.8 [11.1-17.0],2022-05-26T12:08:55+02:00
cpmt,MDG,AFR,2003,DHSMICSGEOREGION,DHSMICSGEOREGION_MDGDHS200302,14.77738,10.50508,20.3913,14.8 [10.5-20.4],2022-05-26T14:32:15+02:00
cpmt,SEN,AFR,2019,DHSMICSGEOREGION,DHSMICSGEOREGION_SENDHS201902,35.9405,29.79282,42.58723,35.9 [29.8-42.6],2022-05-26T14:46:41+02:00
cpmt,TCD,AFR,2010,WEALTHDECILE,WEALTHDECILE_WEALTHDECILE07,3.90234,2.71639,5.57639,3.9 [2.7-5.6],2022-05-26T12:03:03+02:00
cpmt,RWA,AFR,2019,WEALTHDECILE,WEALTHDECILE_WEALTHDECILE08,67.11806,63.23439,70.78105,67.1 [63.2-70.8],2022-05-26T12:29:04+02:00
cpmt,BEN,AFR,2011,DHSMICSGEOREGION,DHSMICSGEOREGION_BENDHS201112,13.92938,11.84379,16.31427,13.9 [11.8-16.3],2022-05-26T14:13:14+02:00
cpmt,STP,AFR,2008,WEALTHDECILE,WEALTHDECILE_WEALTHDECILE02,38.10413,29.29703,47.76999,38.1 [29.3-47.8],2022-05-26T12:29:24+02:00
cpmt,SLE,AFR,2010,WEALTHQUINTILE,WEALTHQUINTILE_WQ5,22.27833,20.02452,24.70743,22.3 [20.0-24.7],2022-05-26T13:03:52+02:00
cpmt,COG,AFR,2011,EDUCATIONLEVEL,EDUCATIONLEVEL_PRLM,43.12554,40.22501,46.07401,43.1 [40.2-46.1],2022-05-26T11:16:14+02:00
cpmt,MOZ,AFR,1997,WEALTHDECILE,WEALTHDECILE_WEALTHDECILE08,5.95697,3.36666,10.32726,6.0 [3.4-10.3],2022-05-26T12:20:21+02:00
cpmt,GIN,AFR,1999,WEALTHDECILE,WEALTHDECILE_WEALTHDECILE02,2.04108,1.07596,3.83829,2.0 [1.1-3.8],2022-05-26T12:10:46+02:00
cpmt,TCD,AFR,2019,DHSMICSGEOREGION,DHSMICSGEOREGION_TCDMICS201902,1.79951,0.72015,4.42454,1.8 [0.7-4.4],2022-05-26T14:17:44+02:00
cpmt,BEN,AFR,2001,AGEGROUP,AGEGROUP_YEARS20-49,19.31391,17.87707,20.83693,19.3 [17.9-20.8],2022-05-26T10:59:46+02:00
cpmt,SLE,AFR,2013,DHSMICSGEOREGION,DHSMICSGEOREGION_SLEDHS201301,17.33402,15.16176,19.74507,17.3 [15.2-19.7],2022-05-26T14:47:03+02:00
cpmt,ZMB,AFR,2013,AGEGROUP,AGEGROUP_YEARS20-49,49.78217,48.33374,51.23097,49.8 [48.3-51.2],2022-05-26T11:07:57+02:00
cpmt,ZMB,AFR,2001,DHSMICSGEOREGION,DHSMICSGEOREGION_ZMBDHS200106,31.71691,27.84506,35.85957,31.7 [27.8-35.9],2022-05-26T14:53:11+02:00
cpmt,SEN,AFR,2019,RESIDENCEAREATYPE,RESIDENCEAREATYPE_RUR,21.96905,19.65801,24.46903,22.0 [19.7-24.5],2022-05-26T11:39:21+02:00
cpmt,SLE,AFR,2010,AGEGROUP,AGEGROUP_YEARS15-19,5.28306,3.58789,7.71506,5.3 [3.6-7.7],2022-05-26T11:06:24+02:00
cpmt,ZMB,AFR,2013,EDUCATIONLEVEL,EDUCATIONLEVEL_NHLM,37.43896,33.7806,41.24673,37.4 [33.8-41.2],2022-05-26T11:26:17+02:00
cpmt,BEN,AFR,2014,DHSMICSGEOREGION,DHSMICSGEOREGION_BENMICS201406,21.54003,17.9316,25.64767,21.5 [17.9-25.6],2022-05-26T14:13:21+02:00
cpmt,GMB,AFR,2018,DHSMICSGEOREGION,DHSMICSGEOREGION_GMBMICS201801,26.00732,22.40613,29.9638,26.0 [22.4-30.0],2022-05-26T14:23:05+02:00
cpmt,GIN,AFR,1999,WEALTHDECILE,WEALTHDECILE_WEALTHDECILE08,10.87589,8.06057,14.51925,10.9 [8.1-14.5],2022-05-26T12:10:46+02:00
cpmt,MWI,AFR,2015,AGEGROUP,AGEGROUP_YEARS15-19,38.0661,34.61001,41.6475,38.1 [34.6-41.6],2022-05-26T11:03:50+02:00
cpmt,NGA,AFR,2008,DHSMICSGEOREGION,DHSMICSGEOREGION_NGADHS200806,31.67128,28.79867,34.69082,31.7 [28.8-34.7],2022-05-26T14:37:29+02:00
cpmt,MOZ,AFR,2011,WEALTHDECILE,WEALTHDECILE_WEALTHDECILE07,11.20447,8.69843,14.31927,11.2 [8.7-14.3],2022-05-26T12:20:38+02:00
cpmt,TZA,AFR,2015,RESIDENCEAREATYPE,RESIDENCEAREATYPE_URB,46.07127,42.87532,49.29986,46.1 [42.9-49.3],2022-05-26T11:40:36+02:00
cpmt,MOZ,AFR,2003,WEALTHDECILE,WEALTHDECILE_WEALTHDECILE01,20.39134,17.22145,23.9757,20.4 [17.2-24.0],2022-05-26T12:20:26+02:00
cpmt,SEN,AFR,2015,WEALTHDECILE,WEALTHDECILE_WEALTHDECILE07,26.87203,22.44995,31.80789,26.9 [22.4-31.8],2022-05-26T12:30:18+02:00
cpmt,ETH,AFR,2016,RESIDENCEAREATYPE,RESIDENCEAREATYPE_URB,51.98539,47.88584,56.05839,52.0 [47.9-56.1],2022-05-26T11:34:47+02:00
cpmt,BFA,AFR,2006,DHSMICSGEOREGION,DHSMICSGEOREGION_BFAMICS200608,4.77549,2.68262,8.36084,4.8 [2.7-8.4],2022-05-26T14:14:28+02:00
cpmt,ZAF,AFR,2016,WEALTHDECILE,WEALTHDECILE_WEALTHDECILE06,53.83006,46.03069,61.44635,53.8 [46.0-61.4],2022-05-26T12:32:07+02:00
cpmt,TGO,AFR,1998,DHSMICSGEOREGION,DHSMICSGEOREGION_TGODHS199803,22.48426,19.65667,25.58905,22.5 [19.7-25.6],2022-05-26T14:48:52+02:00
cpmt,COD,AFR,2007,DHSMICSGEOREGION,DHSMICSGEOREGION_CODDHS200701,41.88959,38.1627,45.71139,41.9 [38.2-45.7],2022-05-26T14:19:23+02:00
cpmt,MRT,AFR,2011,WEALTHDECILE,WEALTHDECILE_WEALTHDECILE05,9.87484,7.75235,12.49969,9.9 [7.8-12.5],2022-05-26T12:19:21+02:00
cpmt,MWI,AFR,2000,WEALTHDECILE,WEALTHDECILE_WEALTHDECILE05,25.35904,22.44299,28.51467,25.4 [22.4-28.5],2022-05-26T12:17:35+02:00
cpmt,TZA,AFR,2015,DHSMICSGEOREGION,DHSMICSGEOREGION_TZADHS201512,53.55384,42.90403,63.88913,53.6 [42.9-63.9],2022-05-26T14:51:51+02:00
cpmt,TCD,AFR,2014,DHSMICSGEOREGION,DHSMICSGEOREGION_TCDDHS201410,13.65169,9.15644,19.87111,13.7 [9.2-19.9],2022-05-26T14:17:32+02:00
cpmt,ZAF,AFR,1998,WEALTHQUINTILE,WEALTHQUINTILE_WQ2,46.02902,42.07909,50.02946,46.0 [42.1-50.0],2022-05-26T13:04:09+02:00
cpmt,TZA,AFR,1996,DHSMICSGEOREGION,DHSMICSGEOREGION_TZADHS199602,20.24922,15.94459,25.36529,20.2 [15.9-25.4],2022-05-26T14:50:53+02:00
cpmt,MWI,AFR,2013,DHSMICSGEOREGION,DHSMICSGEOREGION_MWIMICS201304,58.36338,54.70095,61.93576,58.4 [54.7-61.9],2022-05-26T14:32:54+02:00
cpmt,ZWE,AFR,1999,DHSMICSGEOREGION,DHSMICSGEOREGION_ZWEDHS199904,57.47867,52.22001,62.57337,57.5 [52.2-62.6],2022-05-26T14:53:40+02:00
cpmt,ETH,AFR,2019,DHSMICSGEOREGION,DHSMICSGEOREGION_ETHDHS201907,45.04997,37.8011,52.51524,45.0 [37.8-52.5],2022-05-26T14:22:36+02:00
cpmt,CIV,AFR,1994,AGEGROUP,AGEGROUP_YEARS15-19,8.67312,6.57667,11.35662,8.7 [6.6-11.4],2022-05-26T11:00:57+02:00
cpmt,MLI,AFR,2006,WEALTHDECILE,WEALTHDECILE_WEALTHDECILE06,3.90622,2.70348,5.61317,3.9 [2.7-5.6],2022-05-26T12:18:44+02:00
cpmt,BDI,AFR,2005,AGEGROUP,AGEGROUP_YEARS20-49,9.35375,8.29207,10.53575,9.4 [8.3-10.5],2022-05-26T11:00:07+02:00
cpmt,CAF,AFR,2010,WEALTHQUINTILE,WEALTHQUINTILE_WQ2,7.75668,6.35914,9.43043,7.8 [6.4-9.4],2022-05-26T12:48:26+02:00
cpmt,TCD,AFR,1996,WEALTHQUINTILE,WEALTHQUINTILE_WQ2,1.89056,1.23678,2.87986,1.9 [1.2-2.9],2022-05-26T12:48:32+02:00
cpmt,RWA,AFR,2014,DHSMICSGEOREGION,DHSMICSGEOREGION_RWADHS201401,54.48868,50.58061,58.34223,54.5 [50.6-58.3],2022-05-26T14:45:18+02:00
cpmt,SEN,AFR,2012,DHSMICSGEOREGION,DHSMICSGEOREGION_SENDHS201206,16.90988,12.26558,22.85462,16.9 [12.3-22.9],2022-05-26T14:45:52+02:00
cpmt,BEN,AFR,2011,WEALTHDECILE,WEALTHDECILE_WEALTHDECILE01,7.41457,5.76151,9.49412,7.4 [5.8-9.5],2022-05-26T11:59:28+02:00
cpmt,MWI,AFR,2004,WEALTHQUINTILE,WEALTHQUINTILE_WQ4,36.71976,34.2459,39.26561,36.7 [34.2-39.3],2022-05-26T12:56:52+02:00
cpmt,ETH,AFR,2000,WEALTHDECILE,WEALTHDECILE_WEALTHDECILE10,41.76841,37.75799,45.89074,41.8 [37.8-45.9],2022-05-26T12:08:07+02:00
cpmt,TZA,AFR,2015,DHSMICSGEOREGION,DHSMICSGEOREGION_TZADHS201529,13.01754,7.46757,21.72393,13.0 [7.5-21.7],2022-05-26T14:51:51+02:00
cpmt,RWA,AFR,2019,EDUCATIONLEVEL,EDUCATIONLEVEL_SHLM,61.25131,58.39337,64.03385,61.3 [58.4-64.0],2022-05-26T11:23:35+02:00
cpmt,BFA,AFR,2006,EDUCATIONLEVEL,EDUCATIONLEVEL_PRLM,27.6983,18.65335,39.02505,27.7 [18.7-39.0],2022-05-26T11:15:07+02:00
cpmt,ETH,AFR,2016,WEALTHQUINTILE,WEALTHQUINTILE_WQ4,40.91894,36.76501,45.20668,40.9 [36.8-45.2],2022-05-26T12:51:40+02:00
cpmt,BEN,AFR,2014,DHSMICSGEOREGION,DHSMICSGEOREGION_BENMICS201402,15.44347,10.95424,21.33173,15.4 [11.0-21.3],2022-05-26T14:13:21+02:00
cpmt,NGA,AFR,2011,EDUCATIONLEVEL,EDUCATIONLEVEL_SHLM,28.69087,26.76407,30.69824,28.7 [26.8-30.7],2022-05-26T11:22:09+02:00
cpmt,NGA,AFR,2003,DHSMICSGEOREGION,DHSMICSGEOREGION_NGADHS200304,22.46668,17.48377,28.38128,22.5 [17.5-28.4],2022-05-26T14:37:05+02:00
cpmt,UGA,AFR,2006,WEALTHDECILE,WEALTHDECILE_WEALTHDECILE09,40.4082,35.19294,45.84952,40.4 [35.2-45.8],2022-05-26T12:35:53+02:00
cpmt,GHA,AFR,2008,WEALTHDECILE,WEALTHDECILE_WEALTHDECILE09,30.15745,24.709,36.22921,30.2 [24.7-36.2],2022-05-26T12:09:55+02:00
cpmt,NER,AFR,2006,WEALTHDECILE,WEALTHDECILE_WEALTHDECILE04,8.7264,6.41463,11.76655,8.7 [6.4-11.8],2022-05-26T12:22:32+02:00
cpmt,GHA,AFR,2011,WEALTHQUINTILE,WEALTHQUINTILE_WQ3,38.92099,34.8322,43.17178,38.9 [34.8-43.2],2022-05-26T12:52:30+02:00
cpmt,COM,AFR,1996,WEALTHDECILE,WEALTHDECILE_WEALTHDECILE08,23.17881,17.69073,29.75397,23.2 [17.7-29.8],2022-05-26T12:03:44+02:00
cpmt,CMR,AFR,2006,WEALTHDECILE,WEALTHDECILE_WEALTHDECILE07,35.10712,29.42114,41.24974,35.1 [29.4-41.2],2022-05-26T12:02:08+02:00
cpmt,GIN,AFR,2012,WEALTHDECILE,WEALTHDECILE_WEALTHDECILE03,5.07913,3.41461,7.49213,5.1 [3.4-7.5],2022-05-26T12:10:57+02:00
cpmt,LSO,AFR,2018,WEALTHQUINTILE,WEALTHQUINTILE_WQ3,62.02932,57.60534,66.26202,62.0 [57.6-66.3],2022-05-26T12:56:23+02:00
cpmt,MOZ,AFR,2015,WEALTHQUINTILE,WEALTHQUINTILE_WQ2,19.46801,15.74054,23.82855,19.5 [15.7-23.8],2022-05-26T12:58:35+02:00
cpmt,SLE,AFR,2010,WEALTHDECILE,WEALTHDECILE_WEALTHDECILE03,4.95653,3.61076,6.76866,5.0 [3.6-6.8],2022-05-26T12:31:30+02:00
cpmt,GMB,AFR,2018,EDUCATIONLEVEL,EDUCATIONLEVEL_PRLM,16.10042,13.78645,18.71845,16.1 [13.8-18.7],2022-05-26T11:17:51+02:00
cpmt,NGA,AFR,2011,WEALTHQUINTILE,WEALTHQUINTILE_WQ5,30.99514,28.02548,34.13026,31.0 [28.0-34.1],2022-05-26T12:59:54+02:00
cpmt,BFA,AFR,1998,WEALTHDECILE,WEALTHDECILE_WEALTHDECILE03,11.55925,8.14317,16.15632,11.6 [8.1-16.2],2022-05-26T12:00:35+02:00
cpmt,SEN,AFR,2005,AGEGROUP,AGEGROUP_YEARS20-49,12.59551,11.17059,14.1732,12.6 [11.2-14.2],2022-05-26T11:06:05+02:00
cpmt,GHA,AFR,2003,AGEGROUP,AGEGROUP_YEARS20-49,25.84842,24.0226,27.7623,25.8 [24.0-27.8],2022-05-26T11:01:58+02:00
cpmt,MLI,AFR,2015,DHSMICSGEOREGION,DHSMICSGEOREGION_MLIMICS201501,14.72545,12.2939,17.54174,14.7 [12.3-17.5],2022-05-26T14:33:44+02:00
cpmt,TZA,AFR,2015,EDUCATIONLEVEL,EDUCATIONLEVEL_NHLM,26.62537,23.47144,30.03677,26.6 [23.5-30.0],2022-05-26T11:25:50+02:00
cpmt,ZMB,AFR,1996,WEALTHDECILE,WEALTHDECILE_WEALTHDECILE06,24.02375,20.31818,28.16625,24.0 [20.3-28.2],2022-05-26T12:38:13+02:00
cpmt,CAF,AFR,1994,WEALTHDECILE,WEALTHDECILE_WEALTHDECILE09,20.60348,16.37572,25.58875,20.6 [16.4-25.6],2022-05-26T12:02:31+02:00
cpmt,ZAF,AFR,2016,WEALTHDECILE,WEALTHDECILE_WEALTHDECILE05,53.99433,46.01143,61.77742,54.0 [46.0-61.8],2022-05-26T12:32:07+02:00
cpmt,MLI,AFR,2012,WEALTHDECILE,WEALTHDECILE_WEALTHDECILE07,11.6729,9.19067,14.71689,11.7 [9.2-14.7],2022-05-26T12:18:56+02:00
cpmt,GAB,AFR,2012,WEALTHDECILE,WEALTHDECILE_WEALTHDECILE03,30.72824,25.27285,36.7816,30.7 [25.3-36.8],2022-05-26T12:08:43+02:00
cpmt,NGA,AFR,2008,DHSMICSGEOREGION,DHSMICSGEOREGION_NGADHS200801,13.02779,11.19557,15.10885,13.0 [11.2-15.1],2022-05-26T14:37:29+02:00
cpmt,SLE,AFR,2005,WEALTHQUINTILE,WEALTHQUINTILE_WQ2,1.00543,0.57071,1.76541,1.0 [0.6-1.8],2022-05-26T13:03:46+02:00
cpmt,ZWE,AFR,1994,WEALTHDECILE,WEALTHDECILE_WEALTHDECILE02,37.65321,30.48977,45.4004,37.7 [30.5-45.4],2022-05-26T12:38:45+02:00
cpmt,ZAF,AFR,1998,RESIDENCEAREATYPE,RESIDENCEAREATYPE_RUR,45.10456,42.59757,47.63664,45.1 [42.6-47.6],2022-05-26T11:39:35+02:00
cpmt,SEN,AFR,2012,DHSMICSGEOREGION,DHSMICSGEOREGION_SENDHS201211,4.64898,2.57427,8.25413,4.6 [2.6-8.3],2022-05-26T14:45:52+02:00
cpmt,CMR,AFR,2004,WEALTHDECILE,WEALTHDECILE_WEALTHDECILE06,26.87134,23.33517,30.7286,26.9 [23.3-30.7],2022-05-26T12:02:02+02:00
cpmt,GHA,AFR,2017,DHSMICSGEOREGION,DHSMICSGEOREGION_GHAMICS201705,34.03051,28.79671,39.68539,34.0 [28.8-39.7],2022-05-26T14:24:06+02:00
cpmt,TZA,AFR,2015,DHSMICSGEOREGION,DHSMICSGEOREGION_TZADHS201527,41.0817,31.83549,51.00398,41.1 [31.8-51.0],2022-05-26T14:51:51+02:00
cpmt,MRT,AFR,2007,DHSMICSGEOREGION,DHSMICSGEOREGION_MRTMICS200704,3.69855,2.44508,5.55799,3.7 [2.4-5.6],2022-05-26T14:33:55+02:00
cpmt,LSO,AFR,2014,EDUCATIONLEVEL,EDUCATIONLEVEL_NHLM,38.09206,23.49349,55.21516,38.1 [23.5-55.2],2022-05-26T11:20:13+02:00
cpmt,RWA,AFR,2000,RESIDENCEAREATYPE,RESIDENCEAREATYPE_URB,26.90679,23.26197,30.89278,26.9 [23.3-30.9],2022-05-26T11:38:58+02:00
cpmt,SWZ,AFR,2006,WEALTHQUINTILE,WEALTHQUINTILE_WQ2,42.9024,38.01885,47.92818,42.9 [38.0-47.9],2022-05-26T12:51:21+02:00
cpmt,TZA,AFR,1999,WEALTHQUINTILE,WEALTHQUINTILE_WQ5,37.56429,32.59178,42.81361,37.6 [32.6-42.8],2022-05-26T13:06:41+02:00
cpmt,ZMB,AFR,1996,DHSMICSGEOREGION,DHSMICSGEOREGION_ZMBDHS199601,17.4186,13.56738,22.08369,17.4 [13.6-22.1],2022-05-26T14:53:06+02:00
cpmt,BFA,AFR,2003,DHSMICSGEOREGION,DHSMICSGEOREGION_BFADHS200309,14.42689,10.10605,20.18039,14.4 [10.1-20.2],2022-05-26T14:14:20+02:00
cpmt,DZA,AFR,2012,WEALTHDECILE,WEALTHDECILE_WEALTHDECILE04,55.75035,52.6764,58.78087,55.8 [52.7-58.8],2022-05-26T11:56:15+02:00
cpmt,GMB,AFR,2018,DHSMICSGEOREGION,DHSMICSGEOREGION_GMBMICS201803,17.78872,15.40309,20.45449,17.8 [15.4-20.5],2022-05-26T14:23:05+02:00
cpmt,UGA,AFR,1995,EDUCATIONLEVEL,EDUCATIONLEVEL_NHLM,8.28041,6.98822,9.78639,8.3 [7.0-9.8],2022-05-26T11:25:25+02:00
cpmt,SEN,AFR,2014,RESIDENCEAREATYPE,RESIDENCEAREATYPE_RUR,14.41848,12.42596,16.6697,14.4 [12.4-16.7],2022-05-26T11:39:15+02:00
cpmt,ZMB,AFR,1996,RESIDENCEAREATYPE,RESIDENCEAREATYPE_RUR,20.87967,19.08683,22.79347,20.9 [19.1-22.8],2022-05-26T11:40:50+02:00
cpmt,TCD,AFR,2019,DHSMICSGEOREGION,DHSMICSGEOREGION_TCDMICS201901,6.1658,2.47568,14.5364,6.2 [2.5-14.5],2022-05-26T14:17:44+02:00
cpmt,BFA,AFR,1998,WEALTHDECILE,WEALTHDECILE_WEALTHDECILE10,35.09798,30.8591,39.58575,35.1 [30.9-39.6],2022-05-26T12:00:34+02:00
cpmt,STP,AFR,2008,WEALTHDECILE,WEALTHDECILE_WEALTHDECILE05,35.30014,26.68913,44.98464,35.3 [26.7-45.0],2022-05-26T12:29:24+02:00
cpmt,UGA,AFR,2016,DHSMICSGEOREGION,DHSMICSGEOREGION_UGADHS201611,21.83384,17.55038,26.82264,21.8 [17.6-26.8],2022-05-26T14:50:18+02:00
cpmt,NGA,AFR,2007,WEALTHDECILE,WEALTHDECILE_WEALTHDECILE10,33.59027,30.03637,37.34024,33.6 [30.0-37.3],2022-05-26T12:22:59+02:00
cpmt,UGA,AFR,2016,WEALTHDECILE,WEALTHDECILE_WEALTHDECILE09,46.65804,43.06248,50.28867,46.7 [43.1-50.3],2022-05-26T12:36:05+02:00
cpmt,MDG,AFR,2008,DHSMICSGEOREGION,DHSMICSGEOREGION_MDGDHS200806,41.4057,34.74041,48.40135,41.4 [34.7-48.4],2022-05-26T14:32:21+02:00
cpmt,MRT,AFR,2007,DHSMICSGEOREGION,DHSMICSGEOREGION_MRTMICS200706,10.15761,7.29989,13.96552,10.2 [7.3-14.0],2022-05-26T14:33:55+02:00
cpmt,UGA,AFR,2011,WEALTHDECILE,WEALTHDECILE_WEALTHDECILE06,29.49389,25.32104,34.04094,29.5 [25.3-34.0],2022-05-26T12:35:59+02:00
cpmt,ETH,AFR,2016,DHSMICSGEOREGION,DHSMICSGEOREGION_ETHDHS201611,30.34591,24.15585,37.34123,30.3 [24.2-37.3],2022-05-26T14:22:30+02:00
cpmt,CIV,AFR,2006,DHSMICSGEOREGION,DHSMICSGEOREGION_CIVMICS200605,17.2274,13.10891,22.30762,17.2 [13.1-22.3],2022-05-26T14:19:04+02:00
cpmt,MRT,AFR,2011,WEALTHDECILE,WEALTHDECILE_WEALTHDECILE10,23.19703,19.96604,26.77595,23.2 [20.0-26.8],2022-05-26T12:19:21+02:00
cpmt,UGA,AFR,2016,DHSMICSGEOREGION,DHSMICSGEOREGION_UGADHS201614,43.05354,38.64335,47.57677,43.1 [38.6-47.6],2022-05-26T14:50:18+02:00
cpmt,GNB,AFR,2014,WEALTHDECILE,WEALTHDECILE_WEALTHDECILE02,9.93181,7.86624,12.46639,9.9 [7.9-12.5],2022-05-26T12:11:19+02:00
cpmt,CIV,AFR,1998,EDUCATIONLEVEL,EDUCATIONLEVEL_SHLM,40.29683,32.80115,48.27488,40.3 [32.8-48.3],2022-05-26T11:16:32+02:00
cpmt,ZMB,AFR,1996,WEALTHDECILE,WEALTHDECILE_WEALTHDECILE10,46.33868,39.55417,53.2615,46.3 [39.6-53.3],2022-05-26T12:38:13+02:00
cpmt,LSO,AFR,2018,WEALTHDECILE,WEALTHDECILE_WEALTHDECILE10,64.20935,58.43197,69.60149,64.2 [58.4-69.6],2022-05-26T12:16:50+02:00
cpmt,MLI,AFR,1995,WEALTHDECILE,WEALTHDECILE_WEALTHDECILE08,8.98213,6.86058,11.67747,9.0 [6.9-11.7],2022-05-26T12:18:32+02:00
cpmt,SEN,AFR,2017,DHSMICSGEOREGION,DHSMICSGEOREGION_SENDHS201702,28.04229,23.34848,33.27014,28.0 [23.3-33.3],2022-05-26T14:46:25+02:00
cpmt,STP,AFR,2008,DHSMICSGEOREGION,DHSMICSGEOREGION_STPDHS200803,40.33798,35.54234,45.32568,40.3 [35.5-45.3],2022-05-26T14:45:26+02:00
cpmt,SEN,AFR,2018,WEALTHDECILE,WEALTHDECILE_WEALTHDECILE10,42.42489,33.97479,51.34236,42.4 [34.0-51.3],2022-05-26T12:30:38+02:00
cpmt,TZA,AFR,1996,DHSMICSGEOREGION,DHSMICSGEOREGION_TZADHS199604,26.03306,19.96599,33.17943,26.0 [20.0-33.2],2022-05-26T14:50:53+02:00
cpmt,LBR,AFR,2013,RESIDENCEAREATYPE,RESIDENCEAREATYPE_URB,23.1929,18.57315,28.55872,23.2 [18.6-28.6],2022-05-26T11:36:39+02:00
cpmt,NGA,AFR,2003,WEALTHDECILE,WEALTHDECILE_WEALTHDECILE04,6.07643,3.84096,9.48462,6.1 [3.8-9.5],2022-05-26T12:22:52+02:00
cpmt,SLE,AFR,2019,WEALTHDECILE,WEALTHDECILE_WEALTHDECILE05,19.22624,16.55942,22.20822,19.2 [16.6-22.2],2022-05-26T12:31:49+02:00
cpmt,MDG,AFR,1997,AGEGROUP,AGEGROUP_YEARS20-49,20.95701,18.99377,23.0654,21.0 [19.0-23.1],2022-05-26T11:03:39+02:00
cpmt,NGA,AFR,2008,AGEGROUP,AGEGROUP_YEARS15-19,2.99555,2.202,4.0632,3.0 [2.2-4.1],2022-05-26T11:04:53+02:00
cpmt,ETH,AFR,2019,WEALTHDECILE,WEALTHDECILE_WEALTHDECILE04,37.75523,29.97688,46.21968,37.8 [30.0-46.2],2022-05-26T12:08:32+02:00
cpmt,NGA,AFR,2016,WEALTHDECILE,WEALTHDECILE_WEALTHDECILE05,10.05875,8.44785,11.93678,10.1 [8.4-11.9],2022-05-26T12:23:27+02:00
cpmt,TCD,AFR,2004,EDUCATIONLEVEL,EDUCATIONLEVEL_NHLM,10.25095,8.5339,12.26714,10.3 [8.5-12.3],2022-05-26T11:15:52+02:00
cpmt,BDI,AFR,2016,EDUCATIONLEVEL,EDUCATIONLEVEL_PRLM,31.25291,29.46813,33.09506,31.3 [29.5-33.1],2022-05-26T11:15:15+02:00
cpmt,GIN,AFR,2005,DHSMICSGEOREGION,DHSMICSGEOREGION_GINDHS200501,5.29463,3.41916,8.11242,5.3 [3.4-8.1],2022-05-26T14:24:37+02:00
cpmt,GAB,AFR,2000,WEALTHDECILE,WEALTHDECILE_WEALTHDECILE06,32.49112,26.97737,38.53707,32.5 [27.0-38.5],2022-05-26T12:08:37+02:00
cpmt,LSO,AFR,2004,WEALTHDECILE,WEALTHDECILE_WEALTHDECILE08,43.24538,36.8963,49.82437,43.2 [36.9-49.8],2022-05-26T12:16:32+02:00
cpmt,COM,AFR,2012,WEALTHQUINTILE,WEALTHQUINTILE_WQ2,17.17696,13.62741,21.42178,17.2 [13.6-21.4],2022-05-26T12:49:07+02:00
cpmt,MLI,AFR,1995,WEALTHDECILE,WEALTHDECILE_WEALTHDECILE04,2.57474,1.71656,3.84518,2.6 [1.7-3.8],2022-05-26T12:18:32+02:00
cpmt,MLI,AFR,2015,WEALTHDECILE,WEALTHDECILE_WEALTHDECILE09,28.74444,25.81225,31.86665,28.7 [25.8-31.9],2022-05-26T12:19:03+02:00
cpmt,RWA,AFR,2000,DHSMICSGEOREGION,DHSMICSGEOREGION_RWADHS200012,8.36653,6.23919,11.1331,8.4 [6.2-11.1],2022-05-26T14:45:02+02:00
cpmt,UGA,AFR,2011,DHSMICSGEOREGION,DHSMICSGEOREGION_UGADHS201102,37.33336,32.93463,41.95207,37.3 [32.9-42.0],2022-05-26T14:50:11+02:00
cpmt,COG,AFR,2014,AGEGROUP,AGEGROUP_YEARS20-49,30.13204,28.343,31.9836,30.1 [28.3-32.0],2022-05-26T11:00:47+02:00
cpmt,TGO,AFR,2010,RESIDENCEAREATYPE,RESIDENCEAREATYPE_URB,17.6582,14.90928,20.79012,17.7 [14.9-20.8],2022-05-26T11:40:00+02:00
cpmt,TZA,AFR,2010,WEALTHDECILE,WEALTHDECILE_WEALTHDECILE10,50.44956,45.46157,55.42862,50.4 [45.5-55.4],2022-05-26T12:36:53+02:00
cpmt,BDI,AFR,2005,WEALTHDECILE,WEALTHDECILE_WEALTHDECILE06,8.22166,5.80444,11.52238,8.2 [5.8-11.5],2022-05-26T12:01:05+02:00
cpmt,SLE,AFR,2005,WEALTHQUINTILE,WEALTHQUINTILE_WQ3,2.51416,1.76012,3.57947,2.5 [1.8-3.6],2022-05-26T13:03:46+02:00
cpmt,MRT,AFR,2011,DHSMICSGEOREGION,DHSMICSGEOREGION_MRTMICS201105,7.80678,5.74224,10.53066,7.8 [5.7-10.5],2022-05-26T14:34:03+02:00
cpmt,TGO,AFR,2017,EDUCATIONLEVEL,EDUCATIONLEVEL_PRLM,28.58875,25.6133,31.76226,28.6 [25.6-31.8],2022-05-26T11:25:00+02:00
cpmt,ZWE,AFR,2010,WEALTHQUINTILE,WEALTHQUINTILE_WQ4,61.23023,57.92486,64.43536,61.2 [57.9-64.4],2022-05-26T13:08:00+02:00
cpmt,GHA,AFR,2014,DHSMICSGEOREGION,DHSMICSGEOREGION_GHADHS201406,26.44022,21.86953,31.58007,26.4 [21.9-31.6],2022-05-26T14:24:01+02:00
cpmt,ZWE,AFR,2009,WEALTHQUINTILE,WEALTHQUINTILE_WQ1,58.13172,55.19023,61.01651,58.1 [55.2-61.0],2022-05-26T13:07:57+02:00
cpmt,MLI,AFR,2015,WEALTHQUINTILE,WEALTHQUINTILE_WQ5,30.62032,28.24374,33.10461,30.6 [28.2-33.1],2022-05-26T12:57:35+02:00
cpmt,KEN,AFR,1998,WEALTHDECILE,WEALTHDECILE_WEALTHDECILE07,47.44003,41.58865,53.36257,47.4 [41.6-53.4],2022-05-26T12:15:17+02:00
cpmt,BEN,AFR,1996,WEALTHQUINTILE,WEALTHQUINTILE_WQ3,15.17037,12.50943,18.27908,15.2 [12.5-18.3],2022-05-26T12:46:45+02:00
cpmt,RWA,AFR,2005,RESIDENCEAREATYPE,RESIDENCEAREATYPE_URB,31.58033,27.5654,35.89028,31.6 [27.6-35.9],2022-05-26T11:39:00+02:00
cpmt,LSO,AFR,2018,DHSMICSGEOREGION,DHSMICSGEOREGION_LSOMICS201801,65.22997,62.40721,67.94963,65.2 [62.4-67.9],2022-05-26T14:32:00+02:00
cpmt,MDG,AFR,2008,DHSMICSGEOREGION,DHSMICSGEOREGION_MDGDHS200808,24.88943,18.80451,32.16339,24.9 [18.8-32.2],2022-05-26T14:32:21+02:00
cpmt,SEN,AFR,2018,WEALTHDECILE,WEALTHDECILE_WEALTHDECILE03,21.73982,18.60664,25.23701,21.7 [18.6-25.2],2022-05-26T12:30:38+02:00
cpmt,SEN,AFR,2012,WEALTHDECILE,WEALTHDECILE_WEALTHDECILE07,22.96245,18.57385,28.03101,23.0 [18.6-28.0],2022-05-26T12:30:04+02:00
cpmt,RWA,AFR,2019,EDUCATIONLEVEL,EDUCATIONLEVEL_NHLM,57.66487,53.61077,61.61833,57.7 [53.6-61.6],2022-05-26T11:23:35+02:00
cpmt,MDG,AFR,2018,DHSMICSGEOREGION,DHSMICSGEOREGION_MDGMICS201808,37.55632,30.78816,44.84822,37.6 [30.8-44.8],2022-05-26T14:32:33+02:00
cpmt,SSD,AFR,2010,WEALTHQUINTILE,WEALTHQUINTILE_WQ4,3.57998,2.56089,4.98387,3.6 [2.6-5.0],2022-05-26T13:04:16+02:00
cpmt,CIV,AFR,2011,WEALTHDECILE,WEALTHDECILE_WEALTHDECILE07,16.37152,11.99137,21.95255,16.4 [12.0-22.0],2022-05-26T12:05:15+02:00
cpmt,MRT,AFR,2007,WEALTHDECILE,WEALTHDECILE_WEALTHDECILE07,12.65327,10.18946,15.60929,12.7 [10.2-15.6],2022-05-26T12:19:15+02:00
cpmt,TZA,AFR,2010,DHSMICSGEOREGION,DHSMICSGEOREGION_TZADHS201003,64.80568,55.89329,72.79378,64.8 [55.9-72.8],2022-05-26T14:51:35+02:00
cpmt,COG,AFR,2005,AGEGROUP,AGEGROUP_YEARS20-49,44.76307,42.3893,47.16095,44.8 [42.4-47.2],2022-05-26T11:00:45+02:00
cpmt,SLE,AFR,2017,WEALTHQUINTILE,WEALTHQUINTILE_WQ3,20.28508,18.38631,22.32629,20.3 [18.4-22.3],2022-05-26T13:03:59+02:00
cpmt,ETH,AFR,2005,WEALTHQUINTILE,WEALTHQUINTILE_WQ4,15.50629,13.00394,18.38839,15.5 [13.0-18.4],2022-05-26T12:51:34+02:00
cpmt,ZWE,AFR,2009,WEALTHDECILE,WEALTHDECILE_WEALTHDECILE09,67.77072,63.26239,71.97092,67.8 [63.3-72.0],2022-05-26T12:39:04+02:00
cpmt,BDI,AFR,2010,DHSMICSGEOREGION,DHSMICSGEOREGION_BDIDHS201004,15.23183,12.72132,18.13484,15.2 [12.7-18.1],2022-05-26T14:14:48+02:00
cpmt,GIN,AFR,2018,RESIDENCEAREATYPE,RESIDENCEAREATYPE_RUR,8.61099,6.93644,10.64357,8.6 [6.9-10.6],2022-05-26T11:35:21+02:00
cpmt,TZA,AFR,2004,DHSMICSGEOREGION,DHSMICSGEOREGION_TZADHS200424,22.22381,18.4195,26.55807,22.2 [18.4-26.6],2022-05-26T14:51:20+02:00
cpmt,GHA,AFR,2017,DHSMICSGEOREGION,DHSMICSGEOREGION_GHAMICS201703,23.56673,20.01508,27.53167,23.6 [20.0-27.5],2022-05-26T14:24:06+02:00
cpmt,CIV,AFR,2016,WEALTHDECILE,WEALTHDECILE_WEALTHDECILE10,18.62062,13.78353,24.66949,18.6 [13.8-24.7],2022-05-26T12:05:21+02:00
cpmt,ZWE,AFR,2009,DHSMICSGEOREGION,DHSMICSGEOREGION_ZWEMICS200901,64.91682,61.42201,68.25865,64.9 [61.4-68.3],2022-05-26T14:53:52+02:00
cpmt,COD,AFR,2010,WEALTHDECILE,WEALTHDECILE_WEALTHDECILE10,32.61668,27.30801,38.41202,32.6 [27.3-38.4],2022-05-26T12:05:32+02:00
cpmt,MLI,AFR,1995,WEALTHQUINTILE,WEALTHQUINTILE_WQ1,1.26573,0.81673,1.95669,1.3 [0.8-2.0],2022-05-26T12:57:19+02:00
cpmt,COM,AFR,1996,DHSMICSGEOREGION,DHSMICSGEOREGION_COMDHS199603,18.82911,15.88314,22.17743,18.8 [15.9-22.2],2022-05-26T14:18:10+02:00
cpmt,SEN,AFR,2016,EDUCATIONLEVEL,EDUCATIONLEVEL_PRLM,32.78913,29.00684,36.8089,32.8 [29.0-36.8],2022-05-26T11:23:57+02:00
cpmt,MDG,AFR,2018,DHSMICSGEOREGION,DHSMICSGEOREGION_MDGMICS201801,47.8546,42.09648,53.6703,47.9 [42.1-53.7],2022-05-26T14:32:33+02:00
cpmt,COG,AFR,2011,DHSMICSGEOREGION,DHSMICSGEOREGION_COGDHS201106,38.13009,31.98227,44.68333,38.1 [32.0-44.7],2022-05-26T14:18:17+02:00
cpmt,CPV,AFR,1998,DHSMICSGEOREGION,DHSMICSGEOREGION_CPVRHS199805,36.07723,30.25065,42.34474,36.1 [30.3-42.3],2022-05-26T14:15:03+02:00
cpmt,NGA,AFR,2018,WEALTHDECILE,WEALTHDECILE_WEALTHDECILE01,3.33776,2.60402,4.26918,3.3 [2.6-4.3],2022-05-26T12:23:34+02:00
cpmt,TZA,AFR,2015,WEALTHDECILE,WEALTHDECILE_WEALTHDECILE01,19.53781,15.58735,24.20243,19.5 [15.6-24.2],2022-05-26T12:36:59+02:00
cpmt,TZA,AFR,2010,DHSMICSGEOREGION,DHSMICSGEOREGION_TZADHS201009,38.0388,31.75401,44.75181,38.0 [31.8-44.8],2022-05-26T14:51:35+02:00
cpmt,ZMB,AFR,2001,EDUCATIONLEVEL,EDUCATIONLEVEL_NHLM,23.1623,20.12624,26.50438,23.2 [20.1-26.5],2022-05-26T11:26:13+02:00
cpmt,NAM,AFR,2000,WEALTHDECILE,WEALTHDECILE_WEALTHDECILE05,25.59807,18.28355,34.59983,25.6 [18.3-34.6],2022-05-26T12:20:56+02:00
cpmt,COD,AFR,2010,WEALTHDECILE,WEALTHDECILE_WEALTHDECILE03,14.48264,11.09616,18.68542,14.5 [11.1-18.7],2022-05-26T12:05:32+02:00
cpmt,SLE,AFR,2005,WEALTHDECILE,WEALTHDECILE_WEALTHDECILE06,2.81786,1.74129,4.52935,2.8 [1.7-4.5],2022-05-26T12:31:18+02:00
cpmt,NGA,AFR,2018,DHSMICSGEOREGION,DHSMICSGEOREGION_NGADHS201806,35.14408,32.15225,38.25733,35.1 [32.2-38.3],2022-05-26T14:38:18+02:00
cpmt,MLI,AFR,2001,EDUCATIONLEVEL,EDUCATIONLEVEL_NHLM,5.90059,5.14572,6.7583,5.9 [5.1-6.8],2022-05-26T11:20:45+02:00
cpmt,TZA,AFR,1999,DHSMICSGEOREGION,DHSMICSGEOREGION_TZADHS199902,31.50764,21.10786,44.16302,31.5 [21.1-44.2],2022-05-26T14:51:06+02:00
cpmt,GHA,AFR,1998,DHSMICSGEOREGION,DHSMICSGEOREGION_GHADHS199808,9.99401,6.48351,15.09839,10.0 [6.5-15.1],2022-05-26T14:23:32+02:00
cpmt,NGA,AFR,2013,WEALTHQUINTILE,WEALTHQUINTILE_WQ1,1.65791,1.22084,2.24789,1.7 [1.2-2.2],2022-05-26T12:59:57+02:00
cpmt,NGA,AFR,2011,DHSMICSGEOREGION,DHSMICSGEOREGION_NGAMICS201120,3.74241,2.29026,6.0582,3.7 [2.3-6.1],2022-05-26T14:37:37+02:00
cpmt,ZWE,AFR,2009,DHSMICSGEOREGION,DHSMICSGEOREGION_ZWEMICS200903,69.78918,66.65543,72.74882,69.8 [66.7-72.7],2022-05-26T14:53:52+02:00
cpmt,GIN,AFR,2005,DHSMICSGEOREGION,DHSMICSGEOREGION_GINDHS200506,1.3057,0.76309,2.22549,1.3 [0.8-2.2],2022-05-26T14:24:37+02:00
cpmt,ETH,AFR,2000,WEALTHQUINTILE,WEALTHQUINTILE_WQ4,4.83559,3.56615,6.52631,4.8 [3.6-6.5],2022-05-26T12:51:31+02:00
cpmt,ZWE,AFR,2015,RESIDENCEAREATYPE,RESIDENCEAREATYPE_RUR,64.32443,61.99048,66.59229,64.3 [62.0-66.6],2022-05-26T11:41:04+02:00
cpmt,SSD,AFR,2010,RESIDENCEAREATYPE,RESIDENCEAREATYPE_URB,4.87901,3.73162,6.3559,4.9 [3.7-6.4],2022-05-26T11:39:38+02:00
cpmt,TCD,AFR,2014,WEALTHQUINTILE,WEALTHQUINTILE_WQ2,4.34393,3.20044,5.87119,4.3 [3.2-5.9],2022-05-26T12:48:41+02:00
cpmt,BFA,AFR,2010,EDUCATIONLEVEL,EDUCATIONLEVEL_PRLM,26.97502,24.23836,29.89873,27.0 [24.2-29.9],2022-05-26T11:15:09+02:00
cpmt,ZWE,AFR,2014,DHSMICSGEOREGION,DHSMICSGEOREGION_ZWEMICS201403,69.32402,66.04849,72.41552,69.3 [66.0-72.4],2022-05-26T14:54:04+02:00
cpmt,COG,AFR,2005,EDUCATIONLEVEL,EDUCATIONLEVEL_SHLM,47.27551,44.56736,49.99979,47.3 [44.6-50.0],2022-05-26T11:16:12+02:00
cpmt,MDG,AFR,2018,WEALTHDECILE,WEALTHDECILE_WEALTHDECILE10,41.6646,37.17349,46.29845,41.7 [37.2-46.3],2022-05-26T12:17:29+02:00
cpmt,STP,AFR,2019,RESIDENCEAREATYPE,RESIDENCEAREATYPE_URB,49.2545,45.98212,52.53328,49.3 [46.0-52.5],2022-05-26T11:39:09+02:00
cpmt,CIV,AFR,1998,WEALTHQUINTILE,WEALTHQUINTILE_WQ5,37.97704,32.42501,43.86265,38.0 [32.4-43.9],2022-05-26T12:49:48+02:00
cpmt,GHA,AFR,1993,DHSMICSGEOREGION,DHSMICSGEOREGION_GHADHS199309,6.61765,2.41356,16.87812,6.6 [2.4-16.9],2022-05-26T14:23:26+02:00
cpmt,MWI,AFR,2013,DHSMICSGEOREGION,DHSMICSGEOREGION_MWIMICS201306,60.69846,57.03936,64.24128,60.7 [57.0-64.2],2022-05-26T14:32:54+02:00
cpmt,SSD,AFR,2010,WEALTHDECILE,WEALTHDECILE_WEALTHDECILE01,3.91937,2.45343,6.2055,3.9 [2.5-6.2],2022-05-26T12:32:13+02:00
cpmt,TCD,AFR,1996,EDUCATIONLEVEL,EDUCATIONLEVEL_SHLM,24.32726,19.52805,29.86815,24.3 [19.5-29.9],2022-05-26T11:15:51+02:00
cpmt,SLE,AFR,2017,WEALTHQUINTILE,WEALTHQUINTILE_WQ2,17.18056,15.57306,18.91681,17.2 [15.6-18.9],2022-05-26T13:03:59+02:00
cpmt,RWA,AFR,2019,WEALTHDECILE,WEALTHDECILE_WEALTHDECILE02,64.82179,61.24235,68.24208,64.8 [61.2-68.2],2022-05-26T12:29:04+02:00
cpmt,MLI,AFR,2018,WEALTHQUINTILE,WEALTHQUINTILE_WQ3,17.16153,14.80637,19.80424,17.2 [14.8-19.8],2022-05-26T12:57:38+02:00
cpmt,NER,AFR,2012,RESIDENCEAREATYPE,RESIDENCEAREATYPE_RUR,11.29404,9.95835,12.78344,11.3 [10.0-12.8],2022-05-26T11:37:55+02:00
cpmt,TZA,AFR,2010,EDUCATIONLEVEL,EDUCATIONLEVEL_NHLM,22.00262,19.19284,25.09599,22.0 [19.2-25.1],2022-05-26T11:25:48+02:00
cpmt,STP,AFR,2019,AGEGROUP,AGEGROUP_YEARS15-19,45.23503,34.14244,56.82206,45.2 [34.1-56.8],2022-05-26T11:06:02+02:00
cpmt,CIV,AFR,1998,EDUCATIONLEVEL,EDUCATIONLEVEL_NHLM,7.67778,6.14714,9.55078,7.7 [6.1-9.6],2022-05-26T11:16:32+02:00
cpmt,CIV,AFR,2006,WEALTHDECILE,WEALTHDECILE_WEALTHDECILE05,9.62747,6.79009,13.47904,9.6 [6.8-13.5],2022-05-26T12:05:09+02:00
cpmt,CPV,AFR,1998,WEALTHQUINTILE,WEALTHQUINTILE_WQ1,31.4514,26.99582,36.27694,31.5 [27.0-36.3],2022-05-26T12:47:47+02:00
cpmt,RWA,AFR,2000,WEALTHQUINTILE,WEALTHQUINTILE_WQ4,13.00469,10.65873,15.77581,13.0 [10.7-15.8],2022-05-26T13:02:28+02:00
cpmt,CAF,AFR,1994,WEALTHQUINTILE,WEALTHQUINTILE_WQ1,10.12335,8.14974,12.5098,10.1 [8.1-12.5],2022-05-26T12:48:19+02:00
cpmt,GHA,AFR,1998,RESIDENCEAREATYPE,RESIDENCEAREATYPE_URB,30.39299,27.279,33.69773,30.4 [27.3-33.7],2022-05-26T11:35:02+02:00
cpmt,STP,AFR,2019,DHSMICSGEOREGION,DHSMICSGEOREGION_STPMICS201905,46.48275,40.91031,52.1444,46.5 [40.9-52.1],2022-05-26T14:45:31+02:00
cpmt,UGA,AFR,2016,WEALTHQUINTILE,WEALTHQUINTILE_WQ3,39.72746,37.33141,42.1738,39.7 [37.3-42.2],2022-05-26T13:06:22+02:00
cpmt,TZA,AFR,2010,RESIDENCEAREATYPE,RESIDENCEAREATYPE_RUR,30.54793,28.45932,32.71972,30.5 [28.5-32.7],2022-05-26T11:40:34+02:00
cpmt,ETH,AFR,2019,WEALTHDECILE,WEALTHDECILE_WEALTHDECILE01,16.77371,12.43386,22.24354,16.8 [12.4-22.2],2022-05-26T12:08:31+02:00
cpmt,MRT,AFR,2007,WEALTHDECILE,WEALTHDECILE_WEALTHDECILE01,1.47435,0.76568,2.82029,1.5 [0.8-2.8],2022-05-26T12:19:15+02:00
cpmt,ZWE,AFR,2009,WEALTHQUINTILE,WEALTHQUINTILE_WQ2,64.22714,61.26263,67.08667,64.2 [61.3-67.1],2022-05-26T13:07:57+02:00
cpmt,TCD,AFR,1996,DHSMICSGEOREGION,DHSMICSGEOREGION_TCDDHS199611,6.89943,5.82081,8.16059,6.9 [5.8-8.2],2022-05-26T14:17:05+02:00
cpmt,SSD,AFR,2010,DHSMICSGEOREGION,DHSMICSGEOREGION_SSDMICS201004,1.35712,0.62111,2.93948,1.4 [0.6-2.9],2022-05-26T14:47:24+02:00
cpmt,ZWE,AFR,2015,DHSMICSGEOREGION,DHSMICSGEOREGION_ZWEDHS201503,69.94705,64.125,75.18982,69.9 [64.1-75.2],2022-05-26T14:54:10+02:00
cpmt,MWI,AFR,2013,WEALTHQUINTILE,WEALTHQUINTILE_WQ2,58.5256,56.27646,60.73977,58.5 [56.3-60.7],2022-05-26T12:57:02+02:00
cpmt,MWI,AFR,2013,DHSMICSGEOREGION,DHSMICSGEOREGION_MWIMICS201313,64.57778,60.43659,68.51135,64.6 [60.4-68.5],2022-05-26T14:32:54+02:00
cpmt,MWI,AFR,2000,EDUCATIONLEVEL,EDUCATIONLEVEL_SHLM,45.05987,39.27897,50.9773,45.1 [39.3-51.0],2022-05-26T11:20:28+02:00
cpmt,NGA,AFR,2011,DHSMICSGEOREGION,DHSMICSGEOREGION_NGAMICS201135,5.11464,3.63895,7.14438,5.1 [3.6-7.1],2022-05-26T14:37:37+02:00
cpmt,MDG,AFR,2008,DHSMICSGEOREGION,DHSMICSGEOREGION_MDGDHS200822,33.08299,25.64888,41.47001,33.1 [25.6-41.5],2022-05-26T14:32:21+02:00
cpmt,SWZ,AFR,2006,WEALTHDECILE,WEALTHDECILE_WEALTHDECILE02,40.6811,31.78084,50.23833,40.7 [31.8-50.2],2022-05-26T12:07:51+02:00
cpmt,BDI,AFR,2005,EDUCATIONLEVEL,EDUCATIONLEVEL_SHLM,28.43885,21.88777,36.04587,28.4 [21.9-36.0],2022-05-26T11:15:11+02:00
cpmt,TGO,AFR,2017,EDUCATIONLEVEL,EDUCATIONLEVEL_SHLM,28.30909,25.72856,31.04028,28.3 [25.7-31.0],2022-05-26T11:25:00+02:00
cpmt,SEN,AFR,2012,WEALTHDECILE,WEALTHDECILE_WEALTHDECILE04,8.69888,6.4594,11.61836,8.7 [6.5-11.6],2022-05-26T12:30:04+02:00
cpmt,CMR,AFR,2011,EDUCATIONLEVEL,EDUCATIONLEVEL_PRLM,21.58843,19.44097,23.90273,21.6 [19.4-23.9],2022-05-26T11:15:38+02:00
cpmt,MWI,AFR,2013,AGEGROUP,AGEGROUP_YEARS20-49,60.16487,58.89703,61.41923,60.2 [58.9-61.4],2022-05-26T11:03:49+02:00
cpmt,COD,AFR,2017,EDUCATIONLEVEL,EDUCATIONLEVEL_NHLM,23.71621,19.3696,28.69114,23.7 [19.4-28.7],2022-05-26T11:16:46+02:00
cpmt,CIV,AFR,2016,DHSMICSGEOREGION,DHSMICSGEOREGION_CIVMICS201602,15.3465,11.83474,19.66787,15.3 [11.8-19.7],2022-05-26T14:19:16+02:00
cpmt,KEN,AFR,1998,WEALTHDECILE,WEALTHDECILE_WEALTHDECILE10,62.17545,56.53623,67.50356,62.2 [56.5-67.5],2022-05-26T12:15:17+02:00
cpmt,MDG,AFR,2018,WEALTHDECILE,WEALTHDECILE_WEALTHDECILE04,43.44891,39.75204,47.22013,43.4 [39.8-47.2],2022-05-26T12:17:29+02:00
cpmt,ZWE,AFR,2005,DHSMICSGEOREGION,DHSMICSGEOREGION_ZWEDHS200509,71.86041,68.50266,74.9909,71.9 [68.5-75.0],2022-05-26T14:53:46+02:00
cpmt,GHA,AFR,2006,WEALTHQUINTILE,WEALTHQUINTILE_WQ2,13.32053,10.93789,16.1282,13.3 [10.9-16.1],2022-05-26T12:52:23+02:00
cpmt,GHA,AFR,2006,WEALTHDECILE,WEALTHDECILE_WEALTHDECILE08,22.32534,17.93105,27.4365,22.3 [17.9-27.4],2022-05-26T12:09:49+02:00
cpmt,LSO,AFR,2009,RESIDENCEAREATYPE,RESIDENCEAREATYPE_URB,58.33465,54.2102,62.34564,58.3 [54.2-62.3],2022-05-26T11:36:32+02:00
cpmt,SLE,AFR,2013,WEALTHQUINTILE,WEALTHQUINTILE_WQ3,12.7938,10.9083,14.95051,12.8 [10.9-15.0],2022-05-26T13:03:55+02:00
cpmt,TGO,AFR,2006,WEALTHQUINTILE,WEALTHQUINTILE_WQ3,17.18585,13.99852,20.92235,17.2 [14.0-20.9],2022-05-26T13:05:12+02:00
cpmt,ZWE,AFR,2014,WEALTHQUINTILE,WEALTHQUINTILE_WQ3,66.03907,63.3805,68.60024,66.0 [63.4-68.6],2022-05-26T13:08:04+02:00
cpmt,SEN,AFR,2018,WEALTHQUINTILE,WEALTHQUINTILE_WQ1,15.5208,12.98748,18.44353,15.5 [13.0-18.4],2022-05-26T13:03:26+02:00
cpmt,MRT,AFR,2015,DHSMICSGEOREGION,DHSMICSGEOREGION_MRTMICS201507,19.38054,12.51196,28.77935,19.4 [12.5-28.8],2022-05-26T14:34:11+02:00
cpmt,ZAF,AFR,1998,DHSMICSGEOREGION,DHSMICSGEOREGION_ZAFDHS199807,59.80476,55.45461,64.00583,59.8 [55.5-64.0],2022-05-26T14:47:13+02:00
cpmt,ZWE,AFR,2009,DHSMICSGEOREGION,DHSMICSGEOREGION_ZWEMICS200906,50.57683,44.89292,56.24587,50.6 [44.9-56.2],2022-05-26T14:53:52+02:00
cpmt,ZMB,AFR,2007,WEALTHDECILE,WEALTHDECILE_WEALTHDECILE10,57.33245,52.59587,61.93826,57.3 [52.6-61.9],2022-05-26T12:38:26+02:00
cpmt,MWI,AFR,2006,WEALTHDECILE,WEALTHDECILE_WEALTHDECILE06,41.44301,38.5367,44.41013,41.4 [38.5-44.4],2022-05-26T12:17:47+02:00
cpmt,MOZ,AFR,2008,EDUCATIONLEVEL,EDUCATIONLEVEL_NHLM,11.97265,9.76601,14.59724,12.0 [9.8-14.6],2022-05-26T11:21:22+02:00
cpmt,TCD,AFR,2014,WEALTHDECILE,WEALTHDECILE_WEALTHDECILE01,4.64782,3.20059,6.70414,4.6 [3.2-6.7],2022-05-26T12:03:08+02:00
cpmt,ZMB,AFR,1996,DHSMICSGEOREGION,DHSMICSGEOREGION_ZMBDHS199604,10.88423,7.32095,15.88459,10.9 [7.3-15.9],2022-05-26T14:53:06+02:00
cpmt,MDG,AFR,2018,DHSMICSGEOREGION,DHSMICSGEOREGION_MDGMICS201806,46.79205,40.43223,53.25784,46.8 [40.4-53.3],2022-05-26T14:32:33+02:00
cpmt,ETH,AFR,2011,DHSMICSGEOREGION,DHSMICSGEOREGION_ETHDHS201106,27.02856,21.99937,32.7251,27.0 [22.0-32.7],2022-05-26T14:22:24+02:00
cpmt,SWZ,AFR,2010,RESIDENCEAREATYPE,RESIDENCEAREATYPE_RUR,62.50167,59.44607,65.46081,62.5 [59.4-65.5],2022-05-26T11:34:41+02:00
cpmt,ETH,AFR,2011,WEALTHDECILE,WEALTHDECILE_WEALTHDECILE04,23.95813,19.63445,28.89165,24.0 [19.6-28.9],2022-05-26T12:08:19+02:00
cpmt,COM,AFR,1996,RESIDENCEAREATYPE,RESIDENCEAREATYPE_URB,25.67237,21.28949,30.6067,25.7 [21.3-30.6],2022-05-26T11:33:50+02:00
cpmt,ETH,AFR,2011,WEALTHQUINTILE,WEALTHQUINTILE_WQ3,24.35049,20.77605,28.32007,24.4 [20.8-28.3],2022-05-26T12:51:37+02:00
cpmt,GIN,AFR,2005,WEALTHQUINTILE,WEALTHQUINTILE_WQ2,6.188,4.76847,7.99464,6.2 [4.8-8.0],2022-05-26T12:52:58+02:00
cpmt,GIN,AFR,1999,DHSMICSGEOREGION,DHSMICSGEOREGION_GINDHS199905,13.14879,10.24355,16.72447,13.1 [10.2-16.7],2022-05-26T14:24:33+02:00
cpmt,ETH,AFR,2019,WEALTHQUINTILE,WEALTHQUINTILE_WQ4,43.95121,38.72076,49.31957,44.0 [38.7-49.3],2022-05-26T12:51:43+02:00
cpmt,SEN,AFR,2017,DHSMICSGEOREGION,DHSMICSGEOREGION_SENDHS201708,21.22409,17.7727,25.1408,21.2 [17.8-25.1],2022-05-26T14:46:25+02:00
cpmt,AGO,AFR,2015,WEALTHQUINTILE,WEALTHQUINTILE_WQ1,1.32731,0.7826,2.24261,1.3 [0.8-2.2],2022-05-26T12:45:19+02:00
cpmt,TCD,AFR,2004,WEALTHQUINTILE,WEALTHQUINTILE_WQ4,11.15793,8.55323,14.43066,11.2 [8.6-14.4],2022-05-26T12:48:35+02:00
cpmt,LBR,AFR,2013,WEALTHQUINTILE,WEALTHQUINTILE_WQ1,13.50219,11.25969,16.11023,13.5 [11.3-16.1],2022-05-26T12:56:29+02:00
cpmt,BFA,AFR,2010,WEALTHDECILE,WEALTHDECILE_WEALTHDECILE01,6.59928,5.25264,8.26106,6.6 [5.3-8.3],2022-05-26T12:00:58+02:00
cpmt,MWI,AFR,2019,WEALTHDECILE,WEALTHDECILE_WEALTHDECILE01,65.44154,61.61359,69.07932,65.4 [61.6-69.1],2022-05-26T12:18:12+02:00
cpmt,LBR,AFR,2019,EDUCATIONLEVEL,EDUCATIONLEVEL_SHLM,29.91951,26.42319,33.66677,29.9 [26.4-33.7],2022-05-26T11:20:20+02:00
cpmt,MOZ,AFR,2015,WEALTHDECILE,WEALTHDECILE_WEALTHDECILE02,19.46572,15.19651,24.58656,19.5 [15.2-24.6],2022-05-26T12:20:44+02:00
cpmt,NGA,AFR,2011,DHSMICSGEOREGION,DHSMICSGEOREGION_NGAMICS201106,9.33767,6.95669,12.42474,9.3 [7.0-12.4],2022-05-26T14:37:37+02:00
cpmt,KEN,AFR,2003,AGEGROUP,AGEGROUP_YEARS20-49,40.97964,38.71078,43.28757,41.0 [38.7-43.3],2022-05-26T11:03:15+02:00
cpmt,SEN,AFR,2016,WEALTHDECILE,WEALTHDECILE_WEALTHDECILE08,33.21776,27.23917,39.79094,33.2 [27.2-39.8],2022-05-26T12:30:25+02:00
cpmt,TGO,AFR,2017,WEALTHDECILE,WEALTHDECILE_WEALTHDECILE05,20.39669,16.4394,25.02132,20.4 [16.4-25.0],2022-05-26T12:34:17+02:00
cpmt,NGA,AFR,2011,DHSMICSGEOREGION,DHSMICSGEOREGION_NGAMICS201109,19.55442,15.06063,24.99451,19.6 [15.1-25.0],2022-05-26T14:37:37+02:00
cpmt,MWI,AFR,2006,EDUCATIONLEVEL,EDUCATIONLEVEL_NHLM,36.5085,34.31198,38.76267,36.5 [34.3-38.8],2022-05-26T11:20:32+02:00
cpmt,NAM,AFR,2013,WEALTHDECILE,WEALTHDECILE_WEALTHDECILE06,58.51006,52.87345,63.93238,58.5 [52.9-63.9],2022-05-26T12:21:08+02:00
cpmt,DZA,AFR,2018,DHSMICSGEOREGION,DHSMICSGEOREGION_DZAMICS201802,52.04914,49.65677,54.43214,52.0 [49.7-54.4],2022-05-26T14:10:52+02:00
cpmt,SLE,AFR,2005,AGEGROUP,AGEGROUP_YEARS15-19,1.9762,0.97649,3.95849,2.0 [1.0-4.0],2022-05-26T11:06:21+02:00
cpmt,BFA,AFR,1998,WEALTHQUINTILE,WEALTHQUINTILE_WQ2,11.54552,8.43277,15.61136,11.5 [8.4-15.6],2022-05-26T12:47:26+02:00
cpmt,NAM,AFR,2013,RESIDENCEAREATYPE,RESIDENCEAREATYPE_URB,61.06021,58.12206,63.92018,61.1 [58.1-63.9],2022-05-26T11:37:35+02:00
cpmt,GNB,AFR,2018,WEALTHDECILE,WEALTHDECILE_WEALTHDECILE06,15.95383,12.73977,19.79482,16.0 [12.7-19.8],2022-05-26T12:11:25+02:00
cpmt,MLI,AFR,2001,WEALTHDECILE,WEALTHDECILE_WEALTHDECILE03,4.74784,3.4665,6.47106,4.7 [3.5-6.5],2022-05-26T12:18:38+02:00
cpmt,SEN,AFR,1997,WEALTHDECILE,WEALTHDECILE_WEALTHDECILE03,6.19147,4.32405,8.79128,6.2 [4.3-8.8],2022-05-26T12:29:44+02:00
cpmt,SEN,AFR,2015,DHSMICSGEOREGION,DHSMICSGEOREGION_SENDHS201508,22.35832,16.8931,28.97519,22.4 [16.9-29.0],2022-05-26T14:46:09+02:00
cpmt,GHA,AFR,2008,WEALTHDECILE,WEALTHDECILE_WEALTHDECILE01,12.10408,8.40112,17.13391,12.1 [8.4-17.1],2022-05-26T12:09:55+02:00
cpmt,TCD,AFR,2004,WEALTHDECILE,WEALTHDECILE_WEALTHDECILE10,18.32853,15.29269,21.81185,18.3 [15.3-21.8],2022-05-26T12:02:58+02:00
cpmt,ETH,AFR,2016,WEALTHQUINTILE,WEALTHQUINTILE_WQ5,49.43178,45.90182,52.96741,49.4 [45.9-53.0],2022-05-26T12:51:40+02:00
cpmt,SEN,AFR,2017,WEALTHDECILE,WEALTHDECILE_WEALTHDECILE05,24.37412,21.23761,27.8103,24.4 [21.2-27.8],2022-05-26T12:30:31+02:00
cpmt,MWI,AFR,2010,WEALTHDECILE,WEALTHDECILE_WEALTHDECILE07,46.29915,42.88769,49.74561,46.3 [42.9-49.7],2022-05-26T12:17:53+02:00
cpmt,GHA,AFR,2008,DHSMICSGEOREGION,DHSMICSGEOREGION_GHADHS200806,27.0381,22.82463,31.7098,27.0 [22.8-31.7],2022-05-26T14:23:49+02:00
cpmt,RWA,AFR,2019,AGEGROUP,AGEGROUP_YEARS15-19,52.71143,39.95121,65.12699,52.7 [40.0-65.1],2022-05-26T11:05:56+02:00
cpmt,COG,AFR,2014,WEALTHDECILE,WEALTHDECILE_WEALTHDECILE09,31.55372,25.43996,38.38043,31.6 [25.4-38.4],2022-05-26T12:04:06+02:00
cpmt,MLI,AFR,2015,DHSMICSGEOREGION,DHSMICSGEOREGION_MLIMICS201503,18.46781,15.21929,22.22791,18.5 [15.2-22.2],2022-05-26T14:33:44+02:00
cpmt,GHA,AFR,2008,WEALTHQUINTILE,WEALTHQUINTILE_WQ2,20.34252,16.66699,24.58941,20.3 [16.7-24.6],2022-05-26T12:52:27+02:00
cpmt,SEN,AFR,2019,DHSMICSGEOREGION,DHSMICSGEOREGION_SENDHS201914,23.96316,19.24916,29.41113,24.0 [19.2-29.4],2022-05-26T14:46:41+02:00
cpmt,ZMB,AFR,2001,WEALTHQUINTILE,WEALTHQUINTILE_WQ3,29.99361,27.14197,33.00912,30.0 [27.1-33.0],2022-05-26T13:07:33+02:00
cpmt,NGA,AFR,2008,WEALTHDECILE,WEALTHDECILE_WEALTHDECILE04,5.95134,4.73355,7.45791,6.0 [4.7-7.5],2022-05-26T12:23:06+02:00
cpmt,BFA,AFR,2003,RESIDENCEAREATYPE,RESIDENCEAREATYPE_RUR,10.11503,9.04694,11.29357,10.1 [9.0-11.3],2022-05-26T11:33:15+02:00
cpmt,MRT,AFR,2011,AGEGROUP,AGEGROUP_YEARS15-19,8.74776,6.68108,11.37579,8.7 [6.7-11.4],2022-05-26T11:04:06+02:00
cpmt,SSD,AFR,2010,AGEGROUP,AGEGROUP_YEARS15-19,2.34914,1.19108,4.58093,2.3 [1.2-4.6],2022-05-26T11:06:33+02:00
cpmt,GIN,AFR,2018,DHSMICSGEOREGION,DHSMICSGEOREGION_GINDHS201806,3.14217,1.99241,4.92209,3.1 [2.0-4.9],2022-05-26T14:24:50+02:00
cpmt,ETH,AFR,2005,DHSMICSGEOREGION,DHSMICSGEOREGION_ETHDHS200511,33.95305,26.79872,41.92348,34.0 [26.8-41.9],2022-05-26T14:22:18+02:00
cpmt,GIN,AFR,2005,DHSMICSGEOREGION,DHSMICSGEOREGION_GINDHS200505,6.03017,4.34205,8.31754,6.0 [4.3-8.3],2022-05-26T14:24:37+02:00
cpmt,CMR,AFR,2004,DHSMICSGEOREGION,DHSMICSGEOREGION_CMRDHS200410,33.10794,28.44192,38.13153,33.1 [28.4-38.1],2022-05-26T14:16:01+02:00
cpmt,CAF,AFR,1994,EDUCATIONLEVEL,EDUCATIONLEVEL_SHLM,34.12504,29.55661,39.00858,34.1 [29.6-39.0],2022-05-26T11:15:44+02:00
cpmt,BEN,AFR,1996,DHSMICSGEOREGION,DHSMICSGEOREGION_BENDHS199605,30.77649,27.00561,34.82272,30.8 [27.0-34.8],2022-05-26T14:12:59+02:00
cpmt,CMR,AFR,2004,DHSMICSGEOREGION,DHSMICSGEOREGION_CMRDHS200412,43.92523,40.15238,47.76964,43.9 [40.2-47.8],2022-05-26T14:16:01+02:00
cpmt,BEN,AFR,2017,WEALTHQUINTILE,WEALTHQUINTILE_WQ3,14.10778,12.47237,15.91863,14.1 [12.5-15.9],2022-05-26T12:46:59+02:00
cpmt,ZAF,AFR,2016,EDUCATIONLEVEL,EDUCATIONLEVEL_SHLM,56.9559,54.48329,59.39431,57.0 [54.5-59.4],2022-05-26T11:24:24+02:00
cpmt,BDI,AFR,2005,RESIDENCEAREATYPE,RESIDENCEAREATYPE_RUR,8.71965,7.67654,9.88931,8.7 [7.7-9.9],2022-05-26T11:33:18+02:00
cpmt,CIV,AFR,2011,WEALTHQUINTILE,WEALTHQUINTILE_WQ4,21.39218,17.97014,25.26516,21.4 [18.0-25.3],2022-05-26T12:49:54+02:00
cpmt,TZA,AFR,2015,WEALTHDECILE,WEALTHDECILE_WEALTHDECILE09,45.94675,41.83704,50.11234,45.9 [41.8-50.1],2022-05-26T12:36:59+02:00
cpmt,MLI,AFR,2018,WEALTHDECILE,WEALTHDECILE_WEALTHDECILE01,11.44827,8.26734,15.64437,11.4 [8.3-15.6],2022-05-26T12:19:09+02:00
cpmt,LSO,AFR,2014,DHSMICSGEOREGION,DHSMICSGEOREGION_LSODHS201404,62.53394,56.94345,67.80892,62.5 [56.9-67.8],2022-05-26T14:31:55+02:00
cpmt,ZMB,AFR,2018,WEALTHQUINTILE,WEALTHQUINTILE_WQ4,54.58664,51.7062,57.43672,54.6 [51.7-57.4],2022-05-26T13:07:43+02:00
cpmt,MWI,AFR,2006,WEALTHDECILE,WEALTHDECILE_WEALTHDECILE05,39.74187,36.85035,42.70684,39.7 [36.9-42.7],2022-05-26T12:17:47+02:00
cpmt,TZA,AFR,2010,DHSMICSGEOREGION,DHSMICSGEOREGION_TZADHS201008,40.54065,34.13951,47.2804,40.5 [34.1-47.3],2022-05-26T14:51:35+02:00
cpmt,UGA,AFR,2011,WEALTHQUINTILE,WEALTHQUINTILE_WQ2,23.20306,20.20545,26.4977,23.2 [20.2-26.5],2022-05-26T13:06:19+02:00
cpmt,SEN,AFR,2010,DHSMICSGEOREGION,DHSMICSGEOREGION_SENDHS201006,11.68172,9.30385,14.5697,11.7 [9.3-14.6],2022-05-26T14:45:44+02:00
cpmt,MLI,AFR,1995,WEALTHDECILE,WEALTHDECILE_WEALTHDECILE09,13.4801,10.7588,16.76044,13.5 [10.8-16.8],2022-05-26T12:18:32+02:00
cpmt,BFA,AFR,2006,EDUCATIONLEVEL,EDUCATIONLEVEL_SHLM,43.24096,29.64421,57.9384,43.2 [29.6-57.9],2022-05-26T11:15:07+02:00
cpmt,AGO,AFR,2015,EDUCATIONLEVEL,EDUCATIONLEVEL_NHLM,2.71369,1.77909,4.11866,2.7 [1.8-4.1],2022-05-26T11:13:47+02:00
cpmt,COD,AFR,2010,WEALTHDECILE,WEALTHDECILE_WEALTHDECILE09,30.79361,27.02364,34.83844,30.8 [27.0-34.8],2022-05-26T12:05:32+02:00
cpmt,TCD,AFR,2010,WEALTHQUINTILE,WEALTHQUINTILE_WQ3,3.38157,2.39092,4.76267,3.4 [2.4-4.8],2022-05-26T12:48:38+02:00
cpmt,CMR,AFR,2014,DHSMICSGEOREGION,DHSMICSGEOREGION_CMRMICS201412,37.29019,32.50531,42.33761,37.3 [32.5-42.3],2022-05-26T14:16:22+02:00
cpmt,LSO,AFR,2009,DHSMICSGEOREGION,DHSMICSGEOREGION_LSODHS200901,54.21953,49.70339,58.66737,54.2 [49.7-58.7],2022-05-26T14:31:50+02:00
cpmt,MDG,AFR,2003,WEALTHDECILE,WEALTHDECILE_WEALTHDECILE06,24.53382,18.55233,31.69337,24.5 [18.6-31.7],2022-05-26T12:17:18+02:00
cpmt,RWA,AFR,2005,WEALTHQUINTILE,WEALTHQUINTILE_WQ3,15.73348,13.49719,18.26206,15.7 [13.5-18.3],2022-05-26T13:02:31+02:00
cpmt,ETH,AFR,2005,DHSMICSGEOREGION,DHSMICSGEOREGION_ETHDHS200503,16.05628,13.66943,18.76928,16.1 [13.7-18.8],2022-05-26T14:22:18+02:00
cpmt,LSO,AFR,2004,EDUCATIONLEVEL,EDUCATIONLEVEL_PRLM,32.34919,29.95823,34.83607,32.3 [30.0-34.8],2022-05-26T11:20:09+02:00
cpmt,ZMB,AFR,2013,RESIDENCEAREATYPE,RESIDENCEAREATYPE_URB,56.63114,54.39525,58.84036,56.6 [54.4-58.8],2022-05-26T11:40:54+02:00
cpmt,BDI,AFR,2005,DHSMICSGEOREGION,DHSMICSGEOREGION_BDIMICS200501,13.8106,11.83138,16.06061,13.8 [11.8-16.1],2022-05-26T14:14:45+02:00
cpmt,MLI,AFR,2018,DHSMICSGEOREGION,DHSMICSGEOREGION_MLIDHS201805,9.02482,6.28823,12.78981,9.0 [6.3-12.8],2022-05-26T14:33:49+02:00
cpmt,ZMB,AFR,2001,RESIDENCEAREATYPE,RESIDENCEAREATYPE_RUR,27.88546,26.1599,29.67909,27.9 [26.2-29.7],2022-05-26T11:40:51+02:00
cpmt,NAM,AFR,2006,DHSMICSGEOREGION,DHSMICSGEOREGION_NAMDHS200608,38.0258,31.73997,44.74055,38.0 [31.7-44.7],2022-05-26T14:35:42+02:00
cpmt,MRT,AFR,2007,DHSMICSGEOREGION,DHSMICSGEOREGION_MRTMICS200701,2.72025,1.63547,4.49168,2.7 [1.6-4.5],2022-05-26T14:33:55+02:00
cpmt,NAM,AFR,2006,DHSMICSGEOREGION,DHSMICSGEOREGION_NAMDHS200601,43.75492,36.60529,51.17376,43.8 [36.6-51.2],2022-05-26T14:35:41+02:00
cpmt,BEN,AFR,2017,DHSMICSGEOREGION,DHSMICSGEOREGION_BENDHS201710,21.13195,18.16024,24.44471,21.1 [18.2-24.4],2022-05-26T14:13:29+02:00
cpmt,UGA,AFR,1995,WEALTHDECILE,WEALTHDECILE_WEALTHDECILE09,24.98069,20.46178,30.11966,25.0 [20.5-30.1],2022-05-26T12:35:40+02:00
cpmt,AGO,AFR,2015,DHSMICSGEOREGION,DHSMICSGEOREGION_AGODHS201510,5.72427,3.57262,9.05016,5.7 [3.6-9.1],2022-05-26T14:10:58+02:00
cpmt,CIV,AFR,2006,EDUCATIONLEVEL,EDUCATIONLEVEL_PRLM,17.91506,15.7291,20.33152,17.9 [15.7-20.3],2022-05-26T11:16:34+02:00
cpmt,COG,AFR,2014,WEALTHDECILE,WEALTHDECILE_WEALTHDECILE07,31.49982,25.86035,37.74305,31.5 [25.9-37.7],2022-05-26T12:04:06+02:00
cpmt,MWI,AFR,2015,WEALTHDECILE,WEALTHDECILE_WEALTHDECILE06,59.27275,55.99068,62.47411,59.3 [56.0-62.5],2022-05-26T12:18:05+02:00
cpmt,MLI,AFR,2001,DHSMICSGEOREGION,DHSMICSGEOREGION_MLIDHS200102,6.96907,5.3536,9.02553,7.0 [5.4-9.0],2022-05-26T14:33:23+02:00
cpmt,GMB,AFR,2010,DHSMICSGEOREGION,DHSMICSGEOREGION_GMBMICS201007,8.20247,6.58783,10.16977,8.2 [6.6-10.2],2022-05-26T14:22:55+02:00
cpmt,MDG,AFR,1997,DHSMICSGEOREGION,DHSMICSGEOREGION_MDGDHS199701,32.86419,28.90806,37.07934,32.9 [28.9-37.1],2022-05-26T14:32:12+02:00
cpmt,ETH,AFR,2019,WEALTHQUINTILE,WEALTHQUINTILE_WQ2,35.27518,29.82325,41.13949,35.3 [29.8-41.1],2022-05-26T12:51:43+02:00
cpmt,MOZ,AFR,1997,DHSMICSGEOREGION,DHSMICSGEOREGION_MOZDHS199707,2.1264,0.66051,6.62856,2.1 [0.7-6.6],2022-05-26T14:34:47+02:00
cpmt,LBR,AFR,2019,WEALTHQUINTILE,WEALTHQUINTILE_WQ4,30.74005,26.92265,34.84067,30.7 [26.9-34.8],2022-05-26T12:56:33+02:00
cpmt,RWA,AFR,2005,DHSMICSGEOREGION,DHSMICSGEOREGION_RWADHS200510,15.85638,12.54122,19.84899,15.9 [12.5-19.8],2022-05-26T14:45:09+02:00
cpmt,GNB,AFR,2018,WEALTHDECILE,WEALTHDECILE_WEALTHDECILE01,21.85582,18.37041,25.79356,21.9 [18.4-25.8],2022-05-26T12:11:25+02:00
cpmt,COD,AFR,2013,EDUCATIONLEVEL,EDUCATIONLEVEL_SHLM,30.21109,27.78737,32.75034,30.2 [27.8-32.8],2022-05-26T11:16:44+02:00
cpmt,RWA,AFR,2000,WEALTHDECILE,WEALTHDECILE_WEALTHDECILE10,33.04698,27.9221,38.60865,33.0 [27.9-38.6],2022-05-26T12:28:38+02:00
cpmt,MOZ,AFR,2015,DHSMICSGEOREGION,DHSMICSGEOREGION_MOZDHS201501,21.93298,16.52992,28.49912,21.9 [16.5-28.5],2022-05-26T14:35:15+02:00
cpmt,COD,AFR,2007,RESIDENCEAREATYPE,RESIDENCEAREATYPE_RUR,16.39282,13.73995,19.44245,16.4 [13.7-19.4],2022-05-26T11:34:11+02:00
cpmt,MOZ,AFR,2003,AGEGROUP,AGEGROUP_YEARS20-49,26.18057,24.66626,27.75358,26.2 [24.7-27.8],2022-05-26T11:04:21+02:00
cpmt,MRT,AFR,2007,AGEGROUP,AGEGROUP_YEARS20-49,9.69848,8.87373,10.59097,9.7 [8.9-10.6],2022-05-26T11:04:04+02:00
cpmt,NGA,AFR,2011,WEALTHDECILE,WEALTHDECILE_WEALTHDECILE03,9.31349,7.92485,10.9166,9.3 [7.9-10.9],2022-05-26T12:23:13+02:00
cpmt,MOZ,AFR,2015,WEALTHQUINTILE,WEALTHQUINTILE_WQ1,18.66543,14.82478,23.22971,18.7 [14.8-23.2],2022-05-26T12:58:35+02:00
cpmt,SEN,AFR,2015,DHSMICSGEOREGION,DHSMICSGEOREGION_SENDHS201514,16.54105,11.89321,22.54057,16.5 [11.9-22.5],2022-05-26T14:46:09+02:00
cpmt,NAM,AFR,2000,DHSMICSGEOREGION,DHSMICSGEOREGION_NAMDHS200010,16.67598,11.70831,23.19759,16.7 [11.7-23.2],2022-05-26T14:35:34+02:00
cpmt,GMB,AFR,2018,EDUCATIONLEVEL,EDUCATIONLEVEL_NHLM,14.56712,13.06861,16.20542,14.6 [13.1-16.2],2022-05-26T11:17:51+02:00
cpmt,KEN,AFR,1993,DHSMICSGEOREGION,DHSMICSGEOREGION_KENDHS199301,45.40816,37.64994,53.39597,45.4 [37.6-53.4],2022-05-26T14:30:35+02:00
cpmt,GMB,AFR,2010,WEALTHDECILE,WEALTHDECILE_WEALTHDECILE10,25.16506,20.53251,30.44242,25.2 [20.5-30.4],2022-05-26T12:08:55+02:00
cpmt,LBR,AFR,2013,WEALTHDECILE,WEALTHDECILE_WEALTHDECILE04,17.84307,14.43036,21.8567,17.8 [14.4-21.9],2022-05-26T12:17:01+02:00
cpmt,SEN,AFR,2014,DHSMICSGEOREGION,DHSMICSGEOREGION_SENDHS201403,7.86515,4.74199,12.76954,7.9 [4.7-12.8],2022-05-26T14:46:00+02:00
cpmt,CIV,AFR,2016,WEALTHDECILE,WEALTHDECILE_WEALTHDECILE02,9.56073,7.46067,12.17416,9.6 [7.5-12.2],2022-05-26T12:05:21+02:00
cpmt,BEN,AFR,2017,DHSMICSGEOREGION,DHSMICSGEOREGION_BENDHS201711,6.50279,4.75841,8.82738,6.5 [4.8-8.8],2022-05-26T14:13:29+02:00
cpmt,ETH,AFR,2016,WEALTHQUINTILE,WEALTHQUINTILE_WQ2,31.11484,26.86179,35.71247,31.1 [26.9-35.7],2022-05-26T12:51:40+02:00
cpmt,GAB,AFR,2000,WEALTHDECILE,WEALTHDECILE_WEALTHDECILE08,37.67072,31.84655,43.87433,37.7 [31.8-43.9],2022-05-26T12:08:37+02:00
cpmt,MLI,AFR,1995,DHSMICSGEOREGION,DHSMICSGEOREGION_MLIDHS199508,23.36114,19.75425,27.40173,23.4 [19.8-27.4],2022-05-26T14:33:18+02:00
cpmt,MOZ,AFR,1997,WEALTHDECILE,WEALTHDECILE_WEALTHDECILE03,2.00277,0.92555,4.27959,2.0 [0.9-4.3],2022-05-26T12:20:20+02:00
cpmt,CMR,AFR,2018,DHSMICSGEOREGION,DHSMICSGEOREGION_CMRDHS201804,41.97177,32.59473,51.96669,42.0 [32.6-52.0],2022-05-26T14:16:29+02:00
cpmt,TGO,AFR,1998,AGEGROUP,AGEGROUP_YEARS20-49,23.99228,22.60973,25.43159,24.0 [22.6-25.4],2022-05-26T11:06:53+02:00
cpmt,CIV,AFR,2011,WEALTHDECILE,WEALTHDECILE_WEALTHDECILE10,29.98545,25.19863,35.25305,30.0 [25.2-35.3],2022-05-26T12:05:15+02:00
cpmt,UGA,AFR,2016,WEALTHQUINTILE,WEALTHQUINTILE_WQ1,24.49498,22.2647,26.87145,24.5 [22.3-26.9],2022-05-26T13:06:22+02:00
cpmt,TZA,AFR,2004,WEALTHQUINTILE,WEALTHQUINTILE_WQ5,45.20125,41.07747,49.392,45.2 [41.1-49.4],2022-05-26T13:06:44+02:00
cpmt,STP,AFR,2014,WEALTHQUINTILE,WEALTHQUINTILE_WQ1,36.81305,31.24084,42.76105,36.8 [31.2-42.8],2022-05-26T13:02:53+02:00
cpmt,MLI,AFR,2012,DHSMICSGEOREGION,DHSMICSGEOREGION_MLIDHS201205,3.14174,2.0349,4.82101,3.1 [2.0-4.8],2022-05-26T14:33:40+02:00
cpmt,GHA,AFR,2003,WEALTHDECILE,WEALTHDECILE_WEALTHDECILE08,32.02296,25.81596,38.93898,32.0 [25.8-38.9],2022-05-26T12:09:44+02:00
cpmt,TZA,AFR,1996,AGEGROUP,AGEGROUP_YEARS20-49,19.30873,17.79477,20.91871,19.3 [17.8-20.9],2022-05-26T11:07:32+02:00
cpmt,CMR,AFR,2006,DHSMICSGEOREGION,DHSMICSGEOREGION_CMRMICS200611,24.84102,19.96294,30.45748,24.8 [20.0-30.5],2022-05-26T14:16:08+02:00
cpmt,ETH,AFR,2005,WEALTHDECILE,WEALTHDECILE_WEALTHDECILE05,10.55698,8.24858,13.41692,10.6 [8.2-13.4],2022-05-26T12:08:14+02:00
cpmt,NGA,AFR,2013,DHSMICSGEOREGION,DHSMICSGEOREGION_NGADHS201305,28.05893,25.37036,30.91438,28.1 [25.4-30.9],2022-05-26T14:37:53+02:00
cpmt,ETH,AFR,2005,DHSMICSGEOREGION,DHSMICSGEOREGION_ETHDHS200508,15.94383,11.52825,21.63706,15.9 [11.5-21.6],2022-05-26T14:22:18+02:00
cpmt,UGA,AFR,1995,DHSMICSGEOREGION,DHSMICSGEOREGION_UGADHS199501,24.96316,21.48968,28.79217,25.0 [21.5-28.8],2022-05-26T14:50:00+02:00
cpmt,CMR,AFR,2011,DHSMICSGEOREGION,DHSMICSGEOREGION_CMRDHS201106,29.68911,23.55569,36.65379,29.7 [23.6-36.7],2022-05-26T14:16:15+02:00
cpmt,NAM,AFR,2000,WEALTHDECILE,WEALTHDECILE_WEALTHDECILE04,22.28332,13.9169,33.70978,22.3 [13.9-33.7],2022-05-26T12:20:56+02:00
cpmt,COD,AFR,2010,WEALTHDECILE,WEALTHDECILE_WEALTHDECILE05,12.44659,9.58787,16.00676,12.4 [9.6-16.0],2022-05-26T12:05:32+02:00
cpmt,UGA,AFR,2011,DHSMICSGEOREGION,DHSMICSGEOREGION_UGADHS201109,32.6942,27.72347,38.08653,32.7 [27.7-38.1],2022-05-26T14:50:11+02:00
cpmt,SEN,AFR,2016,DHSMICSGEOREGION,DHSMICSGEOREGION_SENDHS201614,21.81722,14.62208,31.25672,21.8 [14.6-31.3],2022-05-26T14:46:17+02:00
cpmt,UGA,AFR,1995,WEALTHDECILE,WEALTHDECILE_WEALTHDECILE07,13.96979,10.98046,17.61192,14.0 [11.0-17.6],2022-05-26T12:35:40+02:00
cpmt,NGA,AFR,1999,DHSMICSGEOREGION,DHSMICSGEOREGION_NGADHS199904,26.20498,23.22562,29.42007,26.2 [23.2-29.4],2022-05-26T14:37:02+02:00
cpmt,AGO,AFR,2015,DHSMICSGEOREGION,DHSMICSGEOREGION_AGODHS201517,4.38908,2.21505,8.51117,4.4 [2.2-8.5],2022-05-26T14:10:58+02:00
cpmt,GHA,AFR,2006,DHSMICSGEOREGION,DHSMICSGEOREGION_GHAMICS200604,13.42061,9.68239,18.30949,13.4 [9.7-18.3],2022-05-26T14:23:43+02:00
cpmt,GHA,AFR,2008,DHSMICSGEOREGION,DHSMICSGEOREGION_GHADHS200802,22.92144,16.31614,31.20369,22.9 [16.3-31.2],2022-05-26T14:23:49+02:00
cpmt,CAF,AFR,2006,DHSMICSGEOREGION,DHSMICSGEOREGION_CAFMICS200605,26.99908,22.64158,31.84994,27.0 [22.6-31.8],2022-05-26T14:16:40+02:00
cpmt,MWI,AFR,2004,WEALTHQUINTILE,WEALTHQUINTILE_WQ5,40.60903,37.86767,43.41018,40.6 [37.9-43.4],2022-05-26T12:56:52+02:00
cpmt,TCD,AFR,1996,DHSMICSGEOREGION,DHSMICSGEOREGION_TCDDHS199612,4.06441,2.18604,7.43413,4.1 [2.2-7.4],2022-05-26T14:17:05+02:00
cpmt,TGO,AFR,2006,DHSMICSGEOREGION,DHSMICSGEOREGION_TGOMICS200602,22.71115,19.96559,25.71297,22.7 [20.0-25.7],2022-05-26T14:48:55+02:00
cpmt,ETH,AFR,2005,DHSMICSGEOREGION,DHSMICSGEOREGION_ETHDHS200501,16.48158,13.66008,19.75255,16.5 [13.7-19.8],2022-05-26T14:22:18+02:00
cpmt,MOZ,AFR,2015,WEALTHQUINTILE,WEALTHQUINTILE_WQ4,32.07339,28.81239,35.51932,32.1 [28.8-35.5],2022-05-26T12:58:35+02:00
cpmt,STP,AFR,2014,WEALTHDECILE,WEALTHDECILE_WEALTHDECILE08,46.09917,35.06515,57.52916,46.1 [35.1-57.5],2022-05-26T12:29:30+02:00
cpmt,MWI,AFR,2013,DHSMICSGEOREGION,DHSMICSGEOREGION_MWIMICS201305,48.51114,44.05727,52.98878,48.5 [44.1-53.0],2022-05-26T14:32:54+02:00
cpmt,MDG,AFR,2018,WEALTHDECILE,WEALTHDECILE_WEALTHDECILE09,51.56569,46.9855,56.11974,51.6 [47.0-56.1],2022-05-26T12:17:29+02:00
cpmt,UGA,AFR,2006,DHSMICSGEOREGION,DHSMICSGEOREGION_UGADHS200609,26.80101,20.96031,33.57784,26.8 [21.0-33.6],2022-05-26T14:50:06+02:00
cpmt,ZWE,AFR,2009,WEALTHDECILE,WEALTHDECILE_WEALTHDECILE03,61.70211,57.67233,65.57722,61.7 [57.7-65.6],2022-05-26T12:39:04+02:00
cpmt,MLI,AFR,2018,DHSMICSGEOREGION,DHSMICSGEOREGION_MLIDHS201803,20.02898,16.61028,23.94924,20.0 [16.6-23.9],2022-05-26T14:33:49+02:00
cpmt,CIV,AFR,2011,DHSMICSGEOREGION,DHSMICSGEOREGION_CIVDHS201103,15.3796,11.34948,20.50971,15.4 [11.3-20.5],2022-05-26T14:19:10+02:00
cpmt,COG,AFR,2005,WEALTHDECILE,WEALTHDECILE_WEALTHDECILE10,45.70502,38.68606,52.89878,45.7 [38.7-52.9],2022-05-26T12:03:54+02:00
cpmt,NGA,AFR,2016,DHSMICSGEOREGION,DHSMICSGEOREGION_NGAMICS201617,1.32264,0.42916,4.00155,1.3 [0.4-4.0],2022-05-26T14:38:02+02:00
cpmt,MWI,AFR,2013,DHSMICSGEOREGION,DHSMICSGEOREGION_MWIMICS201307,63.60536,58.99607,67.97776,63.6 [59.0-68.0],2022-05-26T14:32:54+02:00
cpmt,GHA,AFR,2003,DHSMICSGEOREGION,DHSMICSGEOREGION_GHADHS200307,32.95632,27.82879,38.52431,33.0 [27.8-38.5],2022-05-26T14:23:38+02:00
cpmt,TCD,AFR,2010,WEALTHDECILE,WEALTHDECILE_WEALTHDECILE05,3.40812,2.12469,5.42386,3.4 [2.1-5.4],2022-05-26T12:03:03+02:00
cpmt,CIV,AFR,2011,WEALTHDECILE,WEALTHDECILE_WEALTHDECILE03,14.74459,11.30974,18.99915,14.7 [11.3-19.0],2022-05-26T12:05:15+02:00
cpmt,COD,AFR,2010,WEALTHQUINTILE,WEALTHQUINTILE_WQ4,16.59363,12.6405,21.47908,16.6 [12.6-21.5],2022-05-26T12:50:04+02:00
cpmt,MWI,AFR,2015,WEALTHDECILE,WEALTHDECILE_WEALTHDECILE05,60.08885,56.86665,63.22601,60.1 [56.9-63.2],2022-05-26T12:18:05+02:00
cpmt,NGA,AFR,2011,DHSMICSGEOREGION,DHSMICSGEOREGION_NGAMICS201125,12.1898,8.73494,16.7602,12.2 [8.7-16.8],2022-05-26T14:37:37+02:00
cpmt,LSO,AFR,2004,WEALTHQUINTILE,WEALTHQUINTILE_WQ5,54.49839,50.00077,58.92379,54.5 [50.0-58.9],2022-05-26T12:56:13+02:00
cpmt,COG,AFR,2005,AGEGROUP,AGEGROUP_YEARS15-19,37.20539,30.70414,44.20506,37.2 [30.7-44.2],2022-05-26T11:00:45+02:00
cpmt,ETH,AFR,2000,EDUCATIONLEVEL,EDUCATIONLEVEL_SHLM,44.75184,40.11531,49.48147,44.8 [40.1-49.5],2022-05-26T11:17:32+02:00
cpmt,ZAF,AFR,2016,DHSMICSGEOREGION,DHSMICSGEOREGION_ZAFDHS201608,59.02325,52.38917,65.34442,59.0 [52.4-65.3],2022-05-26T14:47:19+02:00
cpmt,GHA,AFR,2008,EDUCATIONLEVEL,EDUCATIONLEVEL_PRLM,26.64149,22.88892,30.76384,26.6 [22.9-30.8],2022-05-26T11:18:06+02:00
cpmt,GMB,AFR,2018,AGEGROUP,AGEGROUP_YEARS15-19,5.72854,3.17653,10.11662,5.7 [3.2-10.1],2022-05-26T11:01:51+02:00
cpmt,DZA,AFR,2018,WEALTHQUINTILE,WEALTHQUINTILE_WQ4,55.17488,53.15029,57.18246,55.2 [53.2-57.2],2022-05-26T12:45:15+02:00
cpmt,MWI,AFR,2010,WEALTHDECILE,WEALTHDECILE_WEALTHDECILE10,55.70513,52.03286,59.31609,55.7 [52.0-59.3],2022-05-26T12:17:53+02:00
cpmt,SEN,AFR,2012,RESIDENCEAREATYPE,RESIDENCEAREATYPE_URB,29.32644,25.37752,33.61305,29.3 [25.4-33.6],2022-05-26T11:39:14+02:00
cpmt,TCD,AFR,2010,DHSMICSGEOREGION,DHSMICSGEOREGION_TCDMICS201008,2.2635,1.29139,3.9382,2.3 [1.3-3.9],2022-05-26T14:17:20+02:00
cpmt,GMB,AFR,2013,WEALTHDECILE,WEALTHDECILE_WEALTHDECILE04,4.92895,3.08864,7.77778,4.9 [3.1-7.8],2022-05-26T12:09:01+02:00
cpmt,SSD,AFR,2010,WEALTHQUINTILE,WEALTHQUINTILE_WQ1,3.79918,2.66161,5.39599,3.8 [2.7-5.4],2022-05-26T13:04:16+02:00
cpmt,BFA,AFR,1998,WEALTHDECILE,WEALTHDECILE_WEALTHDECILE07,5.87234,4.02934,8.48381,5.9 [4.0-8.5],2022-05-26T12:00:35+02:00
cpmt,TGO,AFR,1998,DHSMICSGEOREGION,DHSMICSGEOREGION_TGODHS199806,25.36141,20.44051,31.00529,25.4 [20.4-31.0],2022-05-26T14:48:52+02:00
cpmt,COD,AFR,2010,DHSMICSGEOREGION,DHSMICSGEOREGION_CODMICS201007,21.37097,16.12367,27.76077,21.4 [16.1-27.8],2022-05-26T14:19:29+02:00
cpmt,CAF,AFR,2018,WEALTHDECILE,WEALTHDECILE_WEALTHDECILE10,35.77208,32.04606,39.67836,35.8 [32.0-39.7],2022-05-26T12:02:47+02:00
cpmt,UGA,AFR,2000,WEALTHQUINTILE,WEALTHQUINTILE_WQ3,17.21537,14.75498,19.98982,17.2 [14.8-20.0],2022-05-26T13:06:12+02:00
cpmt,MLI,AFR,2012,WEALTHQUINTILE,WEALTHQUINTILE_WQ3,5.99167,4.66006,7.67317,6.0 [4.7-7.7],2022-05-26T12:57:32+02:00
cpmt,TZA,AFR,1996,DHSMICSGEOREGION,DHSMICSGEOREGION_TZADHS199610,22.68371,16.70072,30.03719,22.7 [16.7-30.0],2022-05-26T14:50:53+02:00
cpmt,TCD,AFR,2019,DHSMICSGEOREGION,DHSMICSGEOREGION_TCDMICS201908,9.76708,7.01495,13.44284,9.8 [7.0-13.4],2022-05-26T14:17:44+02:00
cpmt,SLE,AFR,2005,WEALTHDECILE,WEALTHDECILE_WEALTHDECILE05,2.06622,1.18109,3.59057,2.1 [1.2-3.6],2022-05-26T12:31:18+02:00
cpmt,UGA,AFR,2006,DHSMICSGEOREGION,DHSMICSGEOREGION_UGADHS200603,47.57315,42.35411,52.84574,47.6 [42.4-52.8],2022-05-26T14:50:06+02:00
cpmt,TCD,AFR,2004,RESIDENCEAREATYPE,RESIDENCEAREATYPE_RUR,10.32561,8.51516,12.46854,10.3 [8.5-12.5],2022-05-26T11:33:40+02:00
cpmt,NER,AFR,2006,WEALTHQUINTILE,WEALTHQUINTILE_WQ1,10.91888,8.92011,13.30012,10.9 [8.9-13.3],2022-05-26T12:59:35+02:00
cpmt,SEN,AFR,2019,WEALTHDECILE,WEALTHDECILE_WEALTHDECILE10,33.49731,25.9352,42.0136,33.5 [25.9-42.0],2022-05-26T12:30:46+02:00
cpmt,SEN,AFR,2010,WEALTHDECILE,WEALTHDECILE_WEALTHDECILE07,15.13903,12.26629,18.54237,15.1 [12.3-18.5],2022-05-26T12:29:57+02:00
cpmt,MWI,AFR,2015,WEALTHDECILE,WEALTHDECILE_WEALTHDECILE03,58.24431,55.3143,61.11725,58.2 [55.3-61.1],2022-05-26T12:18:05+02:00
cpmt,COG,AFR,2011,WEALTHDECILE,WEALTHDECILE_WEALTHDECILE06,45.39537,39.24189,51.69283,45.4 [39.2-51.7],2022-05-26T12:04:00+02:00
cpmt,LBR,AFR,2019,EDUCATIONLEVEL,EDUCATIONLEVEL_PRLM,25.06292,21.91423,28.4989,25.1 [21.9-28.5],2022-05-26T11:20:20+02:00
cpmt,MWI,AFR,2013,WEALTHDECILE,WEALTHDECILE_WEALTHDECILE03,57.64493,54.2654,60.9544,57.6 [54.3-61.0],2022-05-26T12:17:59+02:00
cpmt,RWA,AFR,2005,WEALTHDECILE,WEALTHDECILE_WEALTHDECILE01,10.47335,8.29107,13.14767,10.5 [8.3-13.1],2022-05-26T12:28:45+02:00
cpmt,COM,AFR,1996,WEALTHDECILE,WEALTHDECILE_WEALTHDECILE03,21.26437,16.34108,27.18889,21.3 [16.3-27.2],2022-05-26T12:03:44+02:00
cpmt,BDI,AFR,2010,WEALTHDECILE,WEALTHDECILE_WEALTHDECILE07,22.93985,18.72157,27.78367,22.9 [18.7-27.8],2022-05-26T12:01:12+02:00
cpmt,GAB,AFR,2012,EDUCATIONLEVEL,EDUCATIONLEVEL_SHLM,36.32779,33.52398,39.22772,36.3 [33.5-39.2],2022-05-26T11:17:44+02:00
cpmt,CAF,AFR,2006,WEALTHDECILE,WEALTHDECILE_WEALTHDECILE07,22.30153,18.20718,27.01253,22.3 [18.2-27.0],2022-05-26T12:02:37+02:00
cpmt,ETH,AFR,2011,DHSMICSGEOREGION,DHSMICSGEOREGION_ETHDHS201102,9.50321,6.59263,13.51287,9.5 [6.6-13.5],2022-05-26T14:22:24+02:00
cpmt,NAM,AFR,2013,WEALTHDECILE,WEALTHDECILE_WEALTHDECILE07,56.49364,49.96297,62.80648,56.5 [50.0-62.8],2022-05-26T12:21:08+02:00
cpmt,MLI,AFR,2006,EDUCATIONLEVEL,EDUCATIONLEVEL_PRLM,14.13123,11.64809,17.04162,14.1 [11.6-17.0],2022-05-26T11:20:47+02:00
cpmt,GIN,AFR,1999,EDUCATIONLEVEL,EDUCATIONLEVEL_NHLM,4.03362,3.3662,4.82677,4.0 [3.4-4.8],2022-05-26T11:18:22+02:00
cpmt,COD,AFR,2013,DHSMICSGEOREGION,DHSMICSGEOREGION_CODDHS201302,25.97746,20.59783,32.19246,26.0 [20.6-32.2],2022-05-26T14:19:36+02:00
cpmt,BDI,AFR,2016,WEALTHDECILE,WEALTHDECILE_WEALTHDECILE10,37.80128,34.59338,41.11964,37.8 [34.6-41.1],2022-05-26T12:01:18+02:00
cpmt,ETH,AFR,2005,WEALTHDECILE,WEALTHDECILE_WEALTHDECILE02,4.64084,3.13241,6.82451,4.6 [3.1-6.8],2022-05-26T12:08:14+02:00
cpmt,SSD,AFR,2010,DHSMICSGEOREGION,DHSMICSGEOREGION_SSDMICS201005,6.78245,4.42843,10.25356,6.8 [4.4-10.3],2022-05-26T14:47:24+02:00
cpmt,TCD,AFR,2004,DHSMICSGEOREGION,DHSMICSGEOREGION_TCDDHS200401,13.19699,10.40629,16.59745,13.2 [10.4-16.6],2022-05-26T14:17:13+02:00
cpmt,SEN,AFR,2015,DHSMICSGEOREGION,DHSMICSGEOREGION_SENDHS201507,32.03233,26.82948,37.72396,32.0 [26.8-37.7],2022-05-26T14:46:09+02:00
cpmt,CMR,AFR,2014,EDUCATIONLEVEL,EDUCATIONLEVEL_NHLM,14.90498,11.64425,18.88366,14.9 [11.6-18.9],2022-05-26T11:15:40+02:00
cpmt,MLI,AFR,2012,WEALTHQUINTILE,WEALTHQUINTILE_WQ5,23.99976,21.63977,26.52999,24.0 [21.6-26.5],2022-05-26T12:57:32+02:00
cpmt,ZWE,AFR,2005,DHSMICSGEOREGION,DHSMICSGEOREGION_ZWEDHS200505,45.6773,37.56238,54.02834,45.7 [37.6-54.0],2022-05-26T14:53:46+02:00
cpmt,ETH,AFR,2005,EDUCATIONLEVEL,EDUCATIONLEVEL_PRLM,23.39007,19.92883,27.24788,23.4 [19.9-27.2],2022-05-26T11:17:34+02:00
cpmt,BEN,AFR,2017,EDUCATIONLEVEL,EDUCATIONLEVEL_PRLM,18.4858,16.50335,20.64751,18.5 [16.5-20.6],2022-05-26T11:14:47+02:00
cpmt,ZWE,AFR,2015,WEALTHDECILE,WEALTHDECILE_WEALTHDECILE09,71.73843,67.88623,75.2967,71.7 [67.9-75.3],2022-05-26T12:39:22+02:00
cpmt,GHA,AFR,2006,WEALTHQUINTILE,WEALTHQUINTILE_WQ3,15.83657,12.84302,19.37279,15.8 [12.8-19.4],2022-05-26T12:52:23+02:00
cpmt,LSO,AFR,2009,WEALTHDECILE,WEALTHDECILE_WEALTHDECILE06,49.56913,43.97422,55.17485,49.6 [44.0-55.2],2022-05-26T12:16:38+02:00
cpmt,TCD,AFR,1996,EDUCATIONLEVEL,EDUCATIONLEVEL_NHLM,2.74971,2.17892,3.46472,2.7 [2.2-3.5],2022-05-26T11:15:51+02:00
cpmt,ZMB,AFR,2013,DHSMICSGEOREGION,DHSMICSGEOREGION_ZMBDHS201310,33.11848,26.78382,40.13017,33.1 [26.8-40.1],2022-05-26T14:53:22+02:00
cpmt,ETH,AFR,2000,DHSMICSGEOREGION,DHSMICSGEOREGION_ETHDHS200004,6.62426,5.4541,8.02418,6.6 [5.5-8.0],2022-05-26T14:22:12+02:00
cpmt,NER,AFR,2012,DHSMICSGEOREGION,DHSMICSGEOREGION_NERDHS201208,33.86244,29.65706,38.33913,33.9 [29.7-38.3],2022-05-26T14:36:58+02:00
cpmt,TGO,AFR,2017,WEALTHQUINTILE,WEALTHQUINTILE_WQ4,28.38202,24.49281,32.62198,28.4 [24.5-32.6],2022-05-26T13:05:23+02:00
cpmt,MWI,AFR,2013,DHSMICSGEOREGION,DHSMICSGEOREGION_MWIMICS201324,61.97803,56.97784,66.73635,62.0 [57.0-66.7],2022-05-26T14:32:54+02:00
cpmt,LSO,AFR,2018,AGEGROUP,AGEGROUP_YEARS20-49,66.00317,63.91276,68.03305,66.0 [63.9-68.0],2022-05-26T11:03:34+02:00
cpmt,MDG,AFR,2003,WEALTHDECILE,WEALTHDECILE_WEALTHDECILE03,11.79654,7.02194,19.14902,11.8 [7.0-19.1],2022-05-26T12:17:18+02:00
cpmt,ZWE,AFR,1994,DHSMICSGEOREGION,DHSMICSGEOREGION_ZWEDHS199409,61.55989,56.6253,66.26751,61.6 [56.6-66.3],2022-05-26T14:53:34+02:00
cpmt,CPV,AFR,1998,EDUCATIONLEVEL,EDUCATIONLEVEL_PRLM,55.29663,52.14922,58.40216,55.3 [52.1-58.4],2022-05-26T11:15:17+02:00
cpmt,TCD,AFR,2019,WEALTHDECILE,WEALTHDECILE_WEALTHDECILE05,7.72825,5.98588,9.92424,7.7 [6.0-9.9],2022-05-26T12:03:13+02:00
cpmt,COM,AFR,1996,WEALTHQUINTILE,WEALTHQUINTILE_WQ3,18.56287,14.76838,23.06844,18.6 [14.8-23.1],2022-05-26T12:49:04+02:00
cpmt,RWA,AFR,2005,EDUCATIONLEVEL,EDUCATIONLEVEL_NHLM,10.82907,9.3929,12.45466,10.8 [9.4-12.5],2022-05-26T11:23:30+02:00
cpmt,NAM,AFR,2006,EDUCATIONLEVEL,EDUCATIONLEVEL_NHLM,33.68859,28.63736,39.14209,33.7 [28.6-39.1],2022-05-26T11:21:31+02:00
cpmt,BEN,AFR,2006,WEALTHDECILE,WEALTHDECILE_WEALTHDECILE08,21.07693,18.63166,23.74946,21.1 [18.6-23.7],2022-05-26T11:59:22+02:00
cpmt,TGO,AFR,2017,WEALTHDECILE,WEALTHDECILE_WEALTHDECILE02,18.13782,13.19662,24.4089,18.1 [13.2-24.4],2022-05-26T12:34:17+02:00
cpmt,RWA,AFR,2005,WEALTHDECILE,WEALTHDECILE_WEALTHDECILE10,43.4974,38.49384,48.63703,43.5 [38.5-48.6],2022-05-26T12:28:45+02:00
cpmt,SEN,AFR,2012,WEALTHQUINTILE,WEALTHQUINTILE_WQ2,9.73747,7.8371,12.03846,9.7 [7.8-12.0],2022-05-26T13:03:10+02:00
cpmt,CPV,AFR,1998,DHSMICSGEOREGION,DHSMICSGEOREGION_CPVRHS199803,31.35445,25.86049,37.42639,31.4 [25.9-37.4],2022-05-26T14:15:03+02:00
cpmt,KEN,AFR,2014,WEALTHDECILE,WEALTHDECILE_WEALTHDECILE10,61.64566,57.96932,65.19352,61.6 [58.0-65.2],2022-05-26T12:15:35+02:00
cpmt,MLI,AFR,2009,DHSMICSGEOREGION,DHSMICSGEOREGION_MLIMICS200904,12.68946,10.38338,15.41959,12.7 [10.4-15.4],2022-05-26T14:33:35+02:00
cpmt,BEN,AFR,2014,RESIDENCEAREATYPE,RESIDENCEAREATYPE_RUR,15.49079,14.00808,17.09922,15.5 [14.0-17.1],2022-05-26T11:33:02+02:00
cpmt,CAF,AFR,2006,DHSMICSGEOREGION,DHSMICSGEOREGION_CAFMICS200601,24.43715,20.54709,28.79676,24.4 [20.5-28.8],2022-05-26T14:16:40+02:00
cpmt,COD,AFR,2013,WEALTHDECILE,WEALTHDECILE_WEALTHDECILE07,22.29503,18.33522,26.82908,22.3 [18.3-26.8],2022-05-26T12:05:38+02:00
cpmt,COM,AFR,2012,WEALTHDECILE,WEALTHDECILE_WEALTHDECILE09,23.81486,18.74267,29.75703,23.8 [18.7-29.8],2022-05-26T12:03:49+02:00
cpmt,UGA,AFR,2011,RESIDENCEAREATYPE,RESIDENCEAREATYPE_URB,45.8093,42.04915,49.61781,45.8 [42.0-49.6],2022-05-26T11:40:23+02:00
cpmt,COD,AFR,2010,WEALTHQUINTILE,WEALTHQUINTILE_WQ3,12.58386,10.29506,15.29475,12.6 [10.3-15.3],2022-05-26T12:50:04+02:00
cpmt,ZMB,AFR,2001,DHSMICSGEOREGION,DHSMICSGEOREGION_ZMBDHS200103,29.4686,25.7752,33.45271,29.5 [25.8-33.5],2022-05-26T14:53:11+02:00
cpmt,MOZ,AFR,1997,WEALTHQUINTILE,WEALTHQUINTILE_WQ2,2.08394,1.04397,4.1168,2.1 [1.0-4.1],2022-05-26T12:58:21+02:00
cpmt,SEN,AFR,2016,DHSMICSGEOREGION,DHSMICSGEOREGION_SENDHS201609,29.38996,24.76519,34.48254,29.4 [24.8-34.5],2022-05-26T14:46:17+02:00
cpmt,RWA,AFR,2000,DHSMICSGEOREGION,DHSMICSGEOREGION_RWADHS200006,14.92147,11.20361,19.60074,14.9 [11.2-19.6],2022-05-26T14:45:02+02:00
cpmt,MDG,AFR,2003,DHSMICSGEOREGION,DHSMICSGEOREGION_MDGDHS200304,15.42883,10.20028,22.66115,15.4 [10.2-22.7],2022-05-26T14:32:15+02:00
cpmt,UGA,AFR,1995,WEALTHDECILE,WEALTHDECILE_WEALTHDECILE06,9.20063,6.5424,12.79112,9.2 [6.5-12.8],2022-05-26T12:35:40+02:00
cpmt,COD,AFR,2017,DHSMICSGEOREGION,DHSMICSGEOREGION_CODMICS201713,12.47795,8.20867,18.51968,12.5 [8.2-18.5],2022-05-26T14:19:46+02:00
cpmt,KEN,AFR,1993,WEALTHDECILE,WEALTHDECILE_WEALTHDECILE06,33.13284,29.0745,37.45848,33.1 [29.1-37.5],2022-05-26T12:15:11+02:00
cpmt,TCD,AFR,2010,WEALTHQUINTILE,WEALTHQUINTILE_WQ5,8.50421,7.02289,10.2635,8.5 [7.0-10.3],2022-05-26T12:48:38+02:00
cpmt,SLE,AFR,2005,EDUCATIONLEVEL,EDUCATIONLEVEL_PRLM,7.79026,5.61726,10.70849,7.8 [5.6-10.7],2022-05-26T11:24:11+02:00
cpmt,BEN,AFR,2014,WEALTHDECILE,WEALTHDECILE_WEALTHDECILE05,15.25209,12.58142,18.37053,15.3 [12.6-18.4],2022-05-26T11:59:34+02:00
cpmt,COD,AFR,2013,WEALTHQUINTILE,WEALTHQUINTILE_WQ5,36.1859,32.75335,39.76547,36.2 [32.8-39.8],2022-05-26T12:50:07+02:00
cpmt,ETH,AFR,2000,DHSMICSGEOREGION,DHSMICSGEOREGION_ETHDHS200003,7.48135,5.56835,9.98209,7.5 [5.6-10.0],2022-05-26T14:22:12+02:00
cpmt,ZWE,AFR,2015,AGEGROUP,AGEGROUP_YEARS20-49,68.34094,66.61507,70.01775,68.3 [66.6-70.0],2022-05-26T11:08:07+02:00
cpmt,COD,AFR,2007,WEALTHDECILE,WEALTHDECILE_WEALTHDECILE06,17.26576,12.99225,22.58014,17.3 [13.0-22.6],2022-05-26T12:05:26+02:00
cpmt,TGO,AFR,2006,WEALTHDECILE,WEALTHDECILE_WEALTHDECILE08,16.79163,12.68375,21.89629,16.8 [12.7-21.9],2022-05-26T12:33:57+02:00
cpmt,LSO,AFR,2004,DHSMICSGEOREGION,DHSMICSGEOREGION_LSODHS200403,34.18131,28.98452,39.78783,34.2 [29.0-39.8],2022-05-26T14:31:44+02:00
cpmt,SWZ,AFR,2014,WEALTHDECILE,WEALTHDECILE_WEALTHDECILE07,61.28274,51.16338,70.51373,61.3 [51.2-70.5],2022-05-26T12:08:02+02:00
cpmt,GMB,AFR,2010,AGEGROUP,AGEGROUP_YEARS15-19,4.27455,2.98059,6.09495,4.3 [3.0-6.1],2022-05-26T11:01:49+02:00
cpmt,SEN,AFR,2016,AGEGROUP,AGEGROUP_YEARS20-49,26.79998,24.8654,28.82732,26.8 [24.9-28.8],2022-05-26T11:06:11+02:00
cpmt,DZA,AFR,2012,WEALTHDECILE,WEALTHDECILE_WEALTHDECILE07,57.52094,54.44868,60.53617,57.5 [54.4-60.5],2022-05-26T11:56:15+02:00
cpmt,CIV,AFR,1994,WEALTHDECILE,WEALTHDECILE_WEALTHDECILE10,38.28791,34.16373,42.58789,38.3 [34.2-42.6],2022-05-26T12:04:57+02:00
cpmt,TGO,AFR,1998,WEALTHDECILE,WEALTHDECILE_WEALTHDECILE01,19.96267,16.93842,23.37491,20.0 [16.9-23.4],2022-05-26T12:33:51+02:00
cpmt,GHA,AFR,2014,EDUCATIONLEVEL,EDUCATIONLEVEL_SHLM,30.1129,27.3901,32.98342,30.1 [27.4-33.0],2022-05-26T11:18:10+02:00
cpmt,ETH,AFR,2011,DHSMICSGEOREGION,DHSMICSGEOREGION_ETHDHS201111,33.89056,28.04007,40.27848,33.9 [28.0-40.3],2022-05-26T14:22:24+02:00
cpmt,ZWE,AFR,1999,RESIDENCEAREATYPE,RESIDENCEAREATYPE_URB,63.05507,59.75631,66.23622,63.1 [59.8-66.2],2022-05-26T11:40:58+02:00
cpmt,GHA,AFR,1998,DHSMICSGEOREGION,DHSMICSGEOREGION_GHADHS199810,8.97406,6.32081,12.59135,9.0 [6.3-12.6],2022-05-26T14:23:32+02:00
cpmt,GHA,AFR,2006,WEALTHDECILE,WEALTHDECILE_WEALTHDECILE07,20.35609,15.48334,26.28541,20.4 [15.5-26.3],2022-05-26T12:09:49+02:00
cpmt,NGA,AFR,2007,DHSMICSGEOREGION,DHSMICSGEOREGION_NGAMICS200707,7.59219,4.65761,12.14031,7.6 [4.7-12.1],2022-05-26T14:37:13+02:00
cpmt,LBR,AFR,2019,DHSMICSGEOREGION,DHSMICSGEOREGION_LBRDHS201901,26.91568,22.17946,32.24424,26.9 [22.2-32.2],2022-05-26T14:32:09+02:00
cpmt,KEN,AFR,2003,DHSMICSGEOREGION,DHSMICSGEOREGION_KENDHS200306,34.38342,29.95718,39.09859,34.4 [30.0-39.1],2022-05-26T14:30:43+02:00
cpmt,ZWE,AFR,2014,WEALTHQUINTILE,WEALTHQUINTILE_WQ1,62.53202,59.79244,65.1936,62.5 [59.8-65.2],2022-05-26T13:08:03+02:00
cpmt,MWI,AFR,2006,DHSMICSGEOREGION,DHSMICSGEOREGION_MWIMICS200603,38.83355,37.19662,40.49608,38.8 [37.2-40.5],2022-05-26T14:32:46+02:00
cpmt,MWI,AFR,2006,WEALTHDECILE,WEALTHDECILE_WEALTHDECILE09,45.13322,41.85598,48.45322,45.1 [41.9-48.5],2022-05-26T12:17:47+02:00
cpmt,DZA,AFR,2018,WEALTHQUINTILE,WEALTHQUINTILE_WQ1,53.00528,50.60126,55.39544,53.0 [50.6-55.4],2022-05-26T12:45:15+02:00
cpmt,CAF,AFR,2018,EDUCATIONLEVEL,EDUCATIONLEVEL_SHLM,32.32851,30.00519,34.74244,32.3 [30.0-34.7],2022-05-26T11:15:49+02:00
cpmt,LBR,AFR,2019,RESIDENCEAREATYPE,RESIDENCEAREATYPE_RUR,26.15367,24.07648,28.34318,26.2 [24.1-28.3],2022-05-26T11:36:41+02:00
cpmt,DZA,AFR,2012,WEALTHQUINTILE,WEALTHQUINTILE_WQ3,56.17098,53.9171,58.39967,56.2 [53.9-58.4],2022-05-26T12:45:12+02:00
cpmt,TCD,AFR,2010,DHSMICSGEOREGION,DHSMICSGEOREGION_TCDMICS201010,7.94009,4.36272,14.02079,7.9 [4.4-14.0],2022-05-26T14:17:20+02:00
cpmt,TZA,AFR,1996,DHSMICSGEOREGION,DHSMICSGEOREGION_TZADHS199607,35.38136,29.63932,41.57844,35.4 [29.6-41.6],2022-05-26T14:50:53+02:00
cpmt,GMB,AFR,2013,WEALTHDECILE,WEALTHDECILE_WEALTHDECILE10,17.11264,12.92376,22.31135,17.1 [12.9-22.3],2022-05-26T12:09:01+02:00
cpmt,MDG,AFR,2018,WEALTHQUINTILE,WEALTHQUINTILE_WQ2,41.18514,38.40642,44.02122,41.2 [38.4-44.0],2022-05-26T12:56:46+02:00
cpmt,BEN,AFR,2014,DHSMICSGEOREGION,DHSMICSGEOREGION_BENMICS201410,21.04077,17.13193,25.56629,21.0 [17.1-25.6],2022-05-26T14:13:21+02:00
cpmt,CIV,AFR,1998,DHSMICSGEOREGION,DHSMICSGEOREGION_CIVDHS199803,10.22222,7.71063,13.43283,10.2 [7.7-13.4],2022-05-26T14:19:00+02:00
cpmt,SEN,AFR,2019,WEALTHQUINTILE,WEALTHQUINTILE_WQ5,33.64129,29.69113,37.83419,33.6 [29.7-37.8],2022-05-26T13:03:29+02:00
cpmt,MRT,AFR,2011,WEALTHDECILE,WEALTHDECILE_WEALTHDECILE08,21.41563,18.26426,24.94482,21.4 [18.3-24.9],2022-05-26T12:19:21+02:00
cpmt,NER,AFR,2006,DHSMICSGEOREGION,DHSMICSGEOREGION_NERDHS200605,8.87157,6.82817,11.45133,8.9 [6.8-11.5],2022-05-26T14:36:53+02:00
cpmt,TZA,AFR,1999,WEALTHQUINTILE,WEALTHQUINTILE_WQ3,24.29379,19.46421,29.87715,24.3 [19.5-29.9],2022-05-26T13:06:41+02:00
cpmt,SEN,AFR,2005,WEALTHQUINTILE,WEALTHQUINTILE_WQ1,3.65652,2.81824,4.732,3.7 [2.8-4.7],2022-05-26T13:03:03+02:00
cpmt,GMB,AFR,2019,WEALTHDECILE,WEALTHDECILE_WEALTHDECILE03,19.56235,15.91948,23.80283,19.6 [15.9-23.8],2022-05-26T12:09:14+02:00
cpmt,STP,AFR,2019,WEALTHDECILE,WEALTHDECILE_WEALTHDECILE09,44.27044,35.64812,53.25246,44.3 [35.6-53.3],2022-05-26T12:29:37+02:00
cpmt,GNB,AFR,2014,WEALTHQUINTILE,WEALTHQUINTILE_WQ3,11.53732,9.47744,13.97579,11.5 [9.5-14.0],2022-05-26T12:53:14+02:00
cpmt,AGO,AFR,2015,WEALTHDECILE,WEALTHDECILE_WEALTHDECILE03,1.63234,0.78636,3.35763,1.6 [0.8-3.4],2022-05-26T11:56:27+02:00
cpmt,GMB,AFR,2019,EDUCATIONLEVEL,EDUCATIONLEVEL_PRLM,17.60177,15.16762,20.33293,17.6 [15.2-20.3],2022-05-26T11:17:53+02:00
cpmt,RWA,AFR,2014,WEALTHDECILE,WEALTHDECILE_WEALTHDECILE02,51.83704,47.67392,55.9748,51.8 [47.7-56.0],2022-05-26T12:28:57+02:00
cpmt,UGA,AFR,2000,DHSMICSGEOREGION,DHSMICSGEOREGION_UGADHS200003,20.97178,17.32912,25.14723,21.0 [17.3-25.1],2022-05-26T14:50:03+02:00
cpmt,MWI,AFR,2010,WEALTHDECILE,WEALTHDECILE_WEALTHDECILE08,50.26847,46.64844,53.88568,50.3 [46.6-53.9],2022-05-26T12:17:53+02:00
cpmt,NGA,AFR,2018,WEALTHDECILE,WEALTHDECILE_WEALTHDECILE09,31.75996,29.68879,33.90595,31.8 [29.7-33.9],2022-05-26T12:23:34+02:00
cpmt,BDI,AFR,2016,WEALTHQUINTILE,WEALTHQUINTILE_WQ1,25.60077,23.04383,28.33696,25.6 [23.0-28.3],2022-05-26T12:47:44+02:00
cpmt,SLE,AFR,2005,DHSMICSGEOREGION,DHSMICSGEOREGION_SLEMICS200501,3.89572,2.48426,6.05928,3.9 [2.5-6.1],2022-05-26T14:46:56+02:00
cpmt,ZWE,AFR,2009,WEALTHDECILE,WEALTHDECILE_WEALTHDECILE01,53.73989,49.55002,57.8776,53.7 [49.6-57.9],2022-05-26T12:39:04+02:00
cpmt,AGO,AFR,2015,DHSMICSGEOREGION,DHSMICSGEOREGION_AGODHS201512,4.39664,2.37677,7.99254,4.4 [2.4-8.0],2022-05-26T14:10:58+02:00
cpmt,TGO,AFR,2017,WEALTHQUINTILE,WEALTHQUINTILE_WQ5,29.73769,26.11464,33.63457,29.7 [26.1-33.6],2022-05-26T13:05:23+02:00
cpmt,GAB,AFR,2012,WEALTHDECILE,WEALTHDECILE_WEALTHDECILE05,29.92078,22.65894,38.35573,29.9 [22.7-38.4],2022-05-26T12:08:43+02:00
cpmt,LBR,AFR,2019,WEALTHDECILE,WEALTHDECILE_WEALTHDECILE04,26.71091,21.81726,32.24945,26.7 [21.8-32.2],2022-05-26T12:17:06+02:00
cpmt,MRT,AFR,2007,WEALTHQUINTILE,WEALTHQUINTILE_WQ3,7.5119,6.20826,9.06283,7.5 [6.2-9.1],2022-05-26T12:57:42+02:00
cpmt,SEN,AFR,2005,DHSMICSGEOREGION,DHSMICSGEOREGION_SENDHS200509,6.29981,4.53408,8.69059,6.3 [4.5-8.7],2022-05-26T14:45:37+02:00
cpmt,LBR,AFR,2013,WEALTHDECILE,WEALTHDECILE_WEALTHDECILE06,27.36546,21.93632,33.56062,27.4 [21.9-33.6],2022-05-26T12:17:01+02:00
cpmt,BFA,AFR,2003,WEALTHDECILE,WEALTHDECILE_WEALTHDECILE01,8.26546,6.55841,10.36754,8.3 [6.6-10.4],2022-05-26T12:00:44+02:00
cpmt,SEN,AFR,2018,AGEGROUP,AGEGROUP_YEARS15-19,9.34054,7.0053,12.35083,9.3 [7.0-12.4],2022-05-26T11:06:14+02:00
cpmt,TZA,AFR,1996,DHSMICSGEOREGION,DHSMICSGEOREGION_TZADHS199606,33.33333,27.61734,39.58538,33.3 [27.6-39.6],2022-05-26T14:50:53+02:00
cpmt,CMR,AFR,2018,WEALTHDECILE,WEALTHDECILE_WEALTHDECILE10,35.25863,30.6314,40.17999,35.3 [30.6-40.2],2022-05-26T12:02:26+02:00
cpmt,ZMB,AFR,2018,DHSMICSGEOREGION,DHSMICSGEOREGION_ZMBDHS201806,58.02714,53.28819,62.62254,58.0 [53.3-62.6],2022-05-26T14:53:28+02:00
cpmt,KEN,AFR,1993,AGEGROUP,AGEGROUP_YEARS15-19,10.25014,6.75985,15.24786,10.3 [6.8-15.2],2022-05-26T11:03:12+02:00
cpmt,NGA,AFR,2007,DHSMICSGEOREGION,DHSMICSGEOREGION_NGAMICS200730,34.13897,27.71499,41.20321,34.1 [27.7-41.2],2022-05-26T14:37:13+02:00
cpmt,UGA,AFR,2011,EDUCATIONLEVEL,EDUCATIONLEVEL_SHLM,44.18643,40.94187,47.4814,44.2 [40.9-47.5],2022-05-26T11:25:31+02:00
cpmt,TGO,AFR,2006,RESIDENCEAREATYPE,RESIDENCEAREATYPE_URB,17.49694,15.45255,19.74863,17.5 [15.5-19.7],2022-05-26T11:39:58+02:00
cpmt,NGA,AFR,2008,DHSMICSGEOREGION,DHSMICSGEOREGION_NGADHS200803,2.75307,2.00699,3.76584,2.8 [2.0-3.8],2022-05-26T14:37:29+02:00
cpmt,CAF,AFR,2010,DHSMICSGEOREGION,DHSMICSGEOREGION_CAFMICS201003,5.14388,3.1712,8.23927,5.1 [3.2-8.2],2022-05-26T14:16:50+02:00
cpmt,NGA,AFR,2013,EDUCATIONLEVEL,EDUCATIONLEVEL_NHLM,2.67385,2.29273,3.11629,2.7 [2.3-3.1],2022-05-26T11:22:11+02:00
cpmt,DZA,AFR,2012,WEALTHDECILE,WEALTHDECILE_WEALTHDECILE02,58.64576,55.47505,61.74636,58.6 [55.5-61.7],2022-05-26T11:56:15+02:00
cpmt,ETH,AFR,2011,RESIDENCEAREATYPE,RESIDENCEAREATYPE_RUR,23.40555,20.99386,26.0031,23.4 [21.0-26.0],2022-05-26T11:34:46+02:00
cpmt,SEN,AFR,2005,EDUCATIONLEVEL,EDUCATIONLEVEL_PRLM,20.18461,17.92331,22.65247,20.2 [17.9-22.7],2022-05-26T11:23:48+02:00
cpmt,GIN,AFR,1999,DHSMICSGEOREGION,DHSMICSGEOREGION_GINDHS199904,6.50566,5.06275,8.32376,6.5 [5.1-8.3],2022-05-26T14:24:33+02:00
cpmt,MOZ,AFR,2011,WEALTHDECILE,WEALTHDECILE_WEALTHDECILE08,16.79631,14.35,19.5644,16.8 [14.4-19.6],2022-05-26T12:20:38+02:00
cpmt,ETH,AFR,2016,WEALTHQUINTILE,WEALTHQUINTILE_WQ3,37.17844,32.91835,41.64755,37.2 [32.9-41.6],2022-05-26T12:51:40+02:00
cpmt,SLE,AFR,2008,WEALTHDECILE,WEALTHDECILE_WEALTHDECILE04,3.10591,1.79794,5.31391,3.1 [1.8-5.3],2022-05-26T12:31:24+02:00
cpmt,ZWE,AFR,2005,DHSMICSGEOREGION,DHSMICSGEOREGION_ZWEDHS200510,67.01544,61.1101,72.42864,67.0 [61.1-72.4],2022-05-26T14:53:46+02:00
cpmt,NGA,AFR,2018,WEALTHDECILE,WEALTHDECILE_WEALTHDECILE06,16.71181,15.01908,18.55367,16.7 [15.0-18.6],2022-05-26T12:23:34+02:00
cpmt,DZA,AFR,2012,WEALTHDECILE,WEALTHDECILE_WEALTHDECILE06,55.80312,52.55828,58.99916,55.8 [52.6-59.0],2022-05-26T11:56:15+02:00
cpmt,GHA,AFR,2011,RESIDENCEAREATYPE,RESIDENCEAREATYPE_URB,36.92704,34.15722,39.78576,36.9 [34.2-39.8],2022-05-26T11:35:07+02:00
cpmt,COD,AFR,2007,DHSMICSGEOREGION,DHSMICSGEOREGION_CODDHS200709,19.9408,15.1919,25.7239,19.9 [15.2-25.7],2022-05-26T14:19:23+02:00
cpmt,SEN,AFR,2019,WEALTHQUINTILE,WEALTHQUINTILE_WQ3,28.84084,24.83976,33.2017,28.8 [24.8-33.2],2022-05-26T13:03:29+02:00
cpmt,ZWE,AFR,1999,AGEGROUP,AGEGROUP_YEARS20-49,54.62825,52.41993,56.81852,54.6 [52.4-56.8],2022-05-26T11:08:01+02:00
cpmt,TZA,AFR,2010,DHSMICSGEOREGION,DHSMICSGEOREGION_TZADHS201016,25.17672,19.94903,31.23973,25.2 [19.9-31.2],2022-05-26T14:51:35+02:00
cpmt,BFA,AFR,2006,DHSMICSGEOREGION,DHSMICSGEOREGION_BFAMICS200613,4.56021,2.09993,9.61975,4.6 [2.1-9.6],2022-05-26T14:14:29+02:00
cpmt,GNB,AFR,2006,WEALTHDECILE,WEALTHDECILE_WEALTHDECILE02,5.41861,3.6419,7.99022,5.4 [3.6-8.0],2022-05-26T12:11:13+02:00
cpmt,ZMB,AFR,2007,WEALTHQUINTILE,WEALTHQUINTILE_WQ4,44.322,40.5368,48.1743,44.3 [40.5-48.2],2022-05-26T13:07:37+02:00
cpmt,GMB,AFR,2013,DHSMICSGEOREGION,DHSMICSGEOREGION_GMBDHS201307,5.83708,3.88689,8.67739,5.8 [3.9-8.7],2022-05-26T14:23:01+02:00
cpmt,BEN,AFR,1996,WEALTHQUINTILE,WEALTHQUINTILE_WQ2,12.71869,9.72498,16.46588,12.7 [9.7-16.5],2022-05-26T12:46:45+02:00
cpmt,RWA,AFR,2010,AGEGROUP,AGEGROUP_YEARS15-19,32.87677,23.24883,44.19593,32.9 [23.2-44.2],2022-05-26T11:05:53+02:00
cpmt,CMR,AFR,2014,WEALTHDECILE,WEALTHDECILE_WEALTHDECILE07,42.28513,37.43219,47.29167,42.3 [37.4-47.3],2022-05-26T12:02:21+02:00
cpmt,BFA,AFR,1998,WEALTHQUINTILE,WEALTHQUINTILE_WQ5,24.66409,21.43884,28.20038,24.7 [21.4-28.2],2022-05-26T12:47:26+02:00
cpmt,SEN,AFR,2014,WEALTHDECILE,WEALTHDECILE_WEALTHDECILE10,34.99485,27.47547,43.34228,35.0 [27.5-43.3],2022-05-26T12:30:11+02:00
cpmt,CMR,AFR,1998,DHSMICSGEOREGION,DHSMICSGEOREGION_CMRDHS199804,29.13735,23.88995,35.0072,29.1 [23.9-35.0],2022-05-26T14:15:57+02:00
cpmt,MOZ,AFR,2011,RESIDENCEAREATYPE,RESIDENCEAREATYPE_URB,21.64983,19.76633,23.65989,21.6 [19.8-23.7],2022-05-26T11:37:29+02:00
cpmt,ZWE,AFR,2015,DHSMICSGEOREGION,DHSMICSGEOREGION_ZWEDHS201501,58.72588,52.31567,64.85329,58.7 [52.3-64.9],2022-05-26T14:54:10+02:00
cpmt,MOZ,AFR,2003,WEALTHQUINTILE,WEALTHQUINTILE_WQ5,42.02737,38.69245,45.4367,42.0 [38.7-45.4],2022-05-26T12:58:25+02:00
cpmt,BEN,AFR,2017,WEALTHDECILE,WEALTHDECILE_WEALTHDECILE01,9.95915,7.98677,12.35323,10.0 [8.0-12.4],2022-05-26T11:59:40+02:00
cpmt,CIV,AFR,2006,DHSMICSGEOREGION,DHSMICSGEOREGION_CIVMICS200610,9.26763,5.40904,15.42978,9.3 [5.4-15.4],2022-05-26T14:19:03+02:00
cpmt,GMB,AFR,2013,WEALTHDECILE,WEALTHDECILE_WEALTHDECILE06,5.75041,3.62796,8.99861,5.8 [3.6-9.0],2022-05-26T12:09:01+02:00
cpmt,NGA,AFR,2011,DHSMICSGEOREGION,DHSMICSGEOREGION_NGAMICS201117,0.95637,0.32252,2.80093,1.0 [0.3-2.8],2022-05-26T14:37:37+02:00
cpmt,BEN,AFR,2017,EDUCATIONLEVEL,EDUCATIONLEVEL_NHLM,13.14681,12.15044,14.21167,13.1 [12.2-14.2],2022-05-26T11:14:47+02:00
cpmt,LBR,AFR,2013,WEALTHDECILE,WEALTHDECILE_WEALTHDECILE01,11.41685,9.20832,14.07296,11.4 [9.2-14.1],2022-05-26T12:17:01+02:00
cpmt,LBR,AFR,2019,DHSMICSGEOREGION,DHSMICSGEOREGION_LBRDHS201905,22.05715,18.58483,25.97129,22.1 [18.6-26.0],2022-05-26T14:32:09+02:00
cpmt,NGA,AFR,2011,WEALTHQUINTILE,WEALTHQUINTILE_WQ2,10.63207,9.38804,12.01908,10.6 [9.4-12.0],2022-05-26T12:59:54+02:00
cpmt,NGA,AFR,2018,RESIDENCEAREATYPE,RESIDENCEAREATYPE_RUR,10.02869,9.25316,10.86145,10.0 [9.3-10.9],2022-05-26T11:38:06+02:00
cpmt,GIN,AFR,2018,WEALTHDECILE,WEALTHDECILE_WEALTHDECILE04,10.09384,7.23883,13.90607,10.1 [7.2-13.9],2022-05-26T12:11:08+02:00
cpmt,NAM,AFR,2013,WEALTHQUINTILE,WEALTHQUINTILE_WQ1,43.73704,39.10517,48.48075,43.7 [39.1-48.5],2022-05-26T12:58:49+02:00
cpmt,CMR,AFR,1998,AGEGROUP,AGEGROUP_YEARS15-19,15.41242,11.53876,20.28826,15.4 [11.5-20.3],2022-05-26T11:00:16+02:00
cpmt,NGA,AFR,2008,WEALTHDECILE,WEALTHDECILE_WEALTHDECILE07,17.78274,15.83366,19.91498,17.8 [15.8-19.9],2022-05-26T12:23:06+02:00
cpmt,SEN,AFR,2017,WEALTHDECILE,WEALTHDECILE_WEALTHDECILE07,33.05063,29.39091,36.92773,33.1 [29.4-36.9],2022-05-26T12:30:31+02:00
cpmt,DZA,AFR,2012,RESIDENCEAREATYPE,RESIDENCEAREATYPE_RUR,56.1425,54.23411,58.03288,56.1 [54.2-58.0],2022-05-26T11:32:20+02:00
cpmt,SLE,AFR,2017,AGEGROUP,AGEGROUP_YEARS15-19,15.49946,12.4634,19.1136,15.5 [12.5-19.1],2022-05-26T11:06:26+02:00
cpmt,TZA,AFR,2010,DHSMICSGEOREGION,DHSMICSGEOREGION_TZADHS201014,24.5289,17.81685,32.76154,24.5 [17.8-32.8],2022-05-26T14:51:35+02:00
cpmt,NGA,AFR,2007,DHSMICSGEOREGION,DHSMICSGEOREGION_NGAMICS200734,2.33813,1.21429,4.45519,2.3 [1.2-4.5],2022-05-26T14:37:13+02:00
cpmt,GNB,AFR,2018,WEALTHDECILE,WEALTHDECILE_WEALTHDECILE03,18.99008,15.52661,23.01565,19.0 [15.5-23.0],2022-05-26T12:11:25+02:00
cpmt,SEN,AFR,2014,DHSMICSGEOREGION,DHSMICSGEOREGION_SENDHS201408,13.32161,8.1038,21.12668,13.3 [8.1-21.1],2022-05-26T14:46:00+02:00
cpmt,CAF,AFR,2006,WEALTHDECILE,WEALTHDECILE_WEALTHDECILE05,16.62453,12.86576,21.21407,16.6 [12.9-21.2],2022-05-26T12:02:37+02:00
cpmt,TZA,AFR,2015,DHSMICSGEOREGION,DHSMICSGEOREGION_TZADHS201525,14.88639,10.44428,20.77943,14.9 [10.4-20.8],2022-05-26T14:51:51+02:00
cpmt,BFA,AFR,2006,WEALTHDECILE,WEALTHDECILE_WEALTHDECILE01,7.71986,5.41033,10.90163,7.7 [5.4-10.9],2022-05-26T12:00:51+02:00
cpmt,SSD,AFR,2010,WEALTHQUINTILE,WEALTHQUINTILE_WQ5,6.99669,5.65023,8.63465,7.0 [5.7-8.6],2022-05-26T13:04:16+02:00
cpmt,ZWE,AFR,2015,DHSMICSGEOREGION,DHSMICSGEOREGION_ZWEDHS201506,59.79388,54.23572,65.11124,59.8 [54.2-65.1],2022-05-26T14:54:10+02:00
cpmt,ZWE,AFR,2010,WEALTHDECILE,WEALTHDECILE_WEALTHDECILE10,66.68501,61.86758,71.17738,66.7 [61.9-71.2],2022-05-26T12:39:10+02:00
cpmt,TZA,AFR,1999,DHSMICSGEOREGION,DHSMICSGEOREGION_TZADHS199901,28.48098,18.98413,40.3618,28.5 [19.0-40.4],2022-05-26T14:51:06+02:00
cpmt,BEN,AFR,2006,RESIDENCEAREATYPE,RESIDENCEAREATYPE_RUR,12.79152,11.74046,13.92183,12.8 [11.7-13.9],2022-05-26T11:33:00+02:00
cpmt,BFA,AFR,2010,WEALTHQUINTILE,WEALTHQUINTILE_WQ5,37.38683,34.59931,40.26067,37.4 [34.6-40.3],2022-05-26T12:47:35+02:00
cpmt,GMB,AFR,2019,WEALTHQUINTILE,WEALTHQUINTILE_WQ1,17.53944,15.37924,19.93161,17.5 [15.4-19.9],2022-05-26T12:52:05+02:00
cpmt,LSO,AFR,2009,WEALTHDECILE,WEALTHDECILE_WEALTHDECILE05,44.0406,38.5142,49.71875,44.0 [38.5-49.7],2022-05-26T12:16:38+02:00
cpmt,BEN,AFR,2011,WEALTHDECILE,WEALTHDECILE_WEALTHDECILE08,14.4219,11.96686,17.28173,14.4 [12.0-17.3],2022-05-26T11:59:28+02:00
cpmt,TZA,AFR,2004,DHSMICSGEOREGION,DHSMICSGEOREGION_TZADHS200418,15.68029,10.75777,22.29258,15.7 [10.8-22.3],2022-05-26T14:51:19+02:00
cpmt,COG,AFR,2005,WEALTHDECILE,WEALTHDECILE_WEALTHDECILE05,47.74249,41.98809,53.55743,47.7 [42.0-53.6],2022-05-26T12:03:54+02:00
cpmt,TCD,AFR,2004,WEALTHQUINTILE,WEALTHQUINTILE_WQ2,7.88086,5.49205,11.18573,7.9 [5.5-11.2],2022-05-26T12:48:35+02:00
cpmt,GHA,AFR,2011,WEALTHDECILE,WEALTHDECILE_WEALTHDECILE01,20.07201,17.50809,22.90713,20.1 [17.5-22.9],2022-05-26T12:10:01+02:00
cpmt,RWA,AFR,2010,WEALTHQUINTILE,WEALTHQUINTILE_WQ2,47.42067,44.53141,50.32731,47.4 [44.5-50.3],2022-05-26T13:02:34+02:00
cpmt,CIV,AFR,2011,WEALTHQUINTILE,WEALTHQUINTILE_WQ5,27.99725,24.32535,31.98912,28.0 [24.3-32.0],2022-05-26T12:49:54+02:00
cpmt,CAF,AFR,2010,WEALTHDECILE,WEALTHDECILE_WEALTHDECILE04,7.67045,5.88551,9.93956,7.7 [5.9-9.9],2022-05-26T12:02:42+02:00
cpmt,ETH,AFR,2016,WEALTHQUINTILE,WEALTHQUINTILE_WQ1,19.58551,16.61073,22.94644,19.6 [16.6-22.9],2022-05-26T12:51:40+02:00
cpmt,KEN,AFR,2014,DHSMICSGEOREGION,DHSMICSGEOREGION_KENDHS201404,72.77168,70.24508,75.15961,72.8 [70.2-75.2],2022-05-26T14:30:52+02:00
cpmt,MWI,AFR,2000,WEALTHQUINTILE,WEALTHQUINTILE_WQ1,24.95284,22.78725,27.25161,25.0 [22.8-27.3],2022-05-26T12:56:49+02:00
cpmt,ZMB,AFR,2013,WEALTHDECILE,WEALTHDECILE_WEALTHDECILE10,60.41059,55.77132,64.86977,60.4 [55.8-64.9],2022-05-26T12:38:32+02:00
cpmt,GIN,AFR,2018,WEALTHDECILE,WEALTHDECILE_WEALTHDECILE02,4.63758,3.20638,6.66363,4.6 [3.2-6.7],2022-05-26T12:11:08+02:00
cpmt,CIV,AFR,1998,RESIDENCEAREATYPE,RESIDENCEAREATYPE_URB,24.17387,21.05348,27.59507,24.2 [21.1-27.6],2022-05-26T11:34:06+02:00
cpmt,BEN,AFR,2017,WEALTHDECILE,WEALTHDECILE_WEALTHDECILE06,14.71385,12.5629,17.16081,14.7 [12.6-17.2],2022-05-26T11:59:40+02:00
cpmt,ZMB,AFR,1996,WEALTHQUINTILE,WEALTHQUINTILE_WQ2,22.2615,18.9986,25.90557,22.3 [19.0-25.9],2022-05-26T13:07:30+02:00
cpmt,BFA,AFR,2010,DHSMICSGEOREGION,DHSMICSGEOREGION_BFADHS201002,19.07233,15.77863,22.8669,19.1 [15.8-22.9],2022-05-26T14:14:37+02:00
cpmt,TGO,AFR,2013,DHSMICSGEOREGION,DHSMICSGEOREGION_TGODHS201301,22.76361,20.33678,25.38774,22.8 [20.3-25.4],2022-05-26T14:49:02+02:00
cpmt,BDI,AFR,2016,DHSMICSGEOREGION,DHSMICSGEOREGION_BDIDHS201610,15.86776,12.2983,20.2342,15.9 [12.3-20.2],2022-05-26T14:14:53+02:00
cpmt,MRT,AFR,2007,WEALTHDECILE,WEALTHDECILE_WEALTHDECILE02,1.43152,0.77727,2.62192,1.4 [0.8-2.6],2022-05-26T12:19:15+02:00
cpmt,KEN,AFR,1993,WEALTHDECILE,WEALTHDECILE_WEALTHDECILE09,45.87718,40.17457,51.68985,45.9 [40.2-51.7],2022-05-26T12:15:11+02:00
cpmt,GHA,AFR,2011,EDUCATIONLEVEL,EDUCATIONLEVEL_PRLM,34.42702,30.82856,38.21347,34.4 [30.8-38.2],2022-05-26T11:18:08+02:00
cpmt,BDI,AFR,2010,WEALTHQUINTILE,WEALTHQUINTILE_WQ1,17.32987,14.93933,20.01295,17.3 [14.9-20.0],2022-05-26T12:47:41+02:00
cpmt,KEN,AFR,2008,DHSMICSGEOREGION,DHSMICSGEOREGION_KENDHS200805,37.29681,32.57603,42.27279,37.3 [32.6-42.3],2022-05-26T14:30:47+02:00
cpmt,MWI,AFR,2006,AGEGROUP,AGEGROUP_YEARS15-19,24.03851,21.46238,26.81827,24.0 [21.5-26.8],2022-05-26T11:03:47+02:00
cpmt,SLE,AFR,2008,EDUCATIONLEVEL,EDUCATIONLEVEL_PRLM,10.84854,8.38133,13.93159,10.8 [8.4-13.9],2022-05-26T11:24:12+02:00
cpmt,GMB,AFR,2010,EDUCATIONLEVEL,EDUCATIONLEVEL_NHLM,10.63063,9.45177,11.93714,10.6 [9.5-11.9],2022-05-26T11:17:47+02:00
cpmt,SEN,AFR,2010,EDUCATIONLEVEL,EDUCATIONLEVEL_NHLM,8.78294,7.86826,9.79266,8.8 [7.9-9.8],2022-05-26T11:23:49+02:00
cpmt,MLI,AFR,2018,WEALTHDECILE,WEALTHDECILE_WEALTHDECILE09,24.5373,20.92309,28.55042,24.5 [20.9-28.6],2022-05-26T12:19:09+02:00
cpmt,AGO,AFR,2015,AGEGROUP,AGEGROUP_YEARS20-49,14.15129,12.50909,15.96972,14.2 [12.5-16.0],2022-05-26T10:59:12+02:00
cpmt,CMR,AFR,2018,WEALTHDECILE,WEALTHDECILE_WEALTHDECILE06,23.79084,20.48985,27.44011,23.8 [20.5-27.4],2022-05-26T12:02:26+02:00
cpmt,TGO,AFR,2017,WEALTHDECILE,WEALTHDECILE_WEALTHDECILE06,26.79186,22.2785,31.84493,26.8 [22.3-31.8],2022-05-26T12:34:17+02:00
cpmt,MLI,AFR,2006,WEALTHDECILE,WEALTHDECILE_WEALTHDECILE01,2.87185,1.82663,4.48782,2.9 [1.8-4.5],2022-05-26T12:18:44+02:00
cpmt,CAF,AFR,2018,WEALTHQUINTILE,WEALTHQUINTILE_WQ4,20.68487,17.9271,23.74413,20.7 [17.9-23.7],2022-05-26T12:48:29+02:00
cpmt,SLE,AFR,2008,WEALTHQUINTILE,WEALTHQUINTILE_WQ5,20.19262,16.79104,24.08385,20.2 [16.8-24.1],2022-05-26T13:03:49+02:00
cpmt,MOZ,AFR,2008,EDUCATIONLEVEL,EDUCATIONLEVEL_SHLM,37.25236,33.44332,41.22651,37.3 [33.4-41.2],2022-05-26T11:21:22+02:00
cpmt,LSO,AFR,2014,DHSMICSGEOREGION,DHSMICSGEOREGION_LSODHS201406,53.35565,45.90155,60.66287,53.4 [45.9-60.7],2022-05-26T14:31:55+02:00
cpmt,GHA,AFR,1998,DHSMICSGEOREGION,DHSMICSGEOREGION_GHADHS199807,24.68937,20.36702,29.58819,24.7 [20.4-29.6],2022-05-26T14:23:32+02:00
cpmt,TGO,AFR,1998,DHSMICSGEOREGION,DHSMICSGEOREGION_TGODHS199802,17.89629,15.46394,20.61791,17.9 [15.5-20.6],2022-05-26T14:48:52+02:00
cpmt,BEN,AFR,2006,WEALTHDECILE,WEALTHDECILE_WEALTHDECILE05,12.2425,10.54685,14.16759,12.2 [10.5-14.2],2022-05-26T11:59:22+02:00
cpmt,CMR,AFR,2004,DHSMICSGEOREGION,DHSMICSGEOREGION_CMRDHS200402,35.43206,31.03112,40.09431,35.4 [31.0-40.1],2022-05-26T14:16:01+02:00
cpmt,NER,AFR,2012,DHSMICSGEOREGION,DHSMICSGEOREGION_NERDHS201205,6.53378,5.0317,8.44439,6.5 [5.0-8.4],2022-05-26T14:36:58+02:00
cpmt,STP,AFR,2019,WEALTHDECILE,WEALTHDECILE_WEALTHDECILE04,47.69752,38.92952,56.60976,47.7 [38.9-56.6],2022-05-26T12:29:37+02:00
cpmt,GMB,AFR,2019,RESIDENCEAREATYPE,RESIDENCEAREATYPE_URB,19.95857,18.29246,21.73607,20.0 [18.3-21.7],2022-05-26T11:34:57+02:00
cpmt,UGA,AFR,2000,WEALTHQUINTILE,WEALTHQUINTILE_WQ1,15.06077,12.07266,18.63176,15.1 [12.1-18.6],2022-05-26T13:06:12+02:00
cpmt,GHA,AFR,1993,WEALTHQUINTILE,WEALTHQUINTILE_WQ5,34.1716,30.68815,37.83462,34.2 [30.7-37.8],2022-05-26T12:52:14+02:00
cpmt,BEN,AFR,2001,DHSMICSGEOREGION,DHSMICSGEOREGION_BENDHS200102,25.53684,22.51122,28.81788,25.5 [22.5-28.8],2022-05-26T14:13:02+02:00
cpmt,NGA,AFR,2007,DHSMICSGEOREGION,DHSMICSGEOREGION_NGAMICS200705,1.0296,0.47431,2.22047,1.0 [0.5-2.2],2022-05-26T14:37:13+02:00
cpmt,STP,AFR,2008,WEALTHDECILE,WEALTHDECILE_WEALTHDECILE04,35.46341,28.67784,42.88905,35.5 [28.7-42.9],2022-05-26T12:29:24+02:00
cpmt,GMB,AFR,2018,RESIDENCEAREATYPE,RESIDENCEAREATYPE_URB,18.06013,16.39853,19.85012,18.1 [16.4-19.9],2022-05-26T11:34:56+02:00
cpmt,BEN,AFR,2014,EDUCATIONLEVEL,EDUCATIONLEVEL_PRLM,19.96723,17.95713,22.14162,20.0 [18.0-22.1],2022-05-26T11:14:46+02:00
cpmt,RWA,AFR,2005,DHSMICSGEOREGION,DHSMICSGEOREGION_RWADHS200505,10.88034,8.49023,13.84153,10.9 [8.5-13.8],2022-05-26T14:45:09+02:00
cpmt,SEN,AFR,2015,WEALTHQUINTILE,WEALTHQUINTILE_WQ1,14.22223,12.00188,16.77503,14.2 [12.0-16.8],2022-05-26T13:03:16+02:00
cpmt,TGO,AFR,2010,EDUCATIONLEVEL,EDUCATIONLEVEL_SHLM,19.9758,16.85137,23.51569,20.0 [16.9-23.5],2022-05-26T11:24:57+02:00
cpmt,NGA,AFR,2016,WEALTHQUINTILE,WEALTHQUINTILE_WQ1,4.22032,3.49465,5.08872,4.2 [3.5-5.1],2022-05-26T13:00:01+02:00
cpmt,BFA,AFR,2006,DHSMICSGEOREGION,DHSMICSGEOREGION_BFAMICS200604,10.45111,6.38818,16.63881,10.5 [6.4-16.6],2022-05-26T14:14:28+02:00
cpmt,CAF,AFR,2018,WEALTHDECILE,WEALTHDECILE_WEALTHDECILE06,13.15325,9.77399,17.47458,13.2 [9.8-17.5],2022-05-26T12:02:47+02:00
cpmt,ZWE,AFR,2015,EDUCATIONLEVEL,EDUCATIONLEVEL_NHLM,49.2947,36.48012,62.20263,49.3 [36.5-62.2],2022-05-26T11:26:30+02:00
cpmt,ZAF,AFR,1998,WEALTHDECILE,WEALTHDECILE_WEALTHDECILE03,46.13698,40.94576,51.41337,46.1 [40.9-51.4],2022-05-26T12:32:01+02:00
cpmt,ZMB,AFR,2018,DHSMICSGEOREGION,DHSMICSGEOREGION_ZMBDHS201803,54.97688,51.29861,58.60153,55.0 [51.3-58.6],2022-05-26T14:53:28+02:00
cpmt,CAF,AFR,2006,WEALTHQUINTILE,WEALTHQUINTILE_WQ1,8.40883,6.2756,11.18069,8.4 [6.3-11.2],2022-05-26T12:48:23+02:00
cpmt,GHA,AFR,2017,DHSMICSGEOREGION,DHSMICSGEOREGION_GHAMICS201702,29.27096,24.63131,34.38582,29.3 [24.6-34.4],2022-05-26T14:24:06+02:00
cpmt,GIN,AFR,2012,WEALTHQUINTILE,WEALTHQUINTILE_WQ2,4.10267,2.78433,6.00667,4.1 [2.8-6.0],2022-05-26T12:53:02+02:00
cpmt,RWA,AFR,2019,WEALTHQUINTILE,WEALTHQUINTILE_WQ2,66.02172,63.49815,68.45748,66.0 [63.5-68.5],2022-05-26T13:02:40+02:00
cpmt,NAM,AFR,2000,EDUCATIONLEVEL,EDUCATIONLEVEL_SHLM,56.03074,52.0418,59.94326,56.0 [52.0-59.9],2022-05-26T11:21:30+02:00
cpmt,KEN,AFR,2008,WEALTHDECILE,WEALTHDECILE_WEALTHDECILE04,44.73307,37.95129,51.71665,44.7 [38.0-51.7],2022-05-26T12:15:29+02:00
cpmt,MWI,AFR,2013,AGEGROUP,AGEGROUP_YEARS15-19,39.65016,35.54621,43.90517,39.7 [35.5-43.9],2022-05-26T11:03:49+02:00
cpmt,CAF,AFR,2010,AGEGROUP,AGEGROUP_YEARS20-49,15.53825,13.92595,17.29971,15.5 [13.9-17.3],2022-05-26T11:00:27+02:00
cpmt,MOZ,AFR,2008,WEALTHDECILE,WEALTHDECILE_WEALTHDECILE08,20.37686,17.0891,24.11319,20.4 [17.1-24.1],2022-05-26T12:20:33+02:00
cpmt,RWA,AFR,2010,RESIDENCEAREATYPE,RESIDENCEAREATYPE_URB,53.08247,49.7409,56.39662,53.1 [49.7-56.4],2022-05-26T11:39:01+02:00
cpmt,CIV,AFR,2011,DHSMICSGEOREGION,DHSMICSGEOREGION_CIVDHS201108,14.45967,9.96879,20.5127,14.5 [10.0-20.5],2022-05-26T14:19:10+02:00
cpmt,ZMB,AFR,2007,DHSMICSGEOREGION,DHSMICSGEOREGION_ZMBDHS200701,32.77381,26.9454,39.18669,32.8 [26.9-39.2],2022-05-26T14:53:16+02:00
cpmt,NGA,AFR,2008,WEALTHDECILE,WEALTHDECILE_WEALTHDECILE02,3.25905,2.38548,4.43798,3.3 [2.4-4.4],2022-05-26T12:23:06+02:00
cpmt,COD,AFR,2017,DHSMICSGEOREGION,DHSMICSGEOREGION_CODMICS201705,37.79088,26.19459,50.97516,37.8 [26.2-51.0],2022-05-26T14:19:46+02:00
cpmt,CAF,AFR,2018,WEALTHQUINTILE,WEALTHQUINTILE_WQ3,12.50691,10.12337,15.35579,12.5 [10.1-15.4],2022-05-26T12:48:29+02:00
cpmt,CAF,AFR,2006,WEALTHDECILE,WEALTHDECILE_WEALTHDECILE10,42.93645,37.5157,48.53211,42.9 [37.5-48.5],2022-05-26T12:02:36+02:00
cpmt,NAM,AFR,2006,RESIDENCEAREATYPE,RESIDENCEAREATYPE_RUR,44.62449,41.82598,47.45749,44.6 [41.8-47.5],2022-05-26T11:37:34+02:00
cpmt,NGA,AFR,2011,DHSMICSGEOREGION,DHSMICSGEOREGION_NGAMICS201128,34.37625,29.33104,39.80053,34.4 [29.3-39.8],2022-05-26T14:37:37+02:00
cpmt,TCD,AFR,2014,EDUCATIONLEVEL,EDUCATIONLEVEL_SHLM,15.86911,13.10457,19.08874,15.9 [13.1-19.1],2022-05-26T11:15:56+02:00
cpmt,GHA,AFR,2003,DHSMICSGEOREGION,DHSMICSGEOREGION_GHADHS200306,29.72078,24.99237,34.92722,29.7 [25.0-34.9],2022-05-26T14:23:38+02:00
cpmt,NGA,AFR,2007,WEALTHDECILE,WEALTHDECILE_WEALTHDECILE07,18.43731,15.74555,21.47197,18.4 [15.7-21.5],2022-05-26T12:22:59+02:00
cpmt,ZMB,AFR,2013,WEALTHDECILE,WEALTHDECILE_WEALTHDECILE07,52.30333,48.00018,56.57256,52.3 [48.0-56.6],2022-05-26T12:38:32+02:00
cpmt,GIN,AFR,1999,WEALTHDECILE,WEALTHDECILE_WEALTHDECILE06,3.90263,2.47182,6.10977,3.9 [2.5-6.1],2022-05-26T12:10:46+02:00
cpmt,CMR,AFR,2004,EDUCATIONLEVEL,EDUCATIONLEVEL_SHLM,47.56116,45.60611,49.52371,47.6 [45.6-49.5],2022-05-26T11:15:35+02:00
cpmt,CMR,AFR,2004,RESIDENCEAREATYPE,RESIDENCEAREATYPE_RUR,16.18868,14.66685,17.83541,16.2 [14.7-17.8],2022-05-26T11:33:28+02:00
cpmt,TCD,AFR,2014,DHSMICSGEOREGION,DHSMICSGEOREGION_TCDDHS201414,1.91166,0.82441,4.3696,1.9 [0.8-4.4],2022-05-26T14:17:32+02:00
cpmt,GIN,AFR,2012,DHSMICSGEOREGION,DHSMICSGEOREGION_GINDHS201205,3.83674,2.60501,5.61727,3.8 [2.6-5.6],2022-05-26T14:24:41+02:00
cpmt,GMB,AFR,2013,EDUCATIONLEVEL,EDUCATIONLEVEL_PRLM,7.66016,5.72647,10.17633,7.7 [5.7-10.2],2022-05-26T11:17:49+02:00
cpmt,MWI,AFR,2013,DHSMICSGEOREGION,DHSMICSGEOREGION_MWIMICS201308,56.96843,50.9798,62.75988,57.0 [51.0-62.8],2022-05-26T14:32:54+02:00
cpmt,NGA,AFR,2007,DHSMICSGEOREGION,DHSMICSGEOREGION_NGAMICS200737,18.76289,14.50596,23.91953,18.8 [14.5-23.9],2022-05-26T14:37:13+02:00
cpmt,CMR,AFR,2018,WEALTHDECILE,WEALTHDECILE_WEALTHDECILE04,17.47758,14.26801,21.23034,17.5 [14.3-21.2],2022-05-26T12:02:26+02:00
cpmt,RWA,AFR,2019,WEALTHDECILE,WEALTHDECILE_WEALTHDECILE10,58.41368,54.38264,62.33521,58.4 [54.4-62.3],2022-05-26T12:29:04+02:00
cpmt,ZAF,AFR,1998,WEALTHQUINTILE,WEALTHQUINTILE_WQ1,35.9382,31.7816,40.31714,35.9 [31.8-40.3],2022-05-26T13:04:09+02:00
cpmt,SEN,AFR,2016,DHSMICSGEOREGION,DHSMICSGEOREGION_SENDHS201606,20.48452,15.59149,26.43226,20.5 [15.6-26.4],2022-05-26T14:46:17+02:00
cpmt,SEN,AFR,2005,WEALTHQUINTILE,WEALTHQUINTILE_WQ4,15.99964,13.31404,19.10755,16.0 [13.3-19.1],2022-05-26T13:03:03+02:00
cpmt,SEN,AFR,2014,EDUCATIONLEVEL,EDUCATIONLEVEL_NHLM,15.79216,13.69813,18.13902,15.8 [13.7-18.1],2022-05-26T11:23:53+02:00
cpmt,COD,AFR,2010,DHSMICSGEOREGION,DHSMICSGEOREGION_CODMICS201009,8.95448,5.73387,13.72074,9.0 [5.7-13.7],2022-05-26T14:19:29+02:00
cpmt,SSD,AFR,2010,WEALTHDECILE,WEALTHDECILE_WEALTHDECILE05,3.65823,2.45504,5.41832,3.7 [2.5-5.4],2022-05-26T12:32:13+02:00
cpmt,NER,AFR,1998,WEALTHDECILE,WEALTHDECILE_WEALTHDECILE09,14.96877,11.63788,19.04751,15.0 [11.6-19.0],2022-05-26T12:22:25+02:00
cpmt,UGA,AFR,2011,DHSMICSGEOREGION,DHSMICSGEOREGION_UGADHS201101,48.18878,41.31384,55.13298,48.2 [41.3-55.1],2022-05-26T14:50:11+02:00
cpmt,NGA,AFR,2016,WEALTHDECILE,WEALTHDECILE_WEALTHDECILE01,4.2403,3.23327,5.54301,4.2 [3.2-5.5],2022-05-26T12:23:27+02:00
cpmt,ZWE,AFR,2010,DHSMICSGEOREGION,DHSMICSGEOREGION_ZWEDHS201005,50.76259,44.82462,56.67912,50.8 [44.8-56.7],2022-05-26T14:53:58+02:00
cpmt,MRT,AFR,2015,DHSMICSGEOREGION,DHSMICSGEOREGION_MRTMICS201503,13.24049,10.34554,16.79377,13.2 [10.3-16.8],2022-05-26T14:34:11+02:00
cpmt,MWI,AFR,2004,EDUCATIONLEVEL,EDUCATIONLEVEL_PRLM,32.62933,31.05591,34.24287,32.6 [31.1-34.2],2022-05-26T11:20:30+02:00
cpmt,MWI,AFR,2010,DHSMICSGEOREGION,DHSMICSGEOREGION_MWIDHS201001,47.1458,42.88958,51.44394,47.1 [42.9-51.4],2022-05-26T14:32:48+02:00
cpmt,TCD,AFR,2004,DHSMICSGEOREGION,DHSMICSGEOREGION_TCDDHS200403,7.62667,3.39189,16.25875,7.6 [3.4-16.3],2022-05-26T14:17:13+02:00
cpmt,COG,AFR,2005,EDUCATIONLEVEL,EDUCATIONLEVEL_NHLM,31.09929,24.45276,38.62867,31.1 [24.5-38.6],2022-05-26T11:16:12+02:00
cpmt,TCD,AFR,2019,DHSMICSGEOREGION,DHSMICSGEOREGION_TCDMICS201922,3.30395,1.59631,6.71371,3.3 [1.6-6.7],2022-05-26T14:17:44+02:00
cpmt,MLI,AFR,2018,WEALTHDECILE,WEALTHDECILE_WEALTHDECILE05,15.23998,12.41868,18.56634,15.2 [12.4-18.6],2022-05-26T12:19:09+02:00
cpmt,CMR,AFR,2014,DHSMICSGEOREGION,DHSMICSGEOREGION_CMRMICS201408,58.78328,52.32379,64.95379,58.8 [52.3-65.0],2022-05-26T14:16:22+02:00
cpmt,ZWE,AFR,2010,EDUCATIONLEVEL,EDUCATIONLEVEL_SHLM,61.13368,59.12031,63.10977,61.1 [59.1-63.1],2022-05-26T11:26:27+02:00
cpmt,STP,AFR,2008,WEALTHDECILE,WEALTHDECILE_WEALTHDECILE03,36.48187,26.13498,48.24934,36.5 [26.1-48.2],2022-05-26T12:29:24+02:00
cpmt,CAF,AFR,2006,WEALTHDECILE,WEALTHDECILE_WEALTHDECILE06,16.14356,12.92428,19.98071,16.1 [12.9-20.0],2022-05-26T12:02:37+02:00
cpmt,UGA,AFR,2016,WEALTHDECILE,WEALTHDECILE_WEALTHDECILE05,38.39769,34.96927,41.94544,38.4 [35.0-41.9],2022-05-26T12:36:05+02:00
cpmt,ETH,AFR,2019,DHSMICSGEOREGION,DHSMICSGEOREGION_ETHDHS201908,33.82051,21.84275,48.30684,33.8 [21.8-48.3],2022-05-26T14:22:36+02:00
cpmt,NGA,AFR,2003,WEALTHDECILE,WEALTHDECILE_WEALTHDECILE09,27.18402,21.33437,33.94547,27.2 [21.3-33.9],2022-05-26T12:22:52+02:00
cpmt,NGA,AFR,2007,WEALTHDECILE,WEALTHDECILE_WEALTHDECILE06,10.58452,8.42797,13.21326,10.6 [8.4-13.2],2022-05-26T12:22:59+02:00
cpmt,MDG,AFR,1997,DHSMICSGEOREGION,DHSMICSGEOREGION_MDGDHS199706,18.12594,15.1552,21.53122,18.1 [15.2-21.5],2022-05-26T14:32:12+02:00
cpmt,MOZ,AFR,2015,DHSMICSGEOREGION,DHSMICSGEOREGION_MOZDHS201506,18.05205,14.19863,22.67489,18.1 [14.2-22.7],2022-05-26T14:35:15+02:00
cpmt,SEN,AFR,2005,DHSMICSGEOREGION,DHSMICSGEOREGION_SENDHS200503,8.17217,5.20954,12.59577,8.2 [5.2-12.6],2022-05-26T14:45:37+02:00
cpmt,ZMB,AFR,2007,WEALTHDECILE,WEALTHDECILE_WEALTHDECILE01,44.60442,39.68705,49.62971,44.6 [39.7-49.6],2022-05-26T12:38:26+02:00
cpmt,CMR,AFR,2014,WEALTHQUINTILE,WEALTHQUINTILE_WQ1,12.02177,9.17515,15.59986,12.0 [9.2-15.6],2022-05-26T12:48:13+02:00
cpmt,AGO,AFR,2015,WEALTHDECILE,WEALTHDECILE_WEALTHDECILE04,5.07637,3.60092,7.11178,5.1 [3.6-7.1],2022-05-26T11:56:27+02:00
cpmt,MDG,AFR,1997,EDUCATIONLEVEL,EDUCATIONLEVEL_NHLM,2.97431,2.03421,4.32966,3.0 [2.0-4.3],2022-05-26T11:20:21+02:00
cpmt,LSO,AFR,2009,WEALTHDECILE,WEALTHDECILE_WEALTHDECILE03,35.86317,31.02188,41.01079,35.9 [31.0-41.0],2022-05-26T12:16:38+02:00
cpmt,CMR,AFR,1998,WEALTHDECILE,WEALTHDECILE_WEALTHDECILE03,11.01794,7.20968,16.4805,11.0 [7.2-16.5],2022-05-26T12:01:55+02:00
cpmt,NGA,AFR,2016,DHSMICSGEOREGION,DHSMICSGEOREGION_NGAMICS201612,15.74789,12.09479,20.25019,15.7 [12.1-20.3],2022-05-26T14:38:01+02:00
cpmt,BEN,AFR,2014,WEALTHDECILE,WEALTHDECILE_WEALTHDECILE08,20.73285,17.94175,23.83205,20.7 [17.9-23.8],2022-05-26T11:59:34+02:00
cpmt,CIV,AFR,2011,DHSMICSGEOREGION,DHSMICSGEOREGION_CIVDHS201102,22.27575,18.38293,26.72302,22.3 [18.4-26.7],2022-05-26T14:19:10+02:00
cpmt,LBR,AFR,2019,DHSMICSGEOREGION,DHSMICSGEOREGION_LBRDHS201902,22.1856,18.57048,26.27736,22.2 [18.6-26.3],2022-05-26T14:32:09+02:00
cpmt,TCD,AFR,1996,WEALTHDECILE,WEALTHDECILE_WEALTHDECILE06,2.88645,1.57298,5.23831,2.9 [1.6-5.2],2022-05-26T12:02:52+02:00
cpmt,AGO,AFR,2015,EDUCATIONLEVEL,EDUCATIONLEVEL_PRLM,8.13819,6.59392,10.00538,8.1 [6.6-10.0],2022-05-26T11:13:47+02:00
cpmt,MLI,AFR,2009,WEALTHDECILE,WEALTHDECILE_WEALTHDECILE02,3.78373,2.82311,5.05423,3.8 [2.8-5.1],2022-05-26T12:18:50+02:00
cpmt,CMR,AFR,2014,DHSMICSGEOREGION,DHSMICSGEOREGION_CMRMICS201407,28.86377,21.71779,37.24243,28.9 [21.7-37.2],2022-05-26T14:16:22+02:00
cpmt,CMR,AFR,2018,DHSMICSGEOREGION,DHSMICSGEOREGION_CMRDHS201805,7.07407,4.91057,10.08963,7.1 [4.9-10.1],2022-05-26T14:16:29+02:00
cpmt,COD,AFR,2013,WEALTHQUINTILE,WEALTHQUINTILE_WQ2,16.5222,13.17503,20.51877,16.5 [13.2-20.5],2022-05-26T12:50:07+02:00
cpmt,DZA,AFR,2012,EDUCATIONLEVEL,EDUCATIONLEVEL_SHLM,58.7754,57.4945,60.04452,58.8 [57.5-60.0],2022-05-26T11:13:43+02:00
cpmt,TZA,AFR,1996,WEALTHQUINTILE,WEALTHQUINTILE_WQ2,10.43753,8.33662,12.99286,10.4 [8.3-13.0],2022-05-26T13:06:38+02:00
cpmt,BEN,AFR,2014,WEALTHDECILE,WEALTHDECILE_WEALTHDECILE01,13.78239,11.06184,17.04382,13.8 [11.1-17.0],2022-05-26T11:59:34+02:00
cpmt,GNB,AFR,2006,WEALTHQUINTILE,WEALTHQUINTILE_WQ5,22.45185,18.77602,26.61152,22.5 [18.8-26.6],2022-05-26T12:53:11+02:00
cpmt,CPV,AFR,1998,EDUCATIONLEVEL,EDUCATIONLEVEL_NHLM,43.81364,37.68734,50.13458,43.8 [37.7-50.1],2022-05-26T11:15:17+02:00
cpmt,LSO,AFR,2004,DHSMICSGEOREGION,DHSMICSGEOREGION_LSODHS200404,40.18464,35.64901,44.89475,40.2 [35.6-44.9],2022-05-26T14:31:44+02:00
cpmt,CAF,AFR,2018,DHSMICSGEOREGION,DHSMICSGEOREGION_CAFMICS201806,10.83485,7.65123,15.12617,10.8 [7.7-15.1],2022-05-26T14:16:59+02:00
cpmt,ETH,AFR,2016,WEALTHDECILE,WEALTHDECILE_WEALTHDECILE07,42.41325,37.47403,47.50882,42.4 [37.5-47.5],2022-05-26T12:08:25+02:00
cpmt,RWA,AFR,2010,WEALTHDECILE,WEALTHDECILE_WEALTHDECILE03,46.94125,42.78914,51.13614,46.9 [42.8-51.1],2022-05-26T12:28:51+02:00
cpmt,CPV,AFR,1998,RESIDENCEAREATYPE,RESIDENCEAREATYPE_RUR,37.98895,34.26194,41.8632,38.0 [34.3-41.9],2022-05-26T11:33:22+02:00
cpmt,NGA,AFR,1999,DHSMICSGEOREGION,DHSMICSGEOREGION_NGADHS199905,17.80151,14.79676,21.26415,17.8 [14.8-21.3],2022-05-26T14:37:02+02:00
cpmt,MDG,AFR,1997,WEALTHDECILE,WEALTHDECILE_WEALTHDECILE03,3.693,2.12959,6.32994,3.7 [2.1-6.3],2022-05-26T12:17:12+02:00
cpmt,COD,AFR,2010,WEALTHQUINTILE,WEALTHQUINTILE_WQ2,13.04736,10.4189,16.21887,13.0 [10.4-16.2],2022-05-26T12:50:04+02:00
cpmt,GNB,AFR,2006,DHSMICSGEOREGION,DHSMICSGEOREGION_GNBMICS200604,11.2874,8.73798,14.46277,11.3 [8.7-14.5],2022-05-26T14:24:54+02:00
cpmt,SWZ,AFR,2006,WEALTHDECILE,WEALTHDECILE_WEALTHDECILE09,58.34547,52.71959,63.76207,58.3 [52.7-63.8],2022-05-26T12:07:51+02:00
cpmt,GHA,AFR,2008,WEALTHDECILE,WEALTHDECILE_WEALTHDECILE10,32.69423,25.43534,40.88871,32.7 [25.4-40.9],2022-05-26T12:09:55+02:00
cpmt,TZA,AFR,1996,RESIDENCEAREATYPE,RESIDENCEAREATYPE_RUR,14.67226,13.32698,16.12805,14.7 [13.3-16.1],2022-05-26T11:40:31+02:00
cpmt,GMB,AFR,2013,WEALTHDECILE,WEALTHDECILE_WEALTHDECILE02,4.70885,3.22537,6.82652,4.7 [3.2-6.8],2022-05-26T12:09:01+02:00
cpmt,BEN,AFR,2017,DHSMICSGEOREGION,DHSMICSGEOREGION_BENDHS201701,15.68962,13.25283,18.47901,15.7 [13.3-18.5],2022-05-26T14:13:29+02:00
cpmt,GHA,AFR,1993,DHSMICSGEOREGION,DHSMICSGEOREGION_GHADHS199310,10.16949,5.33473,18.5283,10.2 [5.3-18.5],2022-05-26T14:23:26+02:00
cpmt,GMB,AFR,2018,RESIDENCEAREATYPE,RESIDENCEAREATYPE_RUR,14.10639,12.57101,15.79541,14.1 [12.6-15.8],2022-05-26T11:34:56+02:00
cpmt,CAF,AFR,2018,WEALTHQUINTILE,WEALTHQUINTILE_WQ1,12.13253,9.43426,15.47069,12.1 [9.4-15.5],2022-05-26T12:48:29+02:00
cpmt,NAM,AFR,2000,DHSMICSGEOREGION,DHSMICSGEOREGION_NAMDHS200001,38.4831,29.98954,47.74179,38.5 [30.0-47.7],2022-05-26T14:35:34+02:00
cpmt,LSO,AFR,2004,WEALTHDECILE,WEALTHDECILE_WEALTHDECILE10,60.6797,53.99729,66.98492,60.7 [54.0-67.0],2022-05-26T12:16:32+02:00
cpmt,GNB,AFR,2018,EDUCATIONLEVEL,EDUCATIONLEVEL_SHLM,29.13051,25.32423,33.25413,29.1 [25.3-33.3],2022-05-26T11:18:35+02:00
cpmt,SEN,AFR,2005,DHSMICSGEOREGION,DHSMICSGEOREGION_SENDHS200502,3.99134,2.57742,6.13209,4.0 [2.6-6.1],2022-05-26T14:45:37+02:00
cpmt,TZA,AFR,2004,DHSMICSGEOREGION,DHSMICSGEOREGION_TZADHS200413,18.27688,11.28747,28.21762,18.3 [11.3-28.2],2022-05-26T14:51:20+02:00
cpmt,NGA,AFR,2016,DHSMICSGEOREGION,DHSMICSGEOREGION_NGAMICS201606,14.59736,10.92475,19.23796,14.6 [10.9-19.2],2022-05-26T14:38:01+02:00
cpmt,NER,AFR,2012,WEALTHDECILE,WEALTHDECILE_WEALTHDECILE04,8.5809,6.29993,11.5856,8.6 [6.3-11.6],2022-05-26T12:22:39+02:00
cpmt,MLI,AFR,2006,RESIDENCEAREATYPE,RESIDENCEAREATYPE_URB,15.23034,11.95506,19.20719,15.2 [12.0-19.2],2022-05-26T11:37:03+02:00
cpmt,UGA,AFR,2006,WEALTHDECILE,WEALTHDECILE_WEALTHDECILE02,13.03299,10.14165,16.5964,13.0 [10.1-16.6],2022-05-26T12:35:52+02:00
cpmt,ZMB,AFR,2001,WEALTHQUINTILE,WEALTHQUINTILE_WQ2,24.62186,22.1702,27.24972,24.6 [22.2-27.2],2022-05-26T13:07:33+02:00
cpmt,CAF,AFR,2010,WEALTHDECILE,WEALTHDECILE_WEALTHDECILE08,24.48579,20.29546,29.22406,24.5 [20.3-29.2],2022-05-26T12:02:42+02:00
cpmt,LSO,AFR,2014,WEALTHQUINTILE,WEALTHQUINTILE_WQ2,56.58405,52.00732,61.05118,56.6 [52.0-61.1],2022-05-26T12:56:20+02:00
cpmt,NGA,AFR,2016,DHSMICSGEOREGION,DHSMICSGEOREGION_NGAMICS201603,15.70158,12.48513,19.56145,15.7 [12.5-19.6],2022-05-26T14:38:01+02:00
cpmt,SEN,AFR,2019,DHSMICSGEOREGION,DHSMICSGEOREGION_SENDHS201905,15.483,11.49725,20.52998,15.5 [11.5-20.5],2022-05-26T14:46:41+02:00
cpmt,GHA,AFR,2011,WEALTHDECILE,WEALTHDECILE_WEALTHDECILE04,33.60173,28.35778,39.28366,33.6 [28.4-39.3],2022-05-26T12:10:01+02:00
cpmt,MDG,AFR,2018,DHSMICSGEOREGION,DHSMICSGEOREGION_MDGMICS201804,53.4974,47.97104,58.9392,53.5 [48.0-58.9],2022-05-26T14:32:33+02:00
cpmt,TCD,AFR,2014,WEALTHDECILE,WEALTHDECILE_WEALTHDECILE04,4.05877,2.65542,6.15688,4.1 [2.7-6.2],2022-05-26T12:03:08+02:00
cpmt,GHA,AFR,2011,DHSMICSGEOREGION,DHSMICSGEOREGION_GHAMICS201107,40.19371,34.35941,46.31961,40.2 [34.4-46.3],2022-05-26T14:23:55+02:00
cpmt,GNB,AFR,2018,WEALTHDECILE,WEALTHDECILE_WEALTHDECILE08,25.31057,20.02439,31.44358,25.3 [20.0-31.4],2022-05-26T12:11:25+02:00
cpmt,MWI,AFR,2013,DHSMICSGEOREGION,DHSMICSGEOREGION_MWIMICS201314,68.31042,63.2415,72.979,68.3 [63.2-73.0],2022-05-26T14:32:54+02:00
cpmt,LSO,AFR,2004,DHSMICSGEOREGION,DHSMICSGEOREGION_LSODHS200405,49.38543,42.75547,56.03707,49.4 [42.8-56.0],2022-05-26T14:31:44+02:00
cpmt,SEN,AFR,2019,WEALTHQUINTILE,WEALTHQUINTILE_WQ1,18.08082,15.36386,21.15815,18.1 [15.4-21.2],2022-05-26T13:03:29+02:00
cpmt,DZA,AFR,2018,DHSMICSGEOREGION,DHSMICSGEOREGION_DZAMICS201801,53.6632,51.23969,56.06954,53.7 [51.2-56.1],2022-05-26T14:10:52+02:00
cpmt,TGO,AFR,2013,WEALTHDECILE,WEALTHDECILE_WEALTHDECILE07,19.28347,15.90085,23.18727,19.3 [15.9-23.2],2022-05-26T12:34:10+02:00
cpmt,TZA,AFR,2015,DHSMICSGEOREGION,DHSMICSGEOREGION_TZADHS201521,31.65231,23.7193,40.81877,31.7 [23.7-40.8],2022-05-26T14:51:51+02:00
cpmt,RWA,AFR,2014,WEALTHDECILE,WEALTHDECILE_WEALTHDECILE04,51.89588,47.89915,55.8685,51.9 [47.9-55.9],2022-05-26T12:28:57+02:00
cpmt,SLE,AFR,2013,WEALTHDECILE,WEALTHDECILE_WEALTHDECILE02,12.44655,10.16794,15.14968,12.4 [10.2-15.1],2022-05-26T12:31:36+02:00
cpmt,GHA,AFR,1998,WEALTHDECILE,WEALTHDECILE_WEALTHDECILE07,23.19836,18.55925,28.58998,23.2 [18.6-28.6],2022-05-26T12:09:38+02:00
cpmt,TZA,AFR,2010,DHSMICSGEOREGION,DHSMICSGEOREGION_TZADHS201025,7.08701,4.40605,11.20798,7.1 [4.4-11.2],2022-05-26T14:51:35+02:00
cpmt,KEN,AFR,1993,WEALTHDECILE,WEALTHDECILE_WEALTHDECILE02,16.62319,13.2191,20.69482,16.6 [13.2-20.7],2022-05-26T12:15:11+02:00
cpmt,LSO,AFR,2004,WEALTHDECILE,WEALTHDECILE_WEALTHDECILE03,25.57061,20.93914,30.82705,25.6 [20.9-30.8],2022-05-26T12:16:32+02:00
cpmt,BEN,AFR,2017,WEALTHDECILE,WEALTHDECILE_WEALTHDECILE07,15.59767,13.27821,18.23709,15.6 [13.3-18.2],2022-05-26T11:59:40+02:00
cpmt,TZA,AFR,2015,WEALTHQUINTILE,WEALTHQUINTILE_WQ1,23.04628,19.98339,26.4236,23.0 [20.0-26.4],2022-05-26T13:06:50+02:00
cpmt,MRT,AFR,2015,WEALTHDECILE,WEALTHDECILE_WEALTHDECILE03,8.72907,6.60933,11.44533,8.7 [6.6-11.4],2022-05-26T12:19:25+02:00
cpmt,SEN,AFR,2010,DHSMICSGEOREGION,DHSMICSGEOREGION_SENDHS201007,16.72642,13.41654,20.65803,16.7 [13.4-20.7],2022-05-26T14:45:44+02:00
cpmt,CMR,AFR,2004,WEALTHDECILE,WEALTHDECILE_WEALTHDECILE02,10.09216,7.7256,13.0809,10.1 [7.7-13.1],2022-05-26T12:02:01+02:00
cpmt,MRT,AFR,2007,AGEGROUP,AGEGROUP_YEARS15-19,5.54503,3.99805,7.64295,5.5 [4.0-7.6],2022-05-26T11:04:04+02:00
cpmt,GHA,AFR,2011,RESIDENCEAREATYPE,RESIDENCEAREATYPE_RUR,32.54222,30.02236,35.16728,32.5 [30.0-35.2],2022-05-26T11:35:07+02:00
cpmt,NAM,AFR,2006,WEALTHDECILE,WEALTHDECILE_WEALTHDECILE06,49.82217,43.8166,55.83288,49.8 [43.8-55.8],2022-05-26T12:21:02+02:00
cpmt,AGO,AFR,2015,WEALTHQUINTILE,WEALTHQUINTILE_WQ2,3.3313,2.37002,4.66383,3.3 [2.4-4.7],2022-05-26T12:45:19+02:00
cpmt,CMR,AFR,2018,DHSMICSGEOREGION,DHSMICSGEOREGION_CMRDHS201801,7.09433,4.73592,10.49779,7.1 [4.7-10.5],2022-05-26T14:16:29+02:00
cpmt,SEN,AFR,1997,DHSMICSGEOREGION,DHSMICSGEOREGION_SENDHS199702,5.61053,4.39688,7.13418,5.6 [4.4-7.1],2022-05-26T14:45:34+02:00
cpmt,SEN,AFR,2014,WEALTHQUINTILE,WEALTHQUINTILE_WQ3,21.82677,17.72891,26.56595,21.8 [17.7-26.6],2022-05-26T13:03:13+02:00
cpmt,COD,AFR,2007,WEALTHQUINTILE,WEALTHQUINTILE_WQ2,15.06095,11.43383,19.58425,15.1 [11.4-19.6],2022-05-26T12:50:01+02:00
cpmt,COD,AFR,2010,DHSMICSGEOREGION,DHSMICSGEOREGION_CODMICS201004,29.03592,21.6571,37.71838,29.0 [21.7-37.7],2022-05-26T14:19:29+02:00
cpmt,ZAF,AFR,1998,WEALTHDECILE,WEALTHDECILE_WEALTHDECILE10,75.66064,71.52537,79.36859,75.7 [71.5-79.4],2022-05-26T12:32:01+02:00
cpmt,ETH,AFR,2016,DHSMICSGEOREGION,DHSMICSGEOREGION_ETHDHS201606,28.53185,23.00152,34.79106,28.5 [23.0-34.8],2022-05-26T14:22:30+02:00
cpmt,GHA,AFR,1993,WEALTHDECILE,WEALTHDECILE_WEALTHDECILE08,26.6055,21.63446,32.24873,26.6 [21.6-32.2],2022-05-26T12:09:32+02:00
cpmt,SEN,AFR,2014,WEALTHQUINTILE,WEALTHQUINTILE_WQ5,31.67897,25.96059,38.01031,31.7 [26.0-38.0],2022-05-26T13:03:13+02:00
cpmt,SEN,AFR,2018,WEALTHDECILE,WEALTHDECILE_WEALTHDECILE01,14.8414,11.97648,18.24956,14.8 [12.0-18.2],2022-05-26T12:30:38+02:00
cpmt,ETH,AFR,2005,DHSMICSGEOREGION,DHSMICSGEOREGION_ETHDHS200509,33.48928,27.23144,40.38704,33.5 [27.2-40.4],2022-05-26T14:22:18+02:00
cpmt,ZMB,AFR,2007,WEALTHDECILE,WEALTHDECILE_WEALTHDECILE04,32.74509,28.27743,37.54908,32.7 [28.3-37.5],2022-05-26T12:38:26+02:00
cpmt,COD,AFR,2010,DHSMICSGEOREGION,DHSMICSGEOREGION_CODMICS201008,11.50783,7.12789,18.0559,11.5 [7.1-18.1],2022-05-26T14:19:29+02:00
cpmt,MLI,AFR,2001,DHSMICSGEOREGION,DHSMICSGEOREGION_MLIDHS200108,9.13387,3.83874,20.19883,9.1 [3.8-20.2],2022-05-26T14:33:23+02:00
cpmt,GHA,AFR,2006,DHSMICSGEOREGION,DHSMICSGEOREGION_GHAMICS200607,17.1023,11.89952,23.96119,17.1 [11.9-24.0],2022-05-26T14:23:43+02:00
cpmt,DZA,AFR,2018,DHSMICSGEOREGION,DHSMICSGEOREGION_DZAMICS201806,54.05476,51.31384,56.77137,54.1 [51.3-56.8],2022-05-26T14:10:52+02:00
cpmt,NGA,AFR,2011,DHSMICSGEOREGION,DHSMICSGEOREGION_NGAMICS201133,3.79342,2.0706,6.84946,3.8 [2.1-6.8],2022-05-26T14:37:37+02:00
cpmt,ETH,AFR,2011,DHSMICSGEOREGION,DHSMICSGEOREGION_ETHDHS201101,22.22476,18.7914,26.08393,22.2 [18.8-26.1],2022-05-26T14:22:24+02:00
cpmt,GIN,AFR,2018,WEALTHDECILE,WEALTHDECILE_WEALTHDECILE10,21.88601,17.47936,27.03959,21.9 [17.5-27.0],2022-05-26T12:11:08+02:00
cpmt,TGO,AFR,2006,WEALTHDECILE,WEALTHDECILE_WEALTHDECILE04,15.8362,11.77654,20.96279,15.8 [11.8-21.0],2022-05-26T12:33:57+02:00
cpmt,MWI,AFR,2004,WEALTHDECILE,WEALTHDECILE_WEALTHDECILE02,26.12665,22.96409,29.55765,26.1 [23.0-29.6],2022-05-26T12:17:40+02:00
cpmt,GMB,AFR,2019,AGEGROUP,AGEGROUP_YEARS20-49,19.8647,18.50215,21.30136,19.9 [18.5-21.3],2022-05-26T11:01:52+02:00
cpmt,CMR,AFR,2014,EDUCATIONLEVEL,EDUCATIONLEVEL_PRLM,37.65391,34.78992,40.60687,37.7 [34.8-40.6],2022-05-26T11:15:40+02:00
cpmt,SEN,AFR,2012,DHSMICSGEOREGION,DHSMICSGEOREGION_SENDHS201204,21.27683,13.33296,32.19548,21.3 [13.3-32.2],2022-05-26T14:45:52+02:00
cpmt,SEN,AFR,2018,DHSMICSGEOREGION,DHSMICSGEOREGION_SENDHS201810,19.00788,16.29725,22.05059,19.0 [16.3-22.1],2022-05-26T14:46:33+02:00
cpmt,AGO,AFR,2015,DHSMICSGEOREGION,DHSMICSGEOREGION_AGODHS201501,22.12515,18.18279,26.64393,22.1 [18.2-26.6],2022-05-26T14:10:58+02:00
cpmt,GNB,AFR,2014,WEALTHDECILE,WEALTHDECILE_WEALTHDECILE09,25.33324,19.33984,32.43706,25.3 [19.3-32.4],2022-05-26T12:11:19+02:00
cpmt,CMR,AFR,2011,DHSMICSGEOREGION,DHSMICSGEOREGION_CMRDHS201105,3.68519,2.67337,5.06006,3.7 [2.7-5.1],2022-05-26T14:16:15+02:00
cpmt,MLI,AFR,2009,DHSMICSGEOREGION,DHSMICSGEOREGION_MLIMICS200901,8.25913,6.73258,10.09435,8.3 [6.7-10.1],2022-05-26T14:33:35+02:00
cpmt,LSO,AFR,2014,WEALTHDECILE,WEALTHDECILE_WEALTHDECILE09,70.22592,63.62325,76.08072,70.2 [63.6-76.1],2022-05-26T12:16:44+02:00
cpmt,GIN,AFR,2018,DHSMICSGEOREGION,DHSMICSGEOREGION_GINDHS201804,16.53842,11.49037,23.22236,16.5 [11.5-23.2],2022-05-26T14:24:50+02:00
cpmt,GHA,AFR,1998,WEALTHQUINTILE,WEALTHQUINTILE_WQ2,15.85009,13.00601,19.17898,15.9 [13.0-19.2],2022-05-26T12:52:17+02:00
cpmt,GIN,AFR,2018,DHSMICSGEOREGION,DHSMICSGEOREGION_GINDHS201803,7.44639,5.51791,9.97769,7.4 [5.5-10.0],2022-05-26T14:24:50+02:00
cpmt,ZMB,AFR,2001,EDUCATIONLEVEL,EDUCATIONLEVEL_PRLM,30.90829,29.01315,32.8699,30.9 [29.0-32.9],2022-05-26T11:26:13+02:00
cpmt,MLI,AFR,2009,AGEGROUP,AGEGROUP_YEARS20-49,10.26517,9.4474,11.14502,10.3 [9.4-11.1],2022-05-26T11:03:59+02:00
cpmt,CIV,AFR,2016,DHSMICSGEOREGION,DHSMICSGEOREGION_CIVMICS201609,13.65991,10.37467,17.77908,13.7 [10.4-17.8],2022-05-26T14:19:16+02:00
cpmt,BDI,AFR,2005,WEALTHDECILE,WEALTHDECILE_WEALTHDECILE02,7.47354,5.24139,10.55045,7.5 [5.2-10.6],2022-05-26T12:01:05+02:00
cpmt,GIN,AFR,1999,DHSMICSGEOREGION,DHSMICSGEOREGION_GINDHS199903,6.79919,4.59457,9.95131,6.8 [4.6-10.0],2022-05-26T14:24:33+02:00
cpmt,RWA,AFR,2000,WEALTHDECILE,WEALTHDECILE_WEALTHDECILE07,14.15659,10.20345,19.31191,14.2 [10.2-19.3],2022-05-26T12:28:38+02:00
cpmt,MDG,AFR,2003,WEALTHQUINTILE,WEALTHQUINTILE_WQ4,33.24325,27.95142,38.99472,33.2 [28.0-39.0],2022-05-26T12:56:39+02:00
cpmt,MLI,AFR,2015,DHSMICSGEOREGION,DHSMICSGEOREGION_MLIMICS201505,7.2322,5.02304,10.30752,7.2 [5.0-10.3],2022-05-26T14:33:44+02:00
cpmt,CMR,AFR,2018,WEALTHDECILE,WEALTHDECILE_WEALTHDECILE07,23.58784,20.23571,27.30517,23.6 [20.2-27.3],2022-05-26T12:02:26+02:00
cpmt,TCD,AFR,2014,WEALTHDECILE,WEALTHDECILE_WEALTHDECILE02,4.39185,3.02972,6.32644,4.4 [3.0-6.3],2022-05-26T12:03:08+02:00
cpmt,CMR,AFR,2006,EDUCATIONLEVEL,EDUCATIONLEVEL_PRLM,31.34022,28.40604,34.43173,31.3 [28.4-34.4],2022-05-26T11:15:37+02:00
cpmt,SLE,AFR,2005,DHSMICSGEOREGION,DHSMICSGEOREGION_SLEMICS200504,20.3118,16.74572,24.41458,20.3 [16.7-24.4],2022-05-26T14:46:56+02:00
cpmt,NAM,AFR,2013,DHSMICSGEOREGION,DHSMICSGEOREGION_NAMDHS201303,57.80309,51.25495,64.08792,57.8 [51.3-64.1],2022-05-26T14:35:49+02:00
cpmt,ETH,AFR,2011,DHSMICSGEOREGION,DHSMICSGEOREGION_ETHDHS201110,62.48116,58.46155,66.33579,62.5 [58.5-66.3],2022-05-26T14:22:24+02:00
cpmt,NGA,AFR,2007,DHSMICSGEOREGION,DHSMICSGEOREGION_NGAMICS200703,32.25806,26.77473,38.27735,32.3 [26.8-38.3],2022-05-26T14:37:13+02:00
cpmt,CMR,AFR,2014,DHSMICSGEOREGION,DHSMICSGEOREGION_CMRMICS201406,54.82879,49.73443,59.82392,54.8 [49.7-59.8],2022-05-26T14:16:22+02:00
cpmt,GIN,AFR,2012,WEALTHDECILE,WEALTHDECILE_WEALTHDECILE05,3.8702,2.35182,6.30555,3.9 [2.4-6.3],2022-05-26T12:10:57+02:00
cpmt,AGO,AFR,2015,DHSMICSGEOREGION,DHSMICSGEOREGION_AGODHS201509,12.34237,8.80991,17.02676,12.3 [8.8-17.0],2022-05-26T14:10:58+02:00
cpmt,NAM,AFR,2013,RESIDENCEAREATYPE,RESIDENCEAREATYPE_RUR,49.191,46.26882,52.11871,49.2 [46.3-52.1],2022-05-26T11:37:35+02:00
cpmt,ETH,AFR,2019,WEALTHDECILE,WEALTHDECILE_WEALTHDECILE02,36.54974,29.98739,43.65276,36.5 [30.0-43.7],2022-05-26T12:08:31+02:00
cpmt,CMR,AFR,2004,WEALTHQUINTILE,WEALTHQUINTILE_WQ3,25.04355,22.26003,28.04955,25.0 [22.3-28.0],2022-05-26T12:48:05+02:00
cpmt,STP,AFR,2019,WEALTHQUINTILE,WEALTHQUINTILE_WQ4,52.82935,47.35515,58.23634,52.8 [47.4-58.2],2022-05-26T13:02:57+02:00
cpmt,SEN,AFR,2012,DHSMICSGEOREGION,DHSMICSGEOREGION_SENDHS201203,7.38666,5.1766,10.43643,7.4 [5.2-10.4],2022-05-26T14:45:52+02:00
cpmt,GNB,AFR,2014,WEALTHDECILE,WEALTHDECILE_WEALTHDECILE08,24.09082,18.60177,30.59086,24.1 [18.6-30.6],2022-05-26T12:11:19+02:00
cpmt,TGO,AFR,2010,DHSMICSGEOREGION,DHSMICSGEOREGION_TGOMICS201004,20.42177,16.93479,24.41569,20.4 [16.9-24.4],2022-05-26T14:48:59+02:00
cpmt,ZWE,AFR,2014,DHSMICSGEOREGION,DHSMICSGEOREGION_ZWEMICS201409,63.60164,60.03228,67.02731,63.6 [60.0-67.0],2022-05-26T14:54:04+02:00
cpmt,KEN,AFR,2003,WEALTHQUINTILE,WEALTHQUINTILE_WQ5,51.5303,47.39054,55.64916,51.5 [47.4-55.6],2022-05-26T12:55:33+02:00
cpmt,COD,AFR,2007,WEALTHDECILE,WEALTHDECILE_WEALTHDECILE01,13.50986,10.19274,17.69382,13.5 [10.2-17.7],2022-05-26T12:05:26+02:00
cpmt,MDG,AFR,2018,WEALTHDECILE,WEALTHDECILE_WEALTHDECILE05,46.77509,43.1127,50.47257,46.8 [43.1-50.5],2022-05-26T12:17:29+02:00
cpmt,CIV,AFR,2011,WEALTHDECILE,WEALTHDECILE_WEALTHDECILE04,17.27818,14.1066,20.98858,17.3 [14.1-21.0],2022-05-26T12:05:15+02:00
cpmt,BFA,AFR,2010,DHSMICSGEOREGION,DHSMICSGEOREGION_BFADHS201006,11.08151,8.22159,14.7761,11.1 [8.2-14.8],2022-05-26T14:14:37+02:00
cpmt,SLE,AFR,2010,WEALTHDECILE,WEALTHDECILE_WEALTHDECILE10,24.14672,21.08727,27.4954,24.1 [21.1-27.5],2022-05-26T12:31:30+02:00
cpmt,BEN,AFR,1996,RESIDENCEAREATYPE,RESIDENCEAREATYPE_RUR,15.02399,13.37855,16.83248,15.0 [13.4-16.8],2022-05-26T11:32:57+02:00
cpmt,GMB,AFR,2019,DHSMICSGEOREGION,DHSMICSGEOREGION_GMBDHS201903,22.24848,20.01803,24.65085,22.2 [20.0-24.7],2022-05-26T14:23:10+02:00
cpmt,TGO,AFR,2006,AGEGROUP,AGEGROUP_YEARS20-49,16.90237,15.36373,18.56131,16.9 [15.4-18.6],2022-05-26T11:06:54+02:00
cpmt,COG,AFR,2014,DHSMICSGEOREGION,DHSMICSGEOREGION_COGMICS201412,21.34136,18.20487,24.85402,21.3 [18.2-24.9],2022-05-26T14:18:24+02:00
cpmt,NER,AFR,2012,EDUCATIONLEVEL,EDUCATIONLEVEL_NHLM,11.98077,10.69472,13.39828,12.0 [10.7-13.4],2022-05-26T11:22:01+02:00
cpmt,GMB,AFR,2019,WEALTHDECILE,WEALTHDECILE_WEALTHDECILE07,21.00019,16.71582,26.03934,21.0 [16.7-26.0],2022-05-26T12:09:14+02:00
cpmt,NGA,AFR,2016,DHSMICSGEOREGION,DHSMICSGEOREGION_NGAMICS201625,17.04195,13.60322,21.13727,17.0 [13.6-21.1],2022-05-26T14:38:02+02:00
cpmt,MDG,AFR,2018,EDUCATIONLEVEL,EDUCATIONLEVEL_PRLM,47.87071,45.82936,49.9192,47.9 [45.8-49.9],2022-05-26T11:20:26+02:00
cpmt,SSD,AFR,2010,DHSMICSGEOREGION,DHSMICSGEOREGION_SSDMICS201010,4.18475,2.55867,6.77241,4.2 [2.6-6.8],2022-05-26T14:47:24+02:00
cpmt,SLE,AFR,2017,WEALTHDECILE,WEALTHDECILE_WEALTHDECILE05,17.59726,15.13022,20.37002,17.6 [15.1-20.4],2022-05-26T12:31:42+02:00
cpmt,SWZ,AFR,2014,EDUCATIONLEVEL,EDUCATIONLEVEL_SHLM,69.49942,66.85386,72.02218,69.5 [66.9-72.0],2022-05-26T11:17:31+02:00
cpmt,STP,AFR,2008,RESIDENCEAREATYPE,RESIDENCEAREATYPE_URB,33.29096,28.40486,38.56481,33.3 [28.4-38.6],2022-05-26T11:39:07+02:00
cpmt,SLE,AFR,2008,WEALTHDECILE,WEALTHDECILE_WEALTHDECILE09,14.58623,10.71679,19.54693,14.6 [10.7-19.5],2022-05-26T12:31:24+02:00
cpmt,LSO,AFR,2009,RESIDENCEAREATYPE,RESIDENCEAREATYPE_RUR,42.17418,40.01531,44.36338,42.2 [40.0-44.4],2022-05-26T11:36:32+02:00
cpmt,DZA,AFR,2012,DHSMICSGEOREGION,DHSMICSGEOREGION_DZAMICS201207,49.16922,46.78567,51.55656,49.2 [46.8-51.6],2022-05-26T14:10:47+02:00
cpmt,GHA,AFR,2017,DHSMICSGEOREGION,DHSMICSGEOREGION_GHAMICS201710,29.37759,25.7181,33.32419,29.4 [25.7-33.3],2022-05-26T14:24:06+02:00
cpmt,NER,AFR,2012,WEALTHDECILE,WEALTHDECILE_WEALTHDECILE07,12.37355,9.64667,15.73698,12.4 [9.6-15.7],2022-05-26T12:22:39+02:00
cpmt,BEN,AFR,2014,DHSMICSGEOREGION,DHSMICSGEOREGION_BENMICS201412,11.47759,8.93021,14.63484,11.5 [8.9-14.6],2022-05-26T14:13:21+02:00
cpmt,BEN,AFR,2011,WEALTHDECILE,WEALTHDECILE_WEALTHDECILE02,9.46333,7.74477,11.51563,9.5 [7.7-11.5],2022-05-26T11:59:28+02:00
cpmt,ZWE,AFR,1999,RESIDENCEAREATYPE,RESIDENCEAREATYPE_RUR,48.148,45.58184,50.72397,48.1 [45.6-50.7],2022-05-26T11:40:58+02:00
cpmt,GMB,AFR,2019,DHSMICSGEOREGION,DHSMICSGEOREGION_GMBDHS201902,17.21604,14.1956,20.72394,17.2 [14.2-20.7],2022-05-26T14:23:10+02:00
cpmt,SWZ,AFR,2006,WEALTHQUINTILE,WEALTHQUINTILE_WQ3,54.1903,49.1337,59.16203,54.2 [49.1-59.2],2022-05-26T12:51:21+02:00
cpmt,CMR,AFR,2006,DHSMICSGEOREGION,DHSMICSGEOREGION_CMRMICS200603,17.03704,13.18202,21.73716,17.0 [13.2-21.7],2022-05-26T14:16:08+02:00
cpmt,NGA,AFR,2018,WEALTHDECILE,WEALTHDECILE_WEALTHDECILE05,12.61016,11.11403,14.27535,12.6 [11.1-14.3],2022-05-26T12:23:34+02:00
cpmt,TCD,AFR,2010,DHSMICSGEOREGION,DHSMICSGEOREGION_TCDMICS201001,6.59278,2.67287,15.35448,6.6 [2.7-15.4],2022-05-26T14:17:20+02:00
cpmt,GIN,AFR,1999,WEALTHDECILE,WEALTHDECILE_WEALTHDECILE01,1.42512,0.69854,2.88546,1.4 [0.7-2.9],2022-05-26T12:10:46+02:00
cpmt,SLE,AFR,2008,DHSMICSGEOREGION,DHSMICSGEOREGION_SLEDHS200803,8.43711,6.65588,10.64069,8.4 [6.7-10.6],2022-05-26T14:46:59+02:00
cpmt,LSO,AFR,2014,WEALTHDECILE,WEALTHDECILE_WEALTHDECILE04,57.50014,50.92694,63.81841,57.5 [50.9-63.8],2022-05-26T12:16:44+02:00
cpmt,CAF,AFR,2010,EDUCATIONLEVEL,EDUCATIONLEVEL_PRLM,15.40947,13.67945,17.31438,15.4 [13.7-17.3],2022-05-26T11:15:47+02:00
cpmt,MWI,AFR,2013,DHSMICSGEOREGION,DHSMICSGEOREGION_MWIMICS201316,67.98484,62.72922,72.82046,68.0 [62.7-72.8],2022-05-26T14:32:54+02:00
cpmt,CIV,AFR,2016,WEALTHDECILE,WEALTHDECILE_WEALTHDECILE05,14.10789,11.54205,17.13365,14.1 [11.5-17.1],2022-05-26T12:05:21+02:00
cpmt,BEN,AFR,2017,RESIDENCEAREATYPE,RESIDENCEAREATYPE_URB,18.07923,16.48865,19.78688,18.1 [16.5-19.8],2022-05-26T11:33:04+02:00
cpmt,NGA,AFR,1999,AGEGROUP,AGEGROUP_YEARS20-49,16.32326,14.91084,17.84142,16.3 [14.9-17.8],2022-05-26T11:04:49+02:00
cpmt,COG,AFR,2011,DHSMICSGEOREGION,DHSMICSGEOREGION_COGDHS201112,49.5155,45.53719,53.49996,49.5 [45.5-53.5],2022-05-26T14:18:17+02:00
cpmt,ZWE,AFR,2010,DHSMICSGEOREGION,DHSMICSGEOREGION_ZWEDHS201001,56.16188,50.81422,61.37012,56.2 [50.8-61.4],2022-05-26T14:53:58+02:00
cpmt,SEN,AFR,2014,DHSMICSGEOREGION,DHSMICSGEOREGION_SENDHS201410,14.37484,8.38245,23.54989,14.4 [8.4-23.5],2022-05-26T14:46:00+02:00
cpmt,MLI,AFR,2012,DHSMICSGEOREGION,DHSMICSGEOREGION_MLIDHS201202,9.65647,7.60879,12.18257,9.7 [7.6-12.2],2022-05-26T14:33:40+02:00
cpmt,CMR,AFR,2018,DHSMICSGEOREGION,DHSMICSGEOREGION_CMRDHS201808,24.2565,18.9868,30.43925,24.3 [19.0-30.4],2022-05-26T14:16:29+02:00
cpmt,NGA,AFR,2007,DHSMICSGEOREGION,DHSMICSGEOREGION_NGAMICS200726,11.67785,8.54663,15.75858,11.7 [8.5-15.8],2022-05-26T14:37:13+02:00
cpmt,RWA,AFR,2019,WEALTHDECILE,WEALTHDECILE_WEALTHDECILE06,68.87845,64.80199,72.68182,68.9 [64.8-72.7],2022-05-26T12:29:04+02:00
cpmt,AGO,AFR,2015,WEALTHQUINTILE,WEALTHQUINTILE_WQ4,20.16784,16.43925,24.49421,20.2 [16.4-24.5],2022-05-26T12:45:19+02:00
cpmt,SLE,AFR,2019,WEALTHDECILE,WEALTHDECILE_WEALTHDECILE02,17.57865,14.97723,20.52285,17.6 [15.0-20.5],2022-05-26T12:31:49+02:00
cpmt,SEN,AFR,2018,WEALTHQUINTILE,WEALTHQUINTILE_WQ4,31.64215,27.88672,35.65328,31.6 [27.9-35.7],2022-05-26T13:03:26+02:00
cpmt,MOZ,AFR,2011,WEALTHQUINTILE,WEALTHQUINTILE_WQ2,5.47841,4.17729,7.15454,5.5 [4.2-7.2],2022-05-26T12:58:32+02:00
cpmt,ZWE,AFR,2015,WEALTHDECILE,WEALTHDECILE_WEALTHDECILE01,64.02139,58.48475,69.2084,64.0 [58.5-69.2],2022-05-26T12:39:22+02:00
cpmt,MLI,AFR,1995,WEALTHDECILE,WEALTHDECILE_WEALTHDECILE10,27.96252,24.40651,31.81857,28.0 [24.4-31.8],2022-05-26T12:18:32+02:00
cpmt,MWI,AFR,2010,WEALTHQUINTILE,WEALTHQUINTILE_WQ5,53.02408,50.38742,55.64396,53.0 [50.4-55.6],2022-05-26T12:56:59+02:00
cpmt,COG,AFR,2014,WEALTHQUINTILE,WEALTHQUINTILE_WQ2,34.77568,30.87546,38.89138,34.8 [30.9-38.9],2022-05-26T12:49:18+02:00
cpmt,CIV,AFR,1994,WEALTHDECILE,WEALTHDECILE_WEALTHDECILE05,6.00172,4.07066,8.76513,6.0 [4.1-8.8],2022-05-26T12:04:57+02:00
cpmt,ZWE,AFR,2009,WEALTHDECILE,WEALTHDECILE_WEALTHDECILE02,62.47452,58.56721,66.22584,62.5 [58.6-66.2],2022-05-26T12:39:04+02:00
cpmt,ETH,AFR,2019,WEALTHDECILE,WEALTHDECILE_WEALTHDECILE05,43.40257,36.19282,50.90278,43.4 [36.2-50.9],2022-05-26T12:08:32+02:00
cpmt,SSD,AFR,2010,WEALTHDECILE,WEALTHDECILE_WEALTHDECILE08,3.98352,2.61483,6.02431,4.0 [2.6-6.0],2022-05-26T12:32:13+02:00
cpmt,MRT,AFR,2007,WEALTHDECILE,WEALTHDECILE_WEALTHDECILE03,1.68055,0.87954,3.18758,1.7 [0.9-3.2],2022-05-26T12:19:15+02:00
cpmt,CMR,AFR,2018,WEALTHDECILE,WEALTHDECILE_WEALTHDECILE05,19.82129,16.55914,23.54476,19.8 [16.6-23.5],2022-05-26T12:02:26+02:00
cpmt,LSO,AFR,2009,DHSMICSGEOREGION,DHSMICSGEOREGION_LSODHS200909,30.29942,25.11346,36.04089,30.3 [25.1-36.0],2022-05-26T14:31:50+02:00
cpmt,UGA,AFR,1995,WEALTHQUINTILE,WEALTHQUINTILE_WQ1,10.21655,8.36383,12.42403,10.2 [8.4-12.4],2022-05-26T13:06:09+02:00
cpmt,TZA,AFR,1996,DHSMICSGEOREGION,DHSMICSGEOREGION_TZADHS199613,17.77778,13.92584,22.41769,17.8 [13.9-22.4],2022-05-26T14:50:53+02:00
cpmt,CMR,AFR,2006,RESIDENCEAREATYPE,RESIDENCEAREATYPE_RUR,22.83459,19.37996,26.70109,22.8 [19.4-26.7],2022-05-26T11:33:29+02:00
cpmt,GAB,AFR,2012,WEALTHDECILE,WEALTHDECILE_WEALTHDECILE01,16.41193,13.56396,19.72144,16.4 [13.6-19.7],2022-05-26T12:08:43+02:00
cpmt,MOZ,AFR,2008,DHSMICSGEOREGION,DHSMICSGEOREGION_MOZMICS200808,18.08118,14.97597,21.66618,18.1 [15.0-21.7],2022-05-26T14:35:00+02:00
cpmt,SEN,AFR,2017,WEALTHDECILE,WEALTHDECILE_WEALTHDECILE04,20.39793,17.73144,23.3516,20.4 [17.7-23.4],2022-05-26T12:30:31+02:00
cpmt,CIV,AFR,1998,DHSMICSGEOREGION,DHSMICSGEOREGION_CIVDHS199802,20.88888,17.02536,25.36117,20.9 [17.0-25.4],2022-05-26T14:19:00+02:00
cpmt,SLE,AFR,2017,RESIDENCEAREATYPE,RESIDENCEAREATYPE_URB,30.96234,28.82631,33.18285,31.0 [28.8-33.2],2022-05-26T11:39:32+02:00
cpmt,RWA,AFR,2000,WEALTHQUINTILE,WEALTHQUINTILE_WQ5,25.52269,22.16451,29.19881,25.5 [22.2-29.2],2022-05-26T13:02:28+02:00
cpmt,BFA,AFR,2006,AGEGROUP,AGEGROUP_YEARS20-49,18.04269,14.30971,22.49386,18.0 [14.3-22.5],2022-05-26T11:00:05+02:00
cpmt,SLE,AFR,2008,DHSMICSGEOREGION,DHSMICSGEOREGION_SLEDHS200802,4.39278,3.50493,5.49272,4.4 [3.5-5.5],2022-05-26T14:46:59+02:00
cpmt,ZWE,AFR,2005,EDUCATIONLEVEL,EDUCATIONLEVEL_NHLM,34.7374,27.84243,42.338,34.7 [27.8-42.3],2022-05-26T11:26:23+02:00
cpmt,SEN,AFR,1997,WEALTHQUINTILE,WEALTHQUINTILE_WQ1,6.58409,5.09856,8.46385,6.6 [5.1-8.5],2022-05-26T13:03:00+02:00
cpmt,BFA,AFR,2006,DHSMICSGEOREGION,DHSMICSGEOREGION_BFAMICS200610,31.01284,23.21581,40.06222,31.0 [23.2-40.1],2022-05-26T14:14:29+02:00
cpmt,NAM,AFR,2000,WEALTHQUINTILE,WEALTHQUINTILE_WQ3,34.47053,28.56142,40.90222,34.5 [28.6-40.9],2022-05-26T12:58:42+02:00
cpmt,BDI,AFR,2005,DHSMICSGEOREGION,DHSMICSGEOREGION_BDIMICS200505,7.75177,6.05728,9.87047,7.8 [6.1-9.9],2022-05-26T14:14:43+02:00
cpmt,ZMB,AFR,2018,RESIDENCEAREATYPE,RESIDENCEAREATYPE_URB,54.29316,51.66336,56.89924,54.3 [51.7-56.9],2022-05-26T11:40:55+02:00
cpmt,ZWE,AFR,2010,DHSMICSGEOREGION,DHSMICSGEOREGION_ZWEDHS201004,62.13744,58.5113,65.6328,62.1 [58.5-65.6],2022-05-26T14:53:58+02:00
cpmt,NGA,AFR,2008,WEALTHQUINTILE,WEALTHQUINTILE_WQ1,3.22422,2.55571,4.06031,3.2 [2.6-4.1],2022-05-26T12:59:51+02:00
cpmt,NGA,AFR,2013,WEALTHDECILE,WEALTHDECILE_WEALTHDECILE08,25.59814,23.24838,28.09845,25.6 [23.2-28.1],2022-05-26T12:23:21+02:00
cpmt,ZWE,AFR,1999,WEALTHDECILE,WEALTHDECILE_WEALTHDECILE03,45.11247,39.8956,50.43905,45.1 [39.9-50.4],2022-05-26T12:38:51+02:00
cpmt,LSO,AFR,2009,EDUCATIONLEVEL,EDUCATIONLEVEL_NHLM,32.06701,19.8942,47.29095,32.1 [19.9-47.3],2022-05-26T11:20:11+02:00
cpmt,GHA,AFR,2014,WEALTHDECILE,WEALTHDECILE_WEALTHDECILE06,28.74892,23.90428,34.13497,28.7 [23.9-34.1],2022-05-26T12:10:06+02:00
cpmt,ZWE,AFR,1994,WEALTHDECILE,WEALTHDECILE_WEALTHDECILE10,62.8202,57.87986,67.50638,62.8 [57.9-67.5],2022-05-26T12:38:45+02:00
cpmt,TCD,AFR,2010,WEALTHQUINTILE,WEALTHQUINTILE_WQ1,4.39577,3.09001,6.21791,4.4 [3.1-6.2],2022-05-26T12:48:38+02:00
cpmt,SEN,AFR,2010,WEALTHQUINTILE,WEALTHQUINTILE_WQ4,16.87471,14.44383,19.62089,16.9 [14.4-19.6],2022-05-26T13:03:06+02:00
cpmt,BFA,AFR,1998,WEALTHDECILE,WEALTHDECILE_WEALTHDECILE01,5.85752,3.56495,9.47951,5.9 [3.6-9.5],2022-05-26T12:00:34+02:00
cpmt,BEN,AFR,2006,WEALTHDECILE,WEALTHDECILE_WEALTHDECILE07,16.78659,14.53973,19.30223,16.8 [14.5-19.3],2022-05-26T11:59:22+02:00
cpmt,NGA,AFR,2011,DHSMICSGEOREGION,DHSMICSGEOREGION_NGAMICS201115,19.88866,14.63145,26.44959,19.9 [14.6-26.4],2022-05-26T14:37:37+02:00
cpmt,ETH,AFR,2000,WEALTHQUINTILE,WEALTHQUINTILE_WQ2,3.39803,2.35957,4.87071,3.4 [2.4-4.9],2022-05-26T12:51:31+02:00
cpmt,UGA,AFR,2011,DHSMICSGEOREGION,DHSMICSGEOREGION_UGADHS201108,14.56237,11.21728,18.69495,14.6 [11.2-18.7],2022-05-26T14:50:11+02:00
cpmt,RWA,AFR,2010,DHSMICSGEOREGION,DHSMICSGEOREGION_RWADHS201005,52.31651,49.26111,55.35467,52.3 [49.3-55.4],2022-05-26T14:45:15+02:00
cpmt,NGA,AFR,2008,WEALTHDECILE,WEALTHDECILE_WEALTHDECILE09,31.45451,28.95065,34.07106,31.5 [29.0-34.1],2022-05-26T12:23:06+02:00
cpmt,BFA,AFR,1998,DHSMICSGEOREGION,DHSMICSGEOREGION_BFADHS199802,9.39824,7.20974,12.16396,9.4 [7.2-12.2],2022-05-26T14:14:16+02:00
cpmt,MOZ,AFR,2015,RESIDENCEAREATYPE,RESIDENCEAREATYPE_URB,36.63479,33.22925,40.17933,36.6 [33.2-40.2],2022-05-26T11:37:30+02:00
cpmt,ZMB,AFR,2013,WEALTHQUINTILE,WEALTHQUINTILE_WQ1,38.58061,35.46194,41.79592,38.6 [35.5-41.8],2022-05-26T13:07:40+02:00
cpmt,MRT,AFR,2015,WEALTHDECILE,WEALTHDECILE_WEALTHDECILE07,26.67087,22.51527,31.2838,26.7 [22.5-31.3],2022-05-26T12:19:25+02:00
cpmt,ZWE,AFR,1994,WEALTHQUINTILE,WEALTHQUINTILE_WQ3,43.91231,40.70782,47.16837,43.9 [40.7-47.2],2022-05-26T13:07:46+02:00
cpmt,LBR,AFR,2007,WEALTHQUINTILE,WEALTHQUINTILE_WQ5,20.37164,16.4497,24.94942,20.4 [16.4-24.9],2022-05-26T12:56:26+02:00
cpmt,SEN,AFR,2016,WEALTHDECILE,WEALTHDECILE_WEALTHDECILE05,26.34654,21.73667,31.54007,26.3 [21.7-31.5],2022-05-26T12:30:25+02:00
cpmt,NGA,AFR,2003,WEALTHDECILE,WEALTHDECILE_WEALTHDECILE05,8.87893,6.76333,11.57414,8.9 [6.8-11.6],2022-05-26T12:22:52+02:00
cpmt,ETH,AFR,2019,EDUCATIONLEVEL,EDUCATIONLEVEL_PRLM,48.96908,43.72114,54.23984,49.0 [43.7-54.2],2022-05-26T11:17:40+02:00
cpmt,BEN,AFR,2001,EDUCATIONLEVEL,EDUCATIONLEVEL_PRLM,20.10191,16.90188,23.73475,20.1 [16.9-23.7],2022-05-26T11:14:40+02:00
cpmt,SEN,AFR,2016,WEALTHQUINTILE,WEALTHQUINTILE_WQ1,15.64665,13.39595,18.19606,15.6 [13.4-18.2],2022-05-26T13:03:19+02:00
cpmt,TGO,AFR,1998,WEALTHDECILE,WEALTHDECILE_WEALTHDECILE07,23.44724,19.75574,27.59136,23.4 [19.8-27.6],2022-05-26T12:33:52+02:00
cpmt,NGA,AFR,2007,DHSMICSGEOREGION,DHSMICSGEOREGION_NGAMICS200708,1.86514,0.92761,3.71468,1.9 [0.9-3.7],2022-05-26T14:37:13+02:00
cpmt,SEN,AFR,2017,EDUCATIONLEVEL,EDUCATIONLEVEL_SHLM,35.01984,31.75196,38.43464,35.0 [31.8-38.4],2022-05-26T11:23:58+02:00
cpmt,TCD,AFR,2010,DHSMICSGEOREGION,DHSMICSGEOREGION_TCDMICS201019,3.43874,1.49397,7.71678,3.4 [1.5-7.7],2022-05-26T14:17:20+02:00
cpmt,TCD,AFR,2014,EDUCATIONLEVEL,EDUCATIONLEVEL_PRLM,8.72821,7.22941,10.50256,8.7 [7.2-10.5],2022-05-26T11:15:56+02:00
cpmt,CMR,AFR,2018,WEALTHDECILE,WEALTHDECILE_WEALTHDECILE09,27.01492,23.36526,31.00402,27.0 [23.4-31.0],2022-05-26T12:02:26+02:00
cpmt,BDI,AFR,2005,WEALTHDECILE,WEALTHDECILE_WEALTHDECILE09,9.245,6.54511,12.9048,9.2 [6.5-12.9],2022-05-26T12:01:05+02:00
cpmt,CPV,AFR,1998,DHSMICSGEOREGION,DHSMICSGEOREGION_CPVRHS199804,26.44958,20.32202,33.64458,26.4 [20.3-33.6],2022-05-26T14:15:03+02:00
cpmt,TGO,AFR,1998,EDUCATIONLEVEL,EDUCATIONLEVEL_NHLM,20.6298,18.73868,22.65857,20.6 [18.7-22.7],2022-05-26T11:24:53+02:00
cpmt,GNB,AFR,2018,DHSMICSGEOREGION,DHSMICSGEOREGION_GNBMICS201803,24.81112,22.12291,27.70975,24.8 [22.1-27.7],2022-05-26T14:25:02+02:00
cpmt,GAB,AFR,2012,WEALTHDECILE,WEALTHDECILE_WEALTHDECILE04,28.12132,23.12875,33.71886,28.1 [23.1-33.7],2022-05-26T12:08:43+02:00
cpmt,BEN,AFR,1996,WEALTHDECILE,WEALTHDECILE_WEALTHDECILE07,20.26293,15.96089,25.37442,20.3 [16.0-25.4],2022-05-26T11:59:10+02:00
cpmt,CAF,AFR,1994,WEALTHDECILE,WEALTHDECILE_WEALTHDECILE10,29.13282,23.81484,35.09135,29.1 [23.8-35.1],2022-05-26T12:02:31+02:00
cpmt,SLE,AFR,2019,WEALTHDECILE,WEALTHDECILE_WEALTHDECILE03,17.7452,14.95027,20.93403,17.7 [15.0-20.9],2022-05-26T12:31:49+02:00
cpmt,RWA,AFR,2014,DHSMICSGEOREGION,DHSMICSGEOREGION_RWADHS201404,60.82399,56.77448,64.7298,60.8 [56.8-64.7],2022-05-26T14:45:18+02:00
cpmt,GHA,AFR,2017,DHSMICSGEOREGION,DHSMICSGEOREGION_GHAMICS201701,32.25203,27.52912,37.36743,32.3 [27.5-37.4],2022-05-26T14:24:06+02:00
cpmt,CMR,AFR,1998,AGEGROUP,AGEGROUP_YEARS20-49,19.86897,18.16677,21.68839,19.9 [18.2-21.7],2022-05-26T11:00:16+02:00
cpmt,GHA,AFR,2017,WEALTHDECILE,WEALTHDECILE_WEALTHDECILE09,23.96652,20.2071,28.17835,24.0 [20.2-28.2],2022-05-26T12:10:12+02:00
cpmt,SSD,AFR,2010,WEALTHQUINTILE,WEALTHQUINTILE_WQ2,3.07792,2.17074,4.34738,3.1 [2.2-4.3],2022-05-26T13:04:16+02:00
cpmt,MLI,AFR,2006,DHSMICSGEOREGION,DHSMICSGEOREGION_MLIDHS200606,4.57447,2.83649,7.29736,4.6 [2.8-7.3],2022-05-26T14:33:29+02:00
cpmt,TCD,AFR,2004,DHSMICSGEOREGION,DHSMICSGEOREGION_TCDDHS200409,16.85472,13.42651,20.94647,16.9 [13.4-20.9],2022-05-26T14:17:13+02:00
cpmt,SEN,AFR,2016,WEALTHDECILE,WEALTHDECILE_WEALTHDECILE01,14.51053,11.609,17.98967,14.5 [11.6-18.0],2022-05-26T12:30:25+02:00
cpmt,ETH,AFR,2000,WEALTHDECILE,WEALTHDECILE_WEALTHDECILE04,3.92864,2.45761,6.22399,3.9 [2.5-6.2],2022-05-26T12:08:07+02:00
cpmt,TZA,AFR,2015,DHSMICSGEOREGION,DHSMICSGEOREGION_TZADHS201501,49.15732,39.7016,58.67372,49.2 [39.7-58.7],2022-05-26T14:51:51+02:00
cpmt,MLI,AFR,2018,WEALTHQUINTILE,WEALTHQUINTILE_WQ5,24.32039,21.60395,27.25961,24.3 [21.6-27.3],2022-05-26T12:57:38+02:00
cpmt,BEN,AFR,2001,WEALTHQUINTILE,WEALTHQUINTILE_WQ2,13.20062,10.85677,15.95988,13.2 [10.9-16.0],2022-05-26T12:46:47+02:00
cpmt,COG,AFR,2011,RESIDENCEAREATYPE,RESIDENCEAREATYPE_URB,46.32072,43.70947,48.95232,46.3 [43.7-49.0],2022-05-26T11:33:54+02:00
cpmt,GMB,AFR,2019,WEALTHQUINTILE,WEALTHQUINTILE_WQ5,18.75262,15.71159,22.22703,18.8 [15.7-22.2],2022-05-26T12:52:05+02:00
cpmt,TGO,AFR,1998,WEALTHDECILE,WEALTHDECILE_WEALTHDECILE09,28.43285,24.58184,32.62616,28.4 [24.6-32.6],2022-05-26T12:33:52+02:00
cpmt,BEN,AFR,1996,WEALTHDECILE,WEALTHDECILE_WEALTHDECILE02,10.1707,7.6141,13.46065,10.2 [7.6-13.5],2022-05-26T11:59:10+02:00
cpmt,SEN,AFR,2014,WEALTHDECILE,WEALTHDECILE_WEALTHDECILE04,16.6489,12.62941,21.63095,16.6 [12.6-21.6],2022-05-26T12:30:11+02:00
cpmt,NAM,AFR,2006,AGEGROUP,AGEGROUP_YEARS20-49,55.55593,53.30696,57.78238,55.6 [53.3-57.8],2022-05-26T11:04:28+02:00
cpmt,MOZ,AFR,1997,DHSMICSGEOREGION,DHSMICSGEOREGION_MOZDHS199710,13.75151,9.4522,19.58341,13.8 [9.5-19.6],2022-05-26T14:34:47+02:00
cpmt,NGA,AFR,2016,RESIDENCEAREATYPE,RESIDENCEAREATYPE_RUR,9.95071,9.20367,10.7512,10.0 [9.2-10.8],2022-05-26T11:38:04+02:00
cpmt,ETH,AFR,2011,DHSMICSGEOREGION,DHSMICSGEOREGION_ETHDHS201107,25.84791,21.56622,30.64751,25.8 [21.6-30.6],2022-05-26T14:22:24+02:00
cpmt,ZMB,AFR,2007,AGEGROUP,AGEGROUP_YEARS15-19,28.08664,22.74018,34.13475,28.1 [22.7-34.1],2022-05-26T11:07:55+02:00
cpmt,TCD,AFR,2019,DHSMICSGEOREGION,DHSMICSGEOREGION_TCDMICS201903,7.51812,4.78305,11.62623,7.5 [4.8-11.6],2022-05-26T14:17:44+02:00
cpmt,NGA,AFR,2008,EDUCATIONLEVEL,EDUCATIONLEVEL_SHLM,29.50355,27.91325,31.1453,29.5 [27.9-31.1],2022-05-26T11:22:08+02:00
cpmt,UGA,AFR,1995,EDUCATIONLEVEL,EDUCATIONLEVEL_SHLM,37.54328,32.66383,42.68955,37.5 [32.7-42.7],2022-05-26T11:25:25+02:00
cpmt,MRT,AFR,2007,DHSMICSGEOREGION,DHSMICSGEOREGION_MRTMICS200707,12.58777,9.4983,16.49893,12.6 [9.5-16.5],2022-05-26T14:33:55+02:00
cpmt,MOZ,AFR,2011,EDUCATIONLEVEL,EDUCATIONLEVEL_SHLM,31.71226,28.90815,34.65577,31.7 [28.9-34.7],2022-05-26T11:21:24+02:00
cpmt,TZA,AFR,1999,DHSMICSGEOREGION,DHSMICSGEOREGION_TZADHS199915,38.50657,21.09744,59.45625,38.5 [21.1-59.5],2022-05-26T14:51:06+02:00
cpmt,GHA,AFR,2011,EDUCATIONLEVEL,EDUCATIONLEVEL_NHLM,26.15679,23.72006,28.7495,26.2 [23.7-28.7],2022-05-26T11:18:08+02:00
cpmt,MOZ,AFR,2008,WEALTHQUINTILE,WEALTHQUINTILE_WQ5,32.8046,29.46538,36.32735,32.8 [29.5-36.3],2022-05-26T12:58:28+02:00
cpmt,BFA,AFR,2010,WEALTHQUINTILE,WEALTHQUINTILE_WQ1,7.42863,6.3434,8.68231,7.4 [6.3-8.7],2022-05-26T12:47:35+02:00
cpmt,CIV,AFR,1994,RESIDENCEAREATYPE,RESIDENCEAREATYPE_URB,19.28024,17.1465,21.61024,19.3 [17.1-21.6],2022-05-26T11:34:05+02:00
cpmt,SEN,AFR,2018,RESIDENCEAREATYPE,RESIDENCEAREATYPE_RUR,21.4183,19.43337,23.54673,21.4 [19.4-23.5],2022-05-26T11:39:20+02:00
cpmt,TGO,AFR,2010,WEALTHQUINTILE,WEALTHQUINTILE_WQ1,12.53019,9.80832,15.87444,12.5 [9.8-15.9],2022-05-26T13:05:16+02:00
cpmt,GNB,AFR,2006,WEALTHDECILE,WEALTHDECILE_WEALTHDECILE05,6.15326,4.22239,8.88519,6.2 [4.2-8.9],2022-05-26T12:11:13+02:00
cpmt,SEN,AFR,2010,WEALTHDECILE,WEALTHDECILE_WEALTHDECILE04,7.89435,6.11369,10.13765,7.9 [6.1-10.1],2022-05-26T12:29:57+02:00
cpmt,ZWE,AFR,1994,WEALTHDECILE,WEALTHDECILE_WEALTHDECILE06,42.91983,37.67113,48.33275,42.9 [37.7-48.3],2022-05-26T12:38:45+02:00
cpmt,GHA,AFR,2003,WEALTHDECILE,WEALTHDECILE_WEALTHDECILE06,25.6083,20.10433,32.0153,25.6 [20.1-32.0],2022-05-26T12:09:44+02:00
cpmt,UGA,AFR,2006,DHSMICSGEOREGION,DHSMICSGEOREGION_UGADHS200606,10.85487,8.14471,14.32618,10.9 [8.1-14.3],2022-05-26T14:50:06+02:00
cpmt,BDI,AFR,2005,AGEGROUP,AGEGROUP_YEARS15-19,3.54454,1.60423,7.64924,3.5 [1.6-7.6],2022-05-26T11:00:07+02:00
cpmt,GNB,AFR,2014,DHSMICSGEOREGION,DHSMICSGEOREGION_GNBMICS201403,3.71021,2.5053,5.46215,3.7 [2.5-5.5],2022-05-26T14:24:57+02:00
cpmt,RWA,AFR,2014,EDUCATIONLEVEL,EDUCATIONLEVEL_SHLM,54.67674,50.8938,58.40644,54.7 [50.9-58.4],2022-05-26T11:23:34+02:00
cpmt,KEN,AFR,1993,WEALTHQUINTILE,WEALTHQUINTILE_WQ5,51.73455,48.02707,55.42303,51.7 [48.0-55.4],2022-05-26T12:55:26+02:00
cpmt,BDI,AFR,2010,EDUCATIONLEVEL,EDUCATIONLEVEL_NHLM,17.5281,15.86958,19.32015,17.5 [15.9-19.3],2022-05-26T11:15:12+02:00
cpmt,TCD,AFR,1996,AGEGROUP,AGEGROUP_YEARS20-49,4.30503,3.70502,4.99717,4.3 [3.7-5.0],2022-05-26T11:00:30+02:00
cpmt,ZWE,AFR,2010,EDUCATIONLEVEL,EDUCATIONLEVEL_NHLM,42.99716,34.68938,51.71899,43.0 [34.7-51.7],2022-05-26T11:26:27+02:00
cpmt,MLI,AFR,1995,RESIDENCEAREATYPE,RESIDENCEAREATYPE_URB,16.21567,14.01091,18.69197,16.2 [14.0-18.7],2022-05-26T11:37:00+02:00
cpmt,MWI,AFR,2006,EDUCATIONLEVEL,EDUCATIONLEVEL_PRLM,40.26518,38.66629,41.88504,40.3 [38.7-41.9],2022-05-26T11:20:32+02:00
cpmt,GNB,AFR,2006,WEALTHDECILE,WEALTHDECILE_WEALTHDECILE07,11.12897,7.95373,15.36028,11.1 [8.0-15.4],2022-05-26T12:11:13+02:00
cpmt,BFA,AFR,2010,EDUCATIONLEVEL,EDUCATIONLEVEL_SHLM,50.48843,46.10231,54.86704,50.5 [46.1-54.9],2022-05-26T11:15:09+02:00
cpmt,GMB,AFR,2019,WEALTHDECILE,WEALTHDECILE_WEALTHDECILE08,24.04612,19.98102,28.64222,24.0 [20.0-28.6],2022-05-26T12:09:14+02:00
cpmt,MDG,AFR,2003,WEALTHDECILE,WEALTHDECILE_WEALTHDECILE02,6.2958,4.05007,9.66137,6.3 [4.1-9.7],2022-05-26T12:17:18+02:00
cpmt,DZA,AFR,2018,WEALTHDECILE,WEALTHDECILE_WEALTHDECILE05,51.80127,48.94962,54.64123,51.8 [48.9-54.6],2022-05-26T11:56:21+02:00
cpmt,NAM,AFR,2013,WEALTHQUINTILE,WEALTHQUINTILE_WQ4,58.99084,54.60165,63.24135,59.0 [54.6-63.2],2022-05-26T12:58:49+02:00
cpmt,DZA,AFR,2018,WEALTHDECILE,WEALTHDECILE_WEALTHDECILE08,55.20063,52.18049,58.18288,55.2 [52.2-58.2],2022-05-26T11:56:21+02:00
cpmt,BEN,AFR,2011,DHSMICSGEOREGION,DHSMICSGEOREGION_BENDHS201111,15.04544,12.02885,18.65809,15.0 [12.0-18.7],2022-05-26T14:13:14+02:00
cpmt,TCD,AFR,2019,WEALTHDECILE,WEALTHDECILE_WEALTHDECILE10,16.46392,13.69387,19.66664,16.5 [13.7-19.7],2022-05-26T12:03:13+02:00
cpmt,MDG,AFR,2018,AGEGROUP,AGEGROUP_YEARS15-19,30.92948,27.78237,34.26395,30.9 [27.8-34.3],2022-05-26T11:03:43+02:00
cpmt,SWZ,AFR,2010,EDUCATIONLEVEL,EDUCATIONLEVEL_NHLM,54.45642,45.99896,62.6644,54.5 [46.0-62.7],2022-05-26T11:17:29+02:00
cpmt,MDG,AFR,2008,DHSMICSGEOREGION,DHSMICSGEOREGION_MDGDHS200817,26.01188,19.48362,33.80904,26.0 [19.5-33.8],2022-05-26T14:32:21+02:00
cpmt,MWI,AFR,2015,DHSMICSGEOREGION,DHSMICSGEOREGION_MWIDHS201502,63.92115,61.9622,65.83483,63.9 [62.0-65.8],2022-05-26T14:33:08+02:00
cpmt,MWI,AFR,2006,WEALTHDECILE,WEALTHDECILE_WEALTHDECILE03,35.01741,31.85926,38.31261,35.0 [31.9-38.3],2022-05-26T12:17:47+02:00
cpmt,RWA,AFR,2019,RESIDENCEAREATYPE,RESIDENCEAREATYPE_URB,60.46108,56.69318,64.10869,60.5 [56.7-64.1],2022-05-26T11:39:03+02:00
cpmt,MLI,AFR,2012,DHSMICSGEOREGION,DHSMICSGEOREGION_MLIDHS201201,7.09476,5.43959,9.20454,7.1 [5.4-9.2],2022-05-26T14:33:40+02:00
cpmt,SEN,AFR,2017,DHSMICSGEOREGION,DHSMICSGEOREGION_SENDHS201714,21.82834,17.49921,26.87952,21.8 [17.5-26.9],2022-05-26T14:46:25+02:00
cpmt,GNB,AFR,2014,WEALTHDECILE,WEALTHDECILE_WEALTHDECILE06,13.24194,10.31676,16.84076,13.2 [10.3-16.8],2022-05-26T12:11:19+02:00
cpmt,MLI,AFR,2001,DHSMICSGEOREGION,DHSMICSGEOREGION_MLIDHS200105,3.53135,2.4457,5.07386,3.5 [2.4-5.1],2022-05-26T14:33:23+02:00
cpmt,MLI,AFR,2009,WEALTHQUINTILE,WEALTHQUINTILE_WQ1,4.0286,3.20479,5.05312,4.0 [3.2-5.1],2022-05-26T12:57:29+02:00
cpmt,ETH,AFR,2011,DHSMICSGEOREGION,DHSMICSGEOREGION_ETHDHS201108,33.79464,24.81104,44.12222,33.8 [24.8-44.1],2022-05-26T14:22:24+02:00
cpmt,ZMB,AFR,1996,WEALTHDECILE,WEALTHDECILE_WEALTHDECILE07,23.68837,19.91393,27.92873,23.7 [19.9-27.9],2022-05-26T12:38:13+02:00
cpmt,UGA,AFR,2000,RESIDENCEAREATYPE,RESIDENCEAREATYPE_RUR,19.25631,17.39798,21.26203,19.3 [17.4-21.3],2022-05-26T11:40:21+02:00
cpmt,DZA,AFR,2012,WEALTHQUINTILE,WEALTHQUINTILE_WQ2,55.92314,53.6312,58.19011,55.9 [53.6-58.2],2022-05-26T12:45:12+02:00
cpmt,ZWE,AFR,2009,DHSMICSGEOREGION,DHSMICSGEOREGION_ZWEMICS200908,67.22269,62.93045,71.24503,67.2 [62.9-71.2],2022-05-26T14:53:52+02:00
cpmt,GHA,AFR,1993,WEALTHDECILE,WEALTHDECILE_WEALTHDECILE03,11.68091,8.68592,15.53293,11.7 [8.7-15.5],2022-05-26T12:09:32+02:00
cpmt,UGA,AFR,2000,DHSMICSGEOREGION,DHSMICSGEOREGION_UGADHS200004,17.98931,14.79128,21.70268,18.0 [14.8-21.7],2022-05-26T14:50:03+02:00
cpmt,MWI,AFR,2006,WEALTHDECILE,WEALTHDECILE_WEALTHDECILE07,39.03302,36.04661,42.10396,39.0 [36.0-42.1],2022-05-26T12:17:47+02:00
cpmt,STP,AFR,2019,EDUCATIONLEVEL,EDUCATIONLEVEL_SHLM,50.36445,46.1734,54.55039,50.4 [46.2-54.6],2022-05-26T11:23:44+02:00
cpmt,ZMB,AFR,1996,WEALTHDECILE,WEALTHDECILE_WEALTHDECILE02,21.61622,17.77286,26.02762,21.6 [17.8-26.0],2022-05-26T12:38:13+02:00
cpmt,NGA,AFR,2007,DHSMICSGEOREGION,DHSMICSGEOREGION_NGAMICS200733,1.40647,0.67008,2.92825,1.4 [0.7-2.9],2022-05-26T14:37:13+02:00
cpmt,GIN,AFR,2018,EDUCATIONLEVEL,EDUCATIONLEVEL_PRLM,11.77511,9.16116,15.01164,11.8 [9.2-15.0],2022-05-26T11:18:29+02:00
cpmt,CAF,AFR,2006,WEALTHDECILE,WEALTHDECILE_WEALTHDECILE04,12.32569,9.75844,15.45268,12.3 [9.8-15.5],2022-05-26T12:02:37+02:00
cpmt,SEN,AFR,2016,DHSMICSGEOREGION,DHSMICSGEOREGION_SENDHS201604,26.73142,17.56833,38.44477,26.7 [17.6-38.4],2022-05-26T14:46:17+02:00
cpmt,DZA,AFR,2018,WEALTHQUINTILE,WEALTHQUINTILE_WQ2,52.27855,50.16869,54.38032,52.3 [50.2-54.4],2022-05-26T12:45:15+02:00
cpmt,CMR,AFR,2018,DHSMICSGEOREGION,DHSMICSGEOREGION_CMRDHS201802,24.91621,21.01586,29.27217,24.9 [21.0-29.3],2022-05-26T14:16:29+02:00
cpmt,NER,AFR,1998,WEALTHDECILE,WEALTHDECILE_WEALTHDECILE08,9.22604,7.17837,11.78366,9.2 [7.2-11.8],2022-05-26T12:22:25+02:00
cpmt,NGA,AFR,2011,WEALTHDECILE,WEALTHDECILE_WEALTHDECILE05,14.78945,12.732,17.11417,14.8 [12.7-17.1],2022-05-26T12:23:13+02:00
cpmt,SEN,AFR,2017,WEALTHQUINTILE,WEALTHQUINTILE_WQ4,36.82535,33.92973,39.81915,36.8 [33.9-39.8],2022-05-26T13:03:23+02:00
cpmt,MWI,AFR,2004,EDUCATIONLEVEL,EDUCATIONLEVEL_SHLM,44.18114,40.15938,48.28071,44.2 [40.2-48.3],2022-05-26T11:20:30+02:00
cpmt,KEN,AFR,1998,WEALTHDECILE,WEALTHDECILE_WEALTHDECILE09,55.59573,50.26784,60.79797,55.6 [50.3-60.8],2022-05-26T12:15:17+02:00
cpmt,CMR,AFR,1998,WEALTHQUINTILE,WEALTHQUINTILE_WQ5,40.74188,36.5629,45.05924,40.7 [36.6-45.1],2022-05-26T12:48:02+02:00
cpmt,SLE,AFR,2017,DHSMICSGEOREGION,DHSMICSGEOREGION_SLEMICS201704,30.22132,27.29101,33.32207,30.2 [27.3-33.3],2022-05-26T14:47:05+02:00
cpmt,CMR,AFR,2018,WEALTHQUINTILE,WEALTHQUINTILE_WQ4,24.14872,21.36355,27.17153,24.1 [21.4-27.2],2022-05-26T12:48:16+02:00
cpmt,CMR,AFR,2006,DHSMICSGEOREGION,DHSMICSGEOREGION_CMRMICS200612,53.16987,45.5266,60.66723,53.2 [45.5-60.7],2022-05-26T14:16:08+02:00
cpmt,SEN,AFR,2018,WEALTHQUINTILE,WEALTHQUINTILE_WQ3,26.64197,23.56808,29.95962,26.6 [23.6-30.0],2022-05-26T13:03:26+02:00
cpmt,BEN,AFR,2001,DHSMICSGEOREGION,DHSMICSGEOREGION_BENDHS200101,4.9638,3.24591,7.52023,5.0 [3.2-7.5],2022-05-26T14:13:02+02:00
cpmt,STP,AFR,2014,WEALTHDECILE,WEALTHDECILE_WEALTHDECILE06,45.53236,36.69641,54.65884,45.5 [36.7-54.7],2022-05-26T12:29:30+02:00
cpmt,SEN,AFR,1997,WEALTHDECILE,WEALTHDECILE_WEALTHDECILE04,8.65962,6.15711,12.04866,8.7 [6.2-12.0],2022-05-26T12:29:44+02:00
cpmt,MDG,AFR,2003,RESIDENCEAREATYPE,RESIDENCEAREATYPE_RUR,23.0983,19.27351,27.42427,23.1 [19.3-27.4],2022-05-26T11:36:44+02:00
cpmt,ZMB,AFR,2013,WEALTHDECILE,WEALTHDECILE_WEALTHDECILE04,43.56285,39.98244,47.21167,43.6 [40.0-47.2],2022-05-26T12:38:32+02:00
cpmt,DZA,AFR,2018,WEALTHQUINTILE,WEALTHQUINTILE_WQ5,56.60926,54.26556,58.92375,56.6 [54.3-58.9],2022-05-26T12:45:15+02:00
cpmt,UGA,AFR,2006,DHSMICSGEOREGION,DHSMICSGEOREGION_UGADHS200605,20.07121,15.90592,25.00296,20.1 [15.9-25.0],2022-05-26T14:50:06+02:00
cpmt,TCD,AFR,2019,WEALTHQUINTILE,WEALTHQUINTILE_WQ2,5.56198,4.30568,7.15743,5.6 [4.3-7.2],2022-05-26T12:48:45+02:00
cpmt,ZAF,AFR,1998,WEALTHDECILE,WEALTHDECILE_WEALTHDECILE07,54.19019,48.05376,60.20207,54.2 [48.1-60.2],2022-05-26T12:32:01+02:00
cpmt,MWI,AFR,2015,WEALTHQUINTILE,WEALTHQUINTILE_WQ4,60.6252,58.47936,62.73081,60.6 [58.5-62.7],2022-05-26T12:57:06+02:00
cpmt,MWI,AFR,2019,RESIDENCEAREATYPE,RESIDENCEAREATYPE_RUR,65.61234,64.44202,66.764,65.6 [64.4-66.8],2022-05-26T11:36:56+02:00
cpmt,BFA,AFR,1998,AGEGROUP,AGEGROUP_YEARS20-49,12.28979,10.8103,13.94012,12.3 [10.8-13.9],2022-05-26T11:00:02+02:00
cpmt,LSO,AFR,2018,WEALTHDECILE,WEALTHDECILE_WEALTHDECILE07,65.5584,59.11822,71.4736,65.6 [59.1-71.5],2022-05-26T12:16:50+02:00
cpmt,ZMB,AFR,1996,EDUCATIONLEVEL,EDUCATIONLEVEL_PRLM,23.38609,21.59146,25.28179,23.4 [21.6-25.3],2022-05-26T11:26:12+02:00
cpmt,SLE,AFR,2013,WEALTHDECILE,WEALTHDECILE_WEALTHDECILE04,11.6807,9.5946,14.14939,11.7 [9.6-14.1],2022-05-26T12:31:36+02:00
cpmt,CMR,AFR,2006,WEALTHDECILE,WEALTHDECILE_WEALTHDECILE05,38.77361,33.32433,44.519,38.8 [33.3-44.5],2022-05-26T12:02:08+02:00
cpmt,MRT,AFR,2011,WEALTHDECILE,WEALTHDECILE_WEALTHDECILE06,9.92155,7.58636,12.8754,9.9 [7.6-12.9],2022-05-26T12:19:21+02:00
cpmt,NER,AFR,2006,DHSMICSGEOREGION,DHSMICSGEOREGION_NERDHS200601,16.4693,12.34089,21.63789,16.5 [12.3-21.6],2022-05-26T14:36:53+02:00
cpmt,TZA,AFR,2004,DHSMICSGEOREGION,DHSMICSGEOREGION_TZADHS200416,19.77223,13.34814,28.27907,19.8 [13.3-28.3],2022-05-26T14:51:19+02:00
cpmt,BDI,AFR,2005,WEALTHDECILE,WEALTHDECILE_WEALTHDECILE03,7.78594,5.63173,10.67099,7.8 [5.6-10.7],2022-05-26T12:01:05+02:00
cpmt,SEN,AFR,2012,AGEGROUP,AGEGROUP_YEARS15-19,3.30394,1.95749,5.52435,3.3 [2.0-5.5],2022-05-26T11:06:07+02:00
cpmt,NER,AFR,1998,WEALTHDECILE,WEALTHDECILE_WEALTHDECILE07,5.71072,3.68292,8.75353,5.7 [3.7-8.8],2022-05-26T12:22:25+02:00
cpmt,GIN,AFR,2016,WEALTHDECILE,WEALTHDECILE_WEALTHDECILE08,8.21836,6.26445,10.71205,8.2 [6.3-10.7],2022-05-26T12:11:02+02:00
cpmt,GAB,AFR,2000,DHSMICSGEOREGION,DHSMICSGEOREGION_GABDHS200003,28.40766,24.99682,32.08482,28.4 [25.0-32.1],2022-05-26T14:22:42+02:00
cpmt,SEN,AFR,2015,DHSMICSGEOREGION,DHSMICSGEOREGION_SENDHS201513,12.64784,6.2052,24.0635,12.6 [6.2-24.1],2022-05-26T14:46:09+02:00
cpmt,NAM,AFR,2000,DHSMICSGEOREGION,DHSMICSGEOREGION_NAMDHS200007,12.35028,6.53941,22.10348,12.4 [6.5-22.1],2022-05-26T14:35:34+02:00
cpmt,COD,AFR,2007,AGEGROUP,AGEGROUP_YEARS20-49,21.10304,19.12618,23.22555,21.1 [19.1-23.2],2022-05-26T11:01:04+02:00
cpmt,MWI,AFR,2015,WEALTHDECILE,WEALTHDECILE_WEALTHDECILE07,61.55886,58.66768,64.37063,61.6 [58.7-64.4],2022-05-26T12:18:05+02:00
cpmt,KEN,AFR,1993,WEALTHDECILE,WEALTHDECILE_WEALTHDECILE01,13.02173,9.33547,17.87658,13.0 [9.3-17.9],2022-05-26T12:15:11+02:00
cpmt,TGO,AFR,2010,WEALTHDECILE,WEALTHDECILE_WEALTHDECILE07,16.82547,12.60428,22.1028,16.8 [12.6-22.1],2022-05-26T12:34:04+02:00
cpmt,MRT,AFR,2011,DHSMICSGEOREGION,DHSMICSGEOREGION_MRTMICS201101,3.5706,2.2172,5.70195,3.6 [2.2-5.7],2022-05-26T14:34:03+02:00
cpmt,CMR,AFR,1998,WEALTHDECILE,WEALTHDECILE_WEALTHDECILE09,37.05251,31.84318,42.58162,37.1 [31.8-42.6],2022-05-26T12:01:55+02:00
cpmt,ZMB,AFR,2001,AGEGROUP,AGEGROUP_YEARS15-19,25.5365,21.81842,29.64791,25.5 [21.8-29.6],2022-05-26T11:07:54+02:00
cpmt,NER,AFR,2012,DHSMICSGEOREGION,DHSMICSGEOREGION_NERDHS201204,11.20504,9.14106,13.66496,11.2 [9.1-13.7],2022-05-26T14:36:58+02:00
cpmt,BEN,AFR,2014,WEALTHDECILE,WEALTHDECILE_WEALTHDECILE09,22.71176,19.72638,26.00259,22.7 [19.7-26.0],2022-05-26T11:59:34+02:00
cpmt,ZWE,AFR,2010,WEALTHDECILE,WEALTHDECILE_WEALTHDECILE06,55.19023,48.44929,61.74569,55.2 [48.4-61.7],2022-05-26T12:39:10+02:00
cpmt,STP,AFR,2008,WEALTHDECILE,WEALTHDECILE_WEALTHDECILE09,37.40851,29.35877,46.22122,37.4 [29.4-46.2],2022-05-26T12:29:24+02:00
cpmt,TZA,AFR,2010,WEALTHQUINTILE,WEALTHQUINTILE_WQ5,50.55388,46.93967,54.16232,50.6 [46.9-54.2],2022-05-26T13:06:47+02:00
cpmt,LBR,AFR,2013,EDUCATIONLEVEL,EDUCATIONLEVEL_SHLM,28.64423,23.30727,34.65112,28.6 [23.3-34.7],2022-05-26T11:20:18+02:00
cpmt,MLI,AFR,2006,EDUCATIONLEVEL,EDUCATIONLEVEL_SHLM,28.97876,24.63293,33.74798,29.0 [24.6-33.7],2022-05-26T11:20:47+02:00
cpmt,GNB,AFR,2006,WEALTHDECILE,WEALTHDECILE_WEALTHDECILE10,24.29152,19.50265,29.82068,24.3 [19.5-29.8],2022-05-26T12:11:13+02:00
cpmt,NAM,AFR,2006,WEALTHDECILE,WEALTHDECILE_WEALTHDECILE08,68.73757,61.65329,75.04288,68.7 [61.7-75.0],2022-05-26T12:21:02+02:00
cpmt,CIV,AFR,2016,DHSMICSGEOREGION,DHSMICSGEOREGION_CIVMICS201605,11.00138,7.58165,15.70154,11.0 [7.6-15.7],2022-05-26T14:19:16+02:00
cpmt,COD,AFR,2007,DHSMICSGEOREGION,DHSMICSGEOREGION_CODDHS200705,11.83278,6.80788,19.77939,11.8 [6.8-19.8],2022-05-26T14:19:23+02:00
cpmt,TZA,AFR,1999,WEALTHDECILE,WEALTHDECILE_WEALTHDECILE02,14.76187,10.72371,19.98034,14.8 [10.7-20.0],2022-05-26T12:36:40+02:00
cpmt,KEN,AFR,2008,WEALTHQUINTILE,WEALTHQUINTILE_WQ3,49.77041,44.60442,54.94131,49.8 [44.6-54.9],2022-05-26T12:55:36+02:00
cpmt,COD,AFR,2010,DHSMICSGEOREGION,DHSMICSGEOREGION_CODMICS201010,13.38013,9.83746,17.94468,13.4 [9.8-17.9],2022-05-26T14:19:29+02:00
cpmt,MWI,AFR,2010,WEALTHDECILE,WEALTHDECILE_WEALTHDECILE04,44.54803,41.50295,47.63459,44.5 [41.5-47.6],2022-05-26T12:17:53+02:00
cpmt,GHA,AFR,2014,WEALTHQUINTILE,WEALTHQUINTILE_WQ5,27.97201,23.0671,33.46619,28.0 [23.1-33.5],2022-05-26T12:52:33+02:00
cpmt,ZWE,AFR,1999,EDUCATIONLEVEL,EDUCATIONLEVEL_NHLM,40.8459,35.85722,46.03057,40.8 [35.9-46.0],2022-05-26T11:26:22+02:00
cpmt,SLE,AFR,2017,DHSMICSGEOREGION,DHSMICSGEOREGION_SLEMICS201701,23.36373,21.25846,25.60969,23.4 [21.3-25.6],2022-05-26T14:47:05+02:00
cpmt,GHA,AFR,2011,WEALTHQUINTILE,WEALTHQUINTILE_WQ2,33.03808,29.34208,36.95614,33.0 [29.3-37.0],2022-05-26T12:52:30+02:00
cpmt,BFA,AFR,1998,WEALTHDECILE,WEALTHDECILE_WEALTHDECILE04,11.57453,7.39835,17.65854,11.6 [7.4-17.7],2022-05-26T12:00:35+02:00
cpmt,NGA,AFR,2011,WEALTHQUINTILE,WEALTHQUINTILE_WQ1,5.69406,4.73401,6.83485,5.7 [4.7-6.8],2022-05-26T12:59:54+02:00
cpmt,SEN,AFR,2017,WEALTHQUINTILE,WEALTHQUINTILE_WQ5,38.52594,34.39308,42.8312,38.5 [34.4-42.8],2022-05-26T13:03:23+02:00
cpmt,CIV,AFR,2011,DHSMICSGEOREGION,DHSMICSGEOREGION_CIVDHS201104,19.26007,13.96401,25.95871,19.3 [14.0-26.0],2022-05-26T14:19:10+02:00
cpmt,NER,AFR,1998,AGEGROUP,AGEGROUP_YEARS15-19,6.08479,4.69238,7.85633,6.1 [4.7-7.9],2022-05-26T11:04:45+02:00
cpmt,COD,AFR,2007,WEALTHDECILE,WEALTHDECILE_WEALTHDECILE04,15.29847,11.19054,20.56519,15.3 [11.2-20.6],2022-05-26T12:05:26+02:00
cpmt,ZMB,AFR,2001,WEALTHQUINTILE,WEALTHQUINTILE_WQ1,22.99234,20.12476,26.13484,23.0 [20.1-26.1],2022-05-26T13:07:33+02:00
cpmt,KEN,AFR,1998,WEALTHQUINTILE,WEALTHQUINTILE_WQ4,46.61844,42.67886,50.60067,46.6 [42.7-50.6],2022-05-26T12:55:29+02:00
cpmt,MLI,AFR,2006,DHSMICSGEOREGION,DHSMICSGEOREGION_MLIDHS200608,9.3037,4.12923,19.63447,9.3 [4.1-19.6],2022-05-26T14:33:29+02:00
cpmt,TZA,AFR,2010,WEALTHDECILE,WEALTHDECILE_WEALTHDECILE07,37.6685,32.67353,42.94006,37.7 [32.7-42.9],2022-05-26T12:36:53+02:00
cpmt,UGA,AFR,2011,DHSMICSGEOREGION,DHSMICSGEOREGION_UGADHS201110,29.55131,24.55135,35.09588,29.6 [24.6-35.1],2022-05-26T14:50:11+02:00
cpmt,NGA,AFR,2007,DHSMICSGEOREGION,DHSMICSGEOREGION_NGAMICS200711,6.52174,4.21786,9.95328,6.5 [4.2-10.0],2022-05-26T14:37:13+02:00
cpmt,GMB,AFR,2013,WEALTHDECILE,WEALTHDECILE_WEALTHDECILE07,10.6968,6.92168,16.17312,10.7 [6.9-16.2],2022-05-26T12:09:01+02:00
cpmt,SEN,AFR,2014,RESIDENCEAREATYPE,RESIDENCEAREATYPE_URB,31.11139,27.3927,35.09093,31.1 [27.4-35.1],2022-05-26T11:39:15+02:00
cpmt,TCD,AFR,2014,DHSMICSGEOREGION,DHSMICSGEOREGION_TCDDHS201401,1.03164,0.51513,2.05536,1.0 [0.5-2.1],2022-05-26T14:17:31+02:00
cpmt,ZMB,AFR,2007,EDUCATIONLEVEL,EDUCATIONLEVEL_SHLM,50.57997,47.32347,53.83155,50.6 [47.3-53.8],2022-05-26T11:26:15+02:00
cpmt,NGA,AFR,2007,EDUCATIONLEVEL,EDUCATIONLEVEL_PRLM,20.42759,18.33502,22.69261,20.4 [18.3-22.7],2022-05-26T11:22:06+02:00
cpmt,UGA,AFR,2006,WEALTHQUINTILE,WEALTHQUINTILE_WQ3,19.38141,16.58377,22.52356,19.4 [16.6-22.5],2022-05-26T13:06:16+02:00
cpmt,ZWE,AFR,2015,DHSMICSGEOREGION,DHSMICSGEOREGION_ZWEDHS201502,66.42481,62.11628,70.47623,66.4 [62.1-70.5],2022-05-26T14:54:10+02:00
cpmt,ZWE,AFR,2010,WEALTHDECILE,WEALTHDECILE_WEALTHDECILE05,60.25124,54.8348,65.42766,60.3 [54.8-65.4],2022-05-26T12:39:10+02:00
cpmt,BFA,AFR,2003,WEALTHQUINTILE,WEALTHQUINTILE_WQ2,11.38278,9.57153,13.48565,11.4 [9.6-13.5],2022-05-26T12:47:29+02:00
cpmt,TZA,AFR,1999,WEALTHDECILE,WEALTHDECILE_WEALTHDECILE08,36.37351,24.90111,49.63789,36.4 [24.9-49.6],2022-05-26T12:36:40+02:00
cpmt,UGA,AFR,2006,WEALTHQUINTILE,WEALTHQUINTILE_WQ5,47.51185,44.03087,51.01718,47.5 [44.0-51.0],2022-05-26T13:06:16+02:00
cpmt,CAF,AFR,2010,DHSMICSGEOREGION,DHSMICSGEOREGION_CAFMICS201010,6.98327,4.49608,10.69233,7.0 [4.5-10.7],2022-05-26T14:16:50+02:00
cpmt,ZAF,AFR,2016,WEALTHDECILE,WEALTHDECILE_WEALTHDECILE04,48.6737,41.50935,55.89297,48.7 [41.5-55.9],2022-05-26T12:32:07+02:00
cpmt,SEN,AFR,2017,DHSMICSGEOREGION,DHSMICSGEOREGION_SENDHS201703,16.78804,14.31914,19.58531,16.8 [14.3-19.6],2022-05-26T14:46:25+02:00
cpmt,NER,AFR,2012,WEALTHDECILE,WEALTHDECILE_WEALTHDECILE03,9.02661,6.96051,11.62934,9.0 [7.0-11.6],2022-05-26T12:22:39+02:00
cpmt,BEN,AFR,2006,DHSMICSGEOREGION,DHSMICSGEOREGION_BENDHS200610,24.31201,21.76039,27.05935,24.3 [21.8-27.1],2022-05-26T14:13:07+02:00
cpmt,ETH,AFR,2000,WEALTHDECILE,WEALTHDECILE_WEALTHDECILE03,2.89875,1.75442,4.75338,2.9 [1.8-4.8],2022-05-26T12:08:07+02:00
cpmt,NER,AFR,2012,EDUCATIONLEVEL,EDUCATIONLEVEL_SHLM,32.28533,28.61249,36.19061,32.3 [28.6-36.2],2022-05-26T11:22:01+02:00
cpmt,MLI,AFR,2006,DHSMICSGEOREGION,DHSMICSGEOREGION_MLIDHS200603,6.54856,5.16849,8.26503,6.5 [5.2-8.3],2022-05-26T14:33:29+02:00
cpmt,TCD,AFR,1996,AGEGROUP,AGEGROUP_YEARS15-19,3.09987,2.15947,4.43124,3.1 [2.2-4.4],2022-05-26T11:00:30+02:00
cpmt,SEN,AFR,2005,WEALTHDECILE,WEALTHDECILE_WEALTHDECILE09,22.34324,18.6163,26.57268,22.3 [18.6-26.6],2022-05-26T12:29:50+02:00
cpmt,GIN,AFR,2012,DHSMICSGEOREGION,DHSMICSGEOREGION_GINDHS201204,1.6895,1.02028,2.78533,1.7 [1.0-2.8],2022-05-26T14:24:41+02:00
cpmt,TZA,AFR,2015,DHSMICSGEOREGION,DHSMICSGEOREGION_TZADHS201522,53.98099,46.88388,60.92026,54.0 [46.9-60.9],2022-05-26T14:51:51+02:00
cpmt,MOZ,AFR,1997,RESIDENCEAREATYPE,RESIDENCEAREATYPE_URB,17.71103,14.22915,21.8281,17.7 [14.2-21.8],2022-05-26T11:37:25+02:00
cpmt,MRT,AFR,2007,DHSMICSGEOREGION,DHSMICSGEOREGION_MRTMICS200709,5.12277,2.39273,10.62851,5.1 [2.4-10.6],2022-05-26T14:33:55+02:00
cpmt,COM,AFR,1996,WEALTHDECILE,WEALTHDECILE_WEALTHDECILE10,34.86842,27.74202,42.74259,34.9 [27.7-42.7],2022-05-26T12:03:44+02:00
cpmt,GHA,AFR,2006,EDUCATIONLEVEL,EDUCATIONLEVEL_PRLM,16.76864,13.70437,20.35646,16.8 [13.7-20.4],2022-05-26T11:18:04+02:00
cpmt,NAM,AFR,2013,WEALTHDECILE,WEALTHDECILE_WEALTHDECILE01,36.921,31.17497,43.06344,36.9 [31.2-43.1],2022-05-26T12:21:08+02:00
cpmt,NER,AFR,2006,WEALTHDECILE,WEALTHDECILE_WEALTHDECILE02,10.2542,8.29173,12.61722,10.3 [8.3-12.6],2022-05-26T12:22:32+02:00
cpmt,MOZ,AFR,1997,DHSMICSGEOREGION,DHSMICSGEOREGION_MOZDHS199705,9.2504,5.51931,15.10059,9.3 [5.5-15.1],2022-05-26T14:34:47+02:00
cpmt,GIN,AFR,1999,AGEGROUP,AGEGROUP_YEARS15-19,3.42659,2.23776,5.21331,3.4 [2.2-5.2],2022-05-26T11:02:12+02:00
cpmt,NGA,AFR,2018,DHSMICSGEOREGION,DHSMICSGEOREGION_NGADHS201803,6.75886,5.62176,8.10619,6.8 [5.6-8.1],2022-05-26T14:38:18+02:00
cpmt,NAM,AFR,2006,DHSMICSGEOREGION,DHSMICSGEOREGION_NAMDHS200605,39.09469,34.13798,44.28715,39.1 [34.1-44.3],2022-05-26T14:35:42+02:00
cpmt,NAM,AFR,2006,DHSMICSGEOREGION,DHSMICSGEOREGION_NAMDHS200604,63.84217,58.16573,69.1568,63.8 [58.2-69.2],2022-05-26T14:35:42+02:00
cpmt,NGA,AFR,2003,AGEGROUP,AGEGROUP_YEARS20-49,13.53044,12.16355,15.02466,13.5 [12.2-15.0],2022-05-26T11:04:50+02:00
cpmt,TZA,AFR,2004,DHSMICSGEOREGION,DHSMICSGEOREGION_TZADHS200422,7.78707,5.19125,11.52312,7.8 [5.2-11.5],2022-05-26T14:51:20+02:00
cpmt,NER,AFR,1998,WEALTHDECILE,WEALTHDECILE_WEALTHDECILE05,5.7921,4.0842,8.15349,5.8 [4.1-8.2],2022-05-26T12:22:25+02:00
cpmt,CIV,AFR,1994,DHSMICSGEOREGION,DHSMICSGEOREGION_CIVDHS199409,4.65398,2.7412,7.79452,4.7 [2.7-7.8],2022-05-26T14:18:56+02:00
cpmt,MRT,AFR,2011,AGEGROUP,AGEGROUP_YEARS20-49,11.70751,10.86242,12.60906,11.7 [10.9-12.6],2022-05-26T11:04:06+02:00
cpmt,TZA,AFR,1999,DHSMICSGEOREGION,DHSMICSGEOREGION_TZADHS199920,10.52005,5.95283,17.92359,10.5 [6.0-17.9],2022-05-26T14:51:06+02:00
cpmt,BDI,AFR,2016,WEALTHDECILE,WEALTHDECILE_WEALTHDECILE08,26.57952,23.14449,30.32323,26.6 [23.1-30.3],2022-05-26T12:01:19+02:00
cpmt,RWA,AFR,2005,WEALTHDECILE,WEALTHDECILE_WEALTHDECILE04,15.05571,12.55945,17.94628,15.1 [12.6-17.9],2022-05-26T12:28:45+02:00
cpmt,MOZ,AFR,2008,EDUCATIONLEVEL,EDUCATIONLEVEL_PRLM,15.83219,14.2416,17.56403,15.8 [14.2-17.6],2022-05-26T11:21:22+02:00
cpmt,SLE,AFR,2019,DHSMICSGEOREGION,DHSMICSGEOREGION_SLEDHS201904,23.65946,21.11591,26.40682,23.7 [21.1-26.4],2022-05-26T14:47:08+02:00
cpmt,NGA,AFR,1999,RESIDENCEAREATYPE,RESIDENCEAREATYPE_URB,23.40532,20.30773,26.81641,23.4 [20.3-26.8],2022-05-26T11:37:56+02:00
cpmt,MLI,AFR,2006,WEALTHQUINTILE,WEALTHQUINTILE_WQ1,3.54521,2.72949,4.5932,3.5 [2.7-4.6],2022-05-26T12:57:25+02:00
cpmt,CMR,AFR,2006,RESIDENCEAREATYPE,RESIDENCEAREATYPE_URB,36.64101,33.29314,40.12305,36.6 [33.3-40.1],2022-05-26T11:33:29+02:00
cpmt,GHA,AFR,2006,DHSMICSGEOREGION,DHSMICSGEOREGION_GHAMICS200606,18.23179,14.34608,22.88873,18.2 [14.3-22.9],2022-05-26T14:23:43+02:00
cpmt,COD,AFR,2010,DHSMICSGEOREGION,DHSMICSGEOREGION_CODMICS201005,16.30339,11.75226,22.17413,16.3 [11.8-22.2],2022-05-26T14:19:29+02:00
cpmt,MWI,AFR,2015,DHSMICSGEOREGION,DHSMICSGEOREGION_MWIDHS201503,55.47782,53.9608,56.98469,55.5 [54.0-57.0],2022-05-26T14:33:08+02:00
cpmt,ZWE,AFR,2014,WEALTHDECILE,WEALTHDECILE_WEALTHDECILE10,73.04157,70.00968,75.87257,73.0 [70.0-75.9],2022-05-26T12:39:16+02:00
cpmt,KEN,AFR,1998,RESIDENCEAREATYPE,RESIDENCEAREATYPE_RUR,36.16956,34.3445,38.03542,36.2 [34.3-38.0],2022-05-26T11:36:16+02:00
cpmt,UGA,AFR,2016,DHSMICSGEOREGION,DHSMICSGEOREGION_UGADHS201613,43.34089,38.97095,47.81693,43.3 [39.0-47.8],2022-05-26T14:50:18+02:00
cpmt,LSO,AFR,2014,DHSMICSGEOREGION,DHSMICSGEOREGION_LSODHS201401,56.50951,50.81661,62.03573,56.5 [50.8-62.0],2022-05-26T14:31:55+02:00
cpmt,BFA,AFR,2003,DHSMICSGEOREGION,DHSMICSGEOREGION_BFADHS200308,9.89607,7.50445,12.94323,9.9 [7.5-12.9],2022-05-26T14:14:20+02:00
cpmt,LBR,AFR,2013,WEALTHQUINTILE,WEALTHQUINTILE_WQ5,23.29474,17.22195,30.71436,23.3 [17.2-30.7],2022-05-26T12:56:29+02:00
cpmt,BFA,AFR,1998,WEALTHDECILE,WEALTHDECILE_WEALTHDECILE08,8.99351,6.38318,12.52846,9.0 [6.4-12.5],2022-05-26T12:00:35+02:00
cpmt,CMR,AFR,2006,DHSMICSGEOREGION,DHSMICSGEOREGION_CMRMICS200604,28.18536,21.46221,36.0479,28.2 [21.5-36.0],2022-05-26T14:16:08+02:00
cpmt,TCD,AFR,2014,WEALTHDECILE,WEALTHDECILE_WEALTHDECILE08,2.86592,1.87758,4.35144,2.9 [1.9-4.4],2022-05-26T12:03:08+02:00
cpmt,MWI,AFR,2010,EDUCATIONLEVEL,EDUCATIONLEVEL_PRLM,46.02121,44.48193,47.56812,46.0 [44.5-47.6],2022-05-26T11:20:33+02:00
cpmt,TCD,AFR,2019,DHSMICSGEOREGION,DHSMICSGEOREGION_TCDMICS201921,1.15023,0.53546,2.45342,1.2 [0.5-2.5],2022-05-26T14:17:44+02:00
cpmt,ZMB,AFR,2018,EDUCATIONLEVEL,EDUCATIONLEVEL_NHLM,37.7306,33.78373,41.84716,37.7 [33.8-41.8],2022-05-26T11:26:18+02:00
cpmt,MWI,AFR,2019,WEALTHQUINTILE,WEALTHQUINTILE_WQ4,62.98907,60.60545,65.31101,63.0 [60.6-65.3],2022-05-26T12:57:09+02:00
cpmt,SEN,AFR,2014,DHSMICSGEOREGION,DHSMICSGEOREGION_SENDHS201405,13.85567,9.60375,19.58228,13.9 [9.6-19.6],2022-05-26T14:46:01+02:00
cpmt,GNB,AFR,2018,AGEGROUP,AGEGROUP_YEARS15-19,8.2676,5.57121,12.10175,8.3 [5.6-12.1],2022-05-26T11:02:20+02:00
cpmt,GIN,AFR,2005,WEALTHDECILE,WEALTHDECILE_WEALTHDECILE01,4.23781,3.13973,5.69735,4.2 [3.1-5.7],2022-05-26T12:10:51+02:00
cpmt,CMR,AFR,2004,RESIDENCEAREATYPE,RESIDENCEAREATYPE_URB,36.20127,34.02087,38.44,36.2 [34.0-38.4],2022-05-26T11:33:28+02:00
cpmt,ZWE,AFR,2010,WEALTHQUINTILE,WEALTHQUINTILE_WQ5,64.57221,61.51426,67.5155,64.6 [61.5-67.5],2022-05-26T13:08:00+02:00
cpmt,MLI,AFR,2001,AGEGROUP,AGEGROUP_YEARS20-49,8.46211,7.63033,9.37535,8.5 [7.6-9.4],2022-05-26T11:03:57+02:00
cpmt,BDI,AFR,2016,AGEGROUP,AGEGROUP_YEARS15-19,24.23905,18.04787,31.73173,24.2 [18.0-31.7],2022-05-26T11:00:09+02:00
cpmt,SEN,AFR,2017,EDUCATIONLEVEL,EDUCATIONLEVEL_PRLM,34.84819,32.19978,37.59365,34.8 [32.2-37.6],2022-05-26T11:23:58+02:00
cpmt,NGA,AFR,2016,DHSMICSGEOREGION,DHSMICSGEOREGION_NGAMICS201621,6.34209,4.31561,9.22836,6.3 [4.3-9.2],2022-05-26T14:38:02+02:00
cpmt,MOZ,AFR,2003,DHSMICSGEOREGION,DHSMICSGEOREGION_MOZDHS200302,24.87369,20.67634,29.60509,24.9 [20.7-29.6],2022-05-26T14:34:53+02:00
cpmt,LBR,AFR,2019,WEALTHDECILE,WEALTHDECILE_WEALTHDECILE10,18.73596,12.67012,26.81417,18.7 [12.7-26.8],2022-05-26T12:17:06+02:00
cpmt,TCD,AFR,2019,DHSMICSGEOREGION,DHSMICSGEOREGION_TCDMICS201909,9.38311,6.41049,13.53482,9.4 [6.4-13.5],2022-05-26T14:17:44+02:00
cpmt,TZA,AFR,2010,DHSMICSGEOREGION,DHSMICSGEOREGION_TZADHS201026,11.14233,7.67893,15.8988,11.1 [7.7-15.9],2022-05-26T14:51:35+02:00
cpmt,MWI,AFR,2013,DHSMICSGEOREGION,DHSMICSGEOREGION_MWIMICS201303,51.60473,47.06011,56.12296,51.6 [47.1-56.1],2022-05-26T14:32:54+02:00
cpmt,MLI,AFR,2018,WEALTHQUINTILE,WEALTHQUINTILE_WQ4,21.12108,18.49199,24.01384,21.1 [18.5-24.0],2022-05-26T12:57:38+02:00
cpmt,MOZ,AFR,2003,WEALTHDECILE,WEALTHDECILE_WEALTHDECILE07,22.30548,18.58395,26.52943,22.3 [18.6-26.5],2022-05-26T12:20:26+02:00
cpmt,GIN,AFR,2012,WEALTHDECILE,WEALTHDECILE_WEALTHDECILE02,3.2638,1.67305,6.27057,3.3 [1.7-6.3],2022-05-26T12:10:57+02:00
cpmt,SWZ,AFR,2010,DHSMICSGEOREGION,DHSMICSGEOREGION_SWZMICS201001,62.69656,57.57436,67.5489,62.7 [57.6-67.5],2022-05-26T14:22:06+02:00
cpmt,GIN,AFR,2012,DHSMICSGEOREGION,DHSMICSGEOREGION_GINDHS201207,0.68438,0.34661,1.34682,0.7 [0.3-1.3],2022-05-26T14:24:41+02:00
cpmt,MLI,AFR,1995,DHSMICSGEOREGION,DHSMICSGEOREGION_MLIDHS199501,4.85919,3.43674,6.82875,4.9 [3.4-6.8],2022-05-26T14:33:18+02:00
cpmt,KEN,AFR,2008,DHSMICSGEOREGION,DHSMICSGEOREGION_KENDHS200807,46.52269,41.06973,52.06006,46.5 [41.1-52.1],2022-05-26T14:30:47+02:00
cpmt,LBR,AFR,2013,WEALTHDECILE,WEALTHDECILE_WEALTHDECILE02,15.80373,12.65162,19.56526,15.8 [12.7-19.6],2022-05-26T12:17:01+02:00
cpmt,COD,AFR,2007,DHSMICSGEOREGION,DHSMICSGEOREGION_CODDHS200704,16.0111,11.60035,21.68748,16.0 [11.6-21.7],2022-05-26T14:19:23+02:00
cpmt,MRT,AFR,2011,DHSMICSGEOREGION,DHSMICSGEOREGION_MRTMICS201112,21.49645,19.54586,23.58463,21.5 [19.5-23.6],2022-05-26T14:34:03+02:00
cpmt,COG,AFR,2011,DHSMICSGEOREGION,DHSMICSGEOREGION_COGDHS201101,27.89638,24.46813,31.60398,27.9 [24.5-31.6],2022-05-26T14:18:17+02:00
cpmt,MDG,AFR,2008,WEALTHQUINTILE,WEALTHQUINTILE_WQ4,49.05681,46.51009,51.60844,49.1 [46.5-51.6],2022-05-26T12:56:42+02:00
cpmt,KEN,AFR,1998,WEALTHQUINTILE,WEALTHQUINTILE_WQ5,58.78014,54.76891,62.67805,58.8 [54.8-62.7],2022-05-26T12:55:29+02:00
cpmt,BFA,AFR,2006,WEALTHQUINTILE,WEALTHQUINTILE_WQ1,9.39298,7.42489,11.81615,9.4 [7.4-11.8],2022-05-26T12:47:32+02:00
cpmt,CMR,AFR,2018,DHSMICSGEOREGION,DHSMICSGEOREGION_CMRDHS201810,14.92759,10.70713,20.43099,14.9 [10.7-20.4],2022-05-26T14:16:29+02:00
cpmt,DZA,AFR,2012,AGEGROUP,AGEGROUP_YEARS15-19,28.69918,21.53622,37.11755,28.7 [21.5-37.1],2022-05-26T10:59:09+02:00
cpmt,CAF,AFR,1994,WEALTHDECILE,WEALTHDECILE_WEALTHDECILE06,11.60376,8.97453,14.87738,11.6 [9.0-14.9],2022-05-26T12:02:31+02:00
cpmt,GMB,AFR,2019,DHSMICSGEOREGION,DHSMICSGEOREGION_GMBDHS201905,22.20757,18.65853,26.21412,22.2 [18.7-26.2],2022-05-26T14:23:10+02:00
cpmt,COM,AFR,1996,WEALTHDECILE,WEALTHDECILE_WEALTHDECILE07,17.72152,12.0615,25.27421,17.7 [12.1-25.3],2022-05-26T12:03:44+02:00
cpmt,MDG,AFR,2018,RESIDENCEAREATYPE,RESIDENCEAREATYPE_RUR,43.90719,41.96216,45.87111,43.9 [42.0-45.9],2022-05-26T11:36:46+02:00
cpmt,ZWE,AFR,1994,DHSMICSGEOREGION,DHSMICSGEOREGION_ZWEDHS199402,48.45808,41.11165,55.87177,48.5 [41.1-55.9],2022-05-26T14:53:34+02:00
cpmt,GMB,AFR,2013,AGEGROUP,AGEGROUP_YEARS20-49,9.48678,8.15067,11.01566,9.5 [8.2-11.0],2022-05-26T11:01:50+02:00
cpmt,MRT,AFR,2015,WEALTHDECILE,WEALTHDECILE_WEALTHDECILE02,7.20692,5.12242,10.04982,7.2 [5.1-10.0],2022-05-26T12:19:25+02:00
cpmt,SEN,AFR,2005,WEALTHDECILE,WEALTHDECILE_WEALTHDECILE06,12.60741,10.19098,15.49794,12.6 [10.2-15.5],2022-05-26T12:29:50+02:00
cpmt,KEN,AFR,1993,DHSMICSGEOREGION,DHSMICSGEOREGION_KENDHS199303,20.1827,16.47623,24.4786,20.2 [16.5-24.5],2022-05-26T14:30:35+02:00
cpmt,NGA,AFR,2011,EDUCATIONLEVEL,EDUCATIONLEVEL_PRLM,20.71759,18.96862,22.58289,20.7 [19.0-22.6],2022-05-26T11:22:09+02:00
cpmt,GMB,AFR,2013,WEALTHQUINTILE,WEALTHQUINTILE_WQ4,12.11024,9.1908,15.79573,12.1 [9.2-15.8],2022-05-26T12:51:59+02:00
cpmt,SEN,AFR,2010,DHSMICSGEOREGION,DHSMICSGEOREGION_SENDHS201004,17.65629,13.97983,22.05174,17.7 [14.0-22.1],2022-05-26T14:45:44+02:00
cpmt,ZWE,AFR,2009,EDUCATIONLEVEL,EDUCATIONLEVEL_NHLM,50.63637,43.73841,57.51019,50.6 [43.7-57.5],2022-05-26T11:26:25+02:00
cpmt,MRT,AFR,2007,WEALTHQUINTILE,WEALTHQUINTILE_WQ5,18.98752,16.64976,21.56858,19.0 [16.6-21.6],2022-05-26T12:57:42+02:00
cpmt,CPV,AFR,1998,RESIDENCEAREATYPE,RESIDENCEAREATYPE_URB,70.16758,66.34507,73.72785,70.2 [66.3-73.7],2022-05-26T11:33:22+02:00
cpmt,KEN,AFR,1998,WEALTHDECILE,WEALTHDECILE_WEALTHDECILE03,23.78193,19.87396,28.18803,23.8 [19.9-28.2],2022-05-26T12:15:17+02:00
cpmt,MLI,AFR,2006,DHSMICSGEOREGION,DHSMICSGEOREGION_MLIDHS200607,5.09108,3.59687,7.1599,5.1 [3.6-7.2],2022-05-26T14:33:29+02:00
cpmt,COD,AFR,2010,EDUCATIONLEVEL,EDUCATIONLEVEL_PRLM,13.83772,11.86954,16.07275,13.8 [11.9-16.1],2022-05-26T11:16:42+02:00
cpmt,KEN,AFR,1998,WEALTHDECILE,WEALTHDECILE_WEALTHDECILE01,19.67779,16.09325,23.83394,19.7 [16.1-23.8],2022-05-26T12:15:17+02:00
cpmt,TCD,AFR,1996,DHSMICSGEOREGION,DHSMICSGEOREGION_TCDDHS199607,0.43517,0.06234,2.97141,0.4 [0.1-3.0],2022-05-26T14:17:05+02:00
cpmt,NGA,AFR,2016,DHSMICSGEOREGION,DHSMICSGEOREGION_NGAMICS201627,21.33014,16.85257,26.61653,21.3 [16.9-26.6],2022-05-26T14:38:02+02:00
cpmt,NGA,AFR,2007,DHSMICSGEOREGION,DHSMICSGEOREGION_NGAMICS200736,2.2449,1.42336,3.52366,2.2 [1.4-3.5],2022-05-26T14:37:13+02:00
cpmt,TCD,AFR,2004,EDUCATIONLEVEL,EDUCATIONLEVEL_PRLM,10.60776,7.96088,14.00081,10.6 [8.0-14.0],2022-05-26T11:15:52+02:00
cpmt,ETH,AFR,2000,DHSMICSGEOREGION,DHSMICSGEOREGION_ETHDHS200005,2.58833,0.57237,10.92464,2.6 [0.6-10.9],2022-05-26T14:22:12+02:00
cpmt,GIN,AFR,2012,RESIDENCEAREATYPE,RESIDENCEAREATYPE_URB,8.68893,6.98196,10.76493,8.7 [7.0-10.8],2022-05-26T11:35:19+02:00
cpmt,LBR,AFR,2013,WEALTHDECILE,WEALTHDECILE_WEALTHDECILE09,22.68319,17.25189,29.22057,22.7 [17.3-29.2],2022-05-26T12:17:01+02:00
cpmt,LSO,AFR,2014,DHSMICSGEOREGION,DHSMICSGEOREGION_LSODHS201407,64.03764,58.66818,69.07721,64.0 [58.7-69.1],2022-05-26T14:31:55+02:00
cpmt,GNB,AFR,2018,WEALTHDECILE,WEALTHDECILE_WEALTHDECILE05,19.76578,16.55904,23.41921,19.8 [16.6-23.4],2022-05-26T12:11:25+02:00
cpmt,COD,AFR,2017,DHSMICSGEOREGION,DHSMICSGEOREGION_CODMICS201720,47.30006,41.47958,53.19486,47.3 [41.5-53.2],2022-05-26T14:19:46+02:00
cpmt,ZWE,AFR,2014,EDUCATIONLEVEL,EDUCATIONLEVEL_SHLM,69.35921,68.06675,70.62193,69.4 [68.1-70.6],2022-05-26T11:26:29+02:00
cpmt,SEN,AFR,2017,RESIDENCEAREATYPE,RESIDENCEAREATYPE_RUR,19.92892,18.30463,21.65912,19.9 [18.3-21.7],2022-05-26T11:39:19+02:00
cpmt,MDG,AFR,2018,DHSMICSGEOREGION,DHSMICSGEOREGION_MDGMICS201821,32.01884,26.55737,38.02199,32.0 [26.6-38.0],2022-05-26T14:32:33+02:00
cpmt,BDI,AFR,2010,RESIDENCEAREATYPE,RESIDENCEAREATYPE_RUR,20.61155,19.08339,22.22846,20.6 [19.1-22.2],2022-05-26T11:33:19+02:00
cpmt,MOZ,AFR,2003,DHSMICSGEOREGION,DHSMICSGEOREGION_MOZDHS200309,16.64021,13.62407,20.16815,16.6 [13.6-20.2],2022-05-26T14:34:53+02:00
cpmt,TCD,AFR,2019,DHSMICSGEOREGION,DHSMICSGEOREGION_TCDMICS201904,11.24403,7.68385,16.16491,11.2 [7.7-16.2],2022-05-26T14:17:44+02:00
cpmt,ETH,AFR,2000,DHSMICSGEOREGION,DHSMICSGEOREGION_ETHDHS200001,10.1678,7.21348,14.14759,10.2 [7.2-14.1],2022-05-26T14:22:12+02:00
cpmt,TZA,AFR,1999,WEALTHQUINTILE,WEALTHQUINTILE_WQ1,15.39562,11.99521,19.54589,15.4 [12.0-19.5],2022-05-26T13:06:41+02:00
cpmt,CMR,AFR,2011,WEALTHQUINTILE,WEALTHQUINTILE_WQ1,2.94336,2.18431,3.95552,2.9 [2.2-4.0],2022-05-26T12:48:10+02:00
cpmt,RWA,AFR,2000,WEALTHQUINTILE,WEALTHQUINTILE_WQ2,10.67569,8.301,13.62874,10.7 [8.3-13.6],2022-05-26T13:02:28+02:00
cpmt,ZWE,AFR,2015,WEALTHDECILE,WEALTHDECILE_WEALTHDECILE05,59.71222,55.04941,64.20585,59.7 [55.0-64.2],2022-05-26T12:39:22+02:00
cpmt,MOZ,AFR,2011,DHSMICSGEOREGION,DHSMICSGEOREGION_MOZDHS201110,33.6102,30.07774,37.33601,33.6 [30.1-37.3],2022-05-26T14:35:08+02:00
cpmt,NAM,AFR,2006,WEALTHDECILE,WEALTHDECILE_WEALTHDECILE10,74.12859,68.28709,79.2215,74.1 [68.3-79.2],2022-05-26T12:21:02+02:00
cpmt,MDG,AFR,2008,DHSMICSGEOREGION,DHSMICSGEOREGION_MDGDHS200804,57.03232,50.32643,63.48968,57.0 [50.3-63.5],2022-05-26T14:32:21+02:00
cpmt,ZWE,AFR,2009,DHSMICSGEOREGION,DHSMICSGEOREGION_ZWEMICS200905,67.61957,63.11145,71.82274,67.6 [63.1-71.8],2022-05-26T14:53:52+02:00
cpmt,MDG,AFR,2018,WEALTHDECILE,WEALTHDECILE_WEALTHDECILE08,50.44706,46.58899,54.29983,50.4 [46.6-54.3],2022-05-26T12:17:29+02:00
cpmt,NGA,AFR,1999,RESIDENCEAREATYPE,RESIDENCEAREATYPE_RUR,12.02325,10.73563,13.44205,12.0 [10.7-13.4],2022-05-26T11:37:56+02:00
cpmt,BFA,AFR,2003,WEALTHDECILE,WEALTHDECILE_WEALTHDECILE02,8.74191,6.63359,11.43822,8.7 [6.6-11.4],2022-05-26T12:00:44+02:00
cpmt,GIN,AFR,2016,WEALTHQUINTILE,WEALTHQUINTILE_WQ5,11.56525,9.1887,14.4586,11.6 [9.2-14.5],2022-05-26T12:53:05+02:00
cpmt,SLE,AFR,2017,RESIDENCEAREATYPE,RESIDENCEAREATYPE_RUR,16.89888,15.76944,18.09183,16.9 [15.8-18.1],2022-05-26T11:39:32+02:00
cpmt,TZA,AFR,1996,WEALTHDECILE,WEALTHDECILE_WEALTHDECILE07,16.27879,13.43687,19.58578,16.3 [13.4-19.6],2022-05-26T12:36:34+02:00
cpmt,UGA,AFR,2016,WEALTHDECILE,WEALTHDECILE_WEALTHDECILE07,44.81131,41.32635,48.348,44.8 [41.3-48.3],2022-05-26T12:36:05+02:00
cpmt,SEN,AFR,2005,WEALTHQUINTILE,WEALTHQUINTILE_WQ5,24.56024,21.22233,28.23497,24.6 [21.2-28.2],2022-05-26T13:03:03+02:00
cpmt,GHA,AFR,2003,DHSMICSGEOREGION,DHSMICSGEOREGION_GHADHS200303,33.97497,28.48107,39.93684,34.0 [28.5-39.9],2022-05-26T14:23:38+02:00
cpmt,COG,AFR,2011,AGEGROUP,AGEGROUP_YEARS15-19,36.1975,30.11472,42.75721,36.2 [30.1-42.8],2022-05-26T11:00:46+02:00
cpmt,NGA,AFR,2011,DHSMICSGEOREGION,DHSMICSGEOREGION_NGAMICS201129,32.52389,27.32023,38.19779,32.5 [27.3-38.2],2022-05-26T14:37:37+02:00
cpmt,NER,AFR,2012,AGEGROUP,AGEGROUP_YEARS15-19,7.02541,5.39634,9.09897,7.0 [5.4-9.1],2022-05-26T11:04:48+02:00
cpmt,ZWE,AFR,1999,WEALTHQUINTILE,WEALTHQUINTILE_WQ4,55.5289,50.73259,60.22437,55.5 [50.7-60.2],2022-05-26T13:07:50+02:00
cpmt,MOZ,AFR,2011,DHSMICSGEOREGION,DHSMICSGEOREGION_MOZDHS201103,5.04138,3.22201,7.80524,5.0 [3.2-7.8],2022-05-26T14:35:08+02:00
cpmt,GMB,AFR,2013,WEALTHQUINTILE,WEALTHQUINTILE_WQ1,4.6589,3.48455,6.20358,4.7 [3.5-6.2],2022-05-26T12:51:59+02:00
cpmt,ZWE,AFR,2014,DHSMICSGEOREGION,DHSMICSGEOREGION_ZWEMICS201408,69.32753,66.6185,71.90941,69.3 [66.6-71.9],2022-05-26T14:54:04+02:00
cpmt,TZA,AFR,1999,DHSMICSGEOREGION,DHSMICSGEOREGION_TZADHS199914,14.00633,9.61168,19.96644,14.0 [9.6-20.0],2022-05-26T14:51:06+02:00
cpmt,LBR,AFR,2019,WEALTHQUINTILE,WEALTHQUINTILE_WQ5,19.52596,14.6705,25.50803,19.5 [14.7-25.5],2022-05-26T12:56:33+02:00
cpmt,ETH,AFR,2000,WEALTHQUINTILE,WEALTHQUINTILE_WQ3,3.12429,2.10729,4.609,3.1 [2.1-4.6],2022-05-26T12:51:31+02:00
cpmt,BEN,AFR,2017,WEALTHDECILE,WEALTHDECILE_WEALTHDECILE10,27.11521,23.99809,30.47486,27.1 [24.0-30.5],2022-05-26T11:59:40+02:00
cpmt,GHA,AFR,2003,WEALTHDECILE,WEALTHDECILE_WEALTHDECILE03,23.45819,18.18907,29.69957,23.5 [18.2-29.7],2022-05-26T12:09:44+02:00
cpmt,NGA,AFR,2013,DHSMICSGEOREGION,DHSMICSGEOREGION_NGADHS201306,38.0402,35.32393,40.83347,38.0 [35.3-40.8],2022-05-26T14:37:53+02:00
cpmt,GNB,AFR,2006,AGEGROUP,AGEGROUP_YEARS20-49,10.50914,9.21055,11.96669,10.5 [9.2-12.0],2022-05-26T11:02:18+02:00
cpmt,KEN,AFR,2003,RESIDENCEAREATYPE,RESIDENCEAREATYPE_URB,47.55502,43.50753,51.63488,47.6 [43.5-51.6],2022-05-26T11:36:17+02:00
cpmt,GHA,AFR,2008,DHSMICSGEOREGION,DHSMICSGEOREGION_GHADHS200808,5.92557,3.51619,9.81793,5.9 [3.5-9.8],2022-05-26T14:23:49+02:00
cpmt,BEN,AFR,2014,DHSMICSGEOREGION,DHSMICSGEOREGION_BENMICS201401,17.65096,14.32354,21.55687,17.7 [14.3-21.6],2022-05-26T14:13:21+02:00
cpmt,TZA,AFR,2010,DHSMICSGEOREGION,DHSMICSGEOREGION_TZADHS201006,41.56823,34.65009,48.83541,41.6 [34.7-48.8],2022-05-26T14:51:35+02:00
cpmt,GMB,AFR,2019,EDUCATIONLEVEL,EDUCATIONLEVEL_NHLM,18.41263,16.61352,20.359,18.4 [16.6-20.4],2022-05-26T11:17:53+02:00
cpmt,TCD,AFR,2014,DHSMICSGEOREGION,DHSMICSGEOREGION_TCDDHS201412,3.05232,1.63237,5.63666,3.1 [1.6-5.6],2022-05-26T14:17:32+02:00
cpmt,CMR,AFR,2014,WEALTHDECILE,WEALTHDECILE_WEALTHDECILE06,40.53252,35.31194,45.97636,40.5 [35.3-46.0],2022-05-26T12:02:21+02:00
cpmt,NGA,AFR,2016,DHSMICSGEOREGION,DHSMICSGEOREGION_NGAMICS201609,23.01617,17.9829,28.96076,23.0 [18.0-29.0],2022-05-26T14:38:01+02:00
cpmt,GMB,AFR,2018,WEALTHQUINTILE,WEALTHQUINTILE_WQ3,15.06581,12.61309,17.89779,15.1 [12.6-17.9],2022-05-26T12:52:02+02:00
cpmt,SEN,AFR,2017,WEALTHDECILE,WEALTHDECILE_WEALTHDECILE06,31.27066,27.02411,35.85664,31.3 [27.0-35.9],2022-05-26T12:30:31+02:00
cpmt,GIN,AFR,2018,DHSMICSGEOREGION,DHSMICSGEOREGION_GINDHS201807,2.25879,1.27852,3.96052,2.3 [1.3-4.0],2022-05-26T14:24:50+02:00
cpmt,GIN,AFR,2005,DHSMICSGEOREGION,DHSMICSGEOREGION_GINDHS200508,7.29577,5.40893,9.7728,7.3 [5.4-9.8],2022-05-26T14:24:37+02:00
cpmt,GHA,AFR,1998,DHSMICSGEOREGION,DHSMICSGEOREGION_GHADHS199804,21.14715,16.9121,26.10947,21.1 [16.9-26.1],2022-05-26T14:23:32+02:00
cpmt,SLE,AFR,2013,WEALTHQUINTILE,WEALTHQUINTILE_WQ1,12.51707,10.6982,14.59465,12.5 [10.7-14.6],2022-05-26T13:03:55+02:00
cpmt,TCD,AFR,2010,DHSMICSGEOREGION,DHSMICSGEOREGION_TCDMICS201018,11.06751,8.6458,14.06313,11.1 [8.6-14.1],2022-05-26T14:17:20+02:00
cpmt,TZA,AFR,2004,DHSMICSGEOREGION,DHSMICSGEOREGION_TZADHS200423,20.97537,16.37085,26.46513,21.0 [16.4-26.5],2022-05-26T14:51:20+02:00
cpmt,SWZ,AFR,2014,WEALTHDECILE,WEALTHDECILE_WEALTHDECILE08,71.3167,60.66567,80.03289,71.3 [60.7-80.0],2022-05-26T12:08:02+02:00
cpmt,SEN,AFR,2017,AGEGROUP,AGEGROUP_YEARS15-19,8.68635,6.42117,11.65111,8.7 [6.4-11.7],2022-05-26T11:06:12+02:00
cpmt,SWZ,AFR,2010,WEALTHDECILE,WEALTHDECILE_WEALTHDECILE07,68.2221,60.78305,74.83427,68.2 [60.8-74.8],2022-05-26T12:07:56+02:00
cpmt,BEN,AFR,2011,AGEGROUP,AGEGROUP_YEARS15-19,8.24145,5.78064,11.62064,8.2 [5.8-11.6],2022-05-26T10:59:49+02:00
cpmt,CIV,AFR,2016,DHSMICSGEOREGION,DHSMICSGEOREGION_CIVMICS201606,16.08991,12.60949,20.30774,16.1 [12.6-20.3],2022-05-26T14:19:16+02:00
cpmt,ZWE,AFR,2015,WEALTHQUINTILE,WEALTHQUINTILE_WQ3,64.14674,60.61525,67.53119,64.1 [60.6-67.5],2022-05-26T13:08:07+02:00
cpmt,COG,AFR,2011,WEALTHDECILE,WEALTHDECILE_WEALTHDECILE05,46.57091,40.91942,52.31183,46.6 [40.9-52.3],2022-05-26T12:04:00+02:00
cpmt,MLI,AFR,2009,WEALTHQUINTILE,WEALTHQUINTILE_WQ2,5.20464,4.26625,6.33579,5.2 [4.3-6.3],2022-05-26T12:57:29+02:00
cpmt,CMR,AFR,2011,DHSMICSGEOREGION,DHSMICSGEOREGION_CMRDHS201102,33.58807,28.94018,38.57719,33.6 [28.9-38.6],2022-05-26T14:16:15+02:00
cpmt,SEN,AFR,2019,DHSMICSGEOREGION,DHSMICSGEOREGION_SENDHS201908,19.29314,13.52756,26.75573,19.3 [13.5-26.8],2022-05-26T14:46:41+02:00
cpmt,MDG,AFR,2003,WEALTHQUINTILE,WEALTHQUINTILE_WQ2,13.99179,10.44687,18.49123,14.0 [10.4-18.5],2022-05-26T12:56:39+02:00
cpmt,MOZ,AFR,2008,DHSMICSGEOREGION,DHSMICSGEOREGION_MOZMICS200806,10.62327,7.95265,14.05379,10.6 [8.0-14.1],2022-05-26T14:35:00+02:00
cpmt,BDI,AFR,2016,RESIDENCEAREATYPE,RESIDENCEAREATYPE_RUR,27.72539,26.39452,29.09684,27.7 [26.4-29.1],2022-05-26T11:33:21+02:00
cpmt,CIV,AFR,1998,WEALTHQUINTILE,WEALTHQUINTILE_WQ1,4.75481,2.47211,8.95185,4.8 [2.5-9.0],2022-05-26T12:49:48+02:00
cpmt,AGO,AFR,2015,DHSMICSGEOREGION,DHSMICSGEOREGION_AGODHS201502,10.36652,7.58772,14.00872,10.4 [7.6-14.0],2022-05-26T14:10:58+02:00
cpmt,SEN,AFR,2015,WEALTHQUINTILE,WEALTHQUINTILE_WQ4,27.80604,23.50317,32.56136,27.8 [23.5-32.6],2022-05-26T13:03:16+02:00
cpmt,CAF,AFR,1994,EDUCATIONLEVEL,EDUCATIONLEVEL_NHLM,10.06885,8.8222,11.46949,10.1 [8.8-11.5],2022-05-26T11:15:44+02:00
cpmt,AGO,AFR,2015,DHSMICSGEOREGION,DHSMICSGEOREGION_AGODHS201504,24.70869,20.43373,29.5459,24.7 [20.4-29.5],2022-05-26T14:10:58+02:00
cpmt,CMR,AFR,2018,DHSMICSGEOREGION,DHSMICSGEOREGION_CMRDHS201807,8.01724,6.12588,10.42768,8.0 [6.1-10.4],2022-05-26T14:16:29+02:00
cpmt,MDG,AFR,2008,WEALTHQUINTILE,WEALTHQUINTILE_WQ2,28.54636,25.49353,31.8087,28.5 [25.5-31.8],2022-05-26T12:56:42+02:00
cpmt,SLE,AFR,2005,EDUCATIONLEVEL,EDUCATIONLEVEL_SHLM,20.32305,16.95395,24.16682,20.3 [17.0-24.2],2022-05-26T11:24:11+02:00
cpmt,COD,AFR,2017,DHSMICSGEOREGION,DHSMICSGEOREGION_CODMICS201718,17.68582,11.58329,26.05594,17.7 [11.6-26.1],2022-05-26T14:19:46+02:00
cpmt,MDG,AFR,2008,WEALTHDECILE,WEALTHDECILE_WEALTHDECILE07,47.04375,43.49663,50.621,47.0 [43.5-50.6],2022-05-26T12:17:23+02:00
cpmt,BEN,AFR,2011,RESIDENCEAREATYPE,RESIDENCEAREATYPE_URB,15.03411,13.71731,16.45322,15.0 [13.7-16.5],2022-05-26T11:33:01+02:00
cpmt,TZA,AFR,1999,DHSMICSGEOREGION,DHSMICSGEOREGION_TZADHS199921,9.67114,7.33305,12.65291,9.7 [7.3-12.7],2022-05-26T14:51:06+02:00
cpmt,COG,AFR,2014,DHSMICSGEOREGION,DHSMICSGEOREGION_COGMICS201407,30.99945,25.0189,37.69099,31.0 [25.0-37.7],2022-05-26T14:18:24+02:00
cpmt,MOZ,AFR,1997,EDUCATIONLEVEL,EDUCATIONLEVEL_SHLM,30.24948,19.63201,43.50105,30.2 [19.6-43.5],2022-05-26T11:21:18+02:00
cpmt,NGA,AFR,2016,AGEGROUP,AGEGROUP_YEARS20-49,14.13502,13.37825,14.92721,14.1 [13.4-14.9],2022-05-26T11:04:56+02:00
cpmt,LSO,AFR,2004,WEALTHDECILE,WEALTHDECILE_WEALTHDECILE04,27.15472,21.96466,33.05171,27.2 [22.0-33.1],2022-05-26T12:16:32+02:00
cpmt,NER,AFR,2012,WEALTHQUINTILE,WEALTHQUINTILE_WQ3,9.81027,8.20797,11.68554,9.8 [8.2-11.7],2022-05-26T12:59:38+02:00
cpmt,NAM,AFR,2013,WEALTHDECILE,WEALTHDECILE_WEALTHDECILE05,56.69749,49.33513,63.77555,56.7 [49.3-63.8],2022-05-26T12:21:08+02:00
cpmt,MDG,AFR,2008,DHSMICSGEOREGION,DHSMICSGEOREGION_MDGDHS200807,27.40152,22.15486,33.35823,27.4 [22.2-33.4],2022-05-26T14:32:21+02:00
cpmt,GHA,AFR,2003,DHSMICSGEOREGION,DHSMICSGEOREGION_GHADHS200304,23.58156,18.885,29.02812,23.6 [18.9-29.0],2022-05-26T14:23:38+02:00
cpmt,ZWE,AFR,1994,RESIDENCEAREATYPE,RESIDENCEAREATYPE_RUR,44.18354,41.79481,46.59949,44.2 [41.8-46.6],2022-05-26T11:40:56+02:00
cpmt,LBR,AFR,2013,AGEGROUP,AGEGROUP_YEARS20-49,20.64785,17.92874,23.66045,20.6 [17.9-23.7],2022-05-26T11:03:37+02:00
cpmt,MLI,AFR,2006,DHSMICSGEOREGION,DHSMICSGEOREGION_MLIDHS200604,9.42548,7.42488,11.89586,9.4 [7.4-11.9],2022-05-26T14:33:29+02:00
cpmt,TZA,AFR,2004,EDUCATIONLEVEL,EDUCATIONLEVEL_PRLM,30.02464,28.21629,31.89739,30.0 [28.2-31.9],2022-05-26T11:25:46+02:00
cpmt,ETH,AFR,2000,AGEGROUP,AGEGROUP_YEARS15-19,3.88717,2.31216,6.46405,3.9 [2.3-6.5],2022-05-26T11:01:39+02:00
cpmt,NER,AFR,1998,WEALTHDECILE,WEALTHDECILE_WEALTHDECILE04,4.73258,3.10357,7.1535,4.7 [3.1-7.2],2022-05-26T12:22:25+02:00
cpmt,NGA,AFR,2018,WEALTHDECILE,WEALTHDECILE_WEALTHDECILE07,22.88146,18.46641,27.98972,22.9 [18.5-28.0],2022-05-26T12:23:34+02:00
cpmt,ZAF,AFR,2016,DHSMICSGEOREGION,DHSMICSGEOREGION_ZAFDHS201602,53.89131,48.67864,59.02025,53.9 [48.7-59.0],2022-05-26T14:47:19+02:00
cpmt,LBR,AFR,2019,WEALTHDECILE,WEALTHDECILE_WEALTHDECILE01,24.38796,20.40598,28.86518,24.4 [20.4-28.9],2022-05-26T12:17:06+02:00
cpmt,GMB,AFR,2013,DHSMICSGEOREGION,DHSMICSGEOREGION_GMBDHS201305,7.07139,4.88729,10.12762,7.1 [4.9-10.1],2022-05-26T14:23:01+02:00
cpmt,NER,AFR,2012,WEALTHDECILE,WEALTHDECILE_WEALTHDECILE10,30.37956,27.24209,33.71095,30.4 [27.2-33.7],2022-05-26T12:22:39+02:00
cpmt,GHA,AFR,2017,AGEGROUP,AGEGROUP_YEARS20-49,27.29275,25.51903,29.14153,27.3 [25.5-29.1],2022-05-26T11:02:05+02:00
cpmt,MLI,AFR,2009,DHSMICSGEOREGION,DHSMICSGEOREGION_MLIMICS200903,7.35453,5.90912,9.11923,7.4 [5.9-9.1],2022-05-26T14:33:35+02:00
cpmt,ZAF,AFR,2016,DHSMICSGEOREGION,DHSMICSGEOREGION_ZAFDHS201609,49.21338,42.89648,55.55549,49.2 [42.9-55.6],2022-05-26T14:47:19+02:00
cpmt,LSO,AFR,2014,WEALTHQUINTILE,WEALTHQUINTILE_WQ5,66.18779,60.98168,71.02927,66.2 [61.0-71.0],2022-05-26T12:56:20+02:00
cpmt,SEN,AFR,2005,DHSMICSGEOREGION,DHSMICSGEOREGION_SENDHS200511,24.53831,20.10447,29.58787,24.5 [20.1-29.6],2022-05-26T14:45:37+02:00
cpmt,TCD,AFR,2004,WEALTHDECILE,WEALTHDECILE_WEALTHDECILE04,8.05825,5.48398,11.69145,8.1 [5.5-11.7],2022-05-26T12:02:58+02:00
cpmt,GAB,AFR,2000,WEALTHDECILE,WEALTHDECILE_WEALTHDECILE05,39.33901,35.05249,43.79623,39.3 [35.1-43.8],2022-05-26T12:08:37+02:00
cpmt,SEN,AFR,2016,WEALTHQUINTILE,WEALTHQUINTILE_WQ4,31.28921,25.99216,37.12426,31.3 [26.0-37.1],2022-05-26T13:03:20+02:00
cpmt,KEN,AFR,1993,EDUCATIONLEVEL,EDUCATIONLEVEL_SHLM,51.60289,47.58445,55.60071,51.6 [47.6-55.6],2022-05-26T11:19:45+02:00
cpmt,COG,AFR,2014,RESIDENCEAREATYPE,RESIDENCEAREATYPE_RUR,32.48704,30.40792,34.63756,32.5 [30.4-34.6],2022-05-26T11:33:55+02:00
cpmt,UGA,AFR,1995,WEALTHQUINTILE,WEALTHQUINTILE_WQ4,14.58854,12.21225,17.3359,14.6 [12.2-17.3],2022-05-26T13:06:09+02:00
cpmt,BEN,AFR,2011,DHSMICSGEOREGION,DHSMICSGEOREGION_BENDHS201107,6.07279,3.97714,9.16726,6.1 [4.0-9.2],2022-05-26T14:13:14+02:00
cpmt,BDI,AFR,2005,WEALTHQUINTILE,WEALTHQUINTILE_WQ5,13.85381,11.33986,16.81935,13.9 [11.3-16.8],2022-05-26T12:47:38+02:00
cpmt,GHA,AFR,2003,DHSMICSGEOREGION,DHSMICSGEOREGION_GHADHS200302,15.15905,10.72052,21.00293,15.2 [10.7-21.0],2022-05-26T14:23:38+02:00
cpmt,MWI,AFR,2015,EDUCATIONLEVEL,EDUCATIONLEVEL_PRLM,60.05702,58.71708,61.38206,60.1 [58.7-61.4],2022-05-26T11:20:37+02:00
cpmt,NGA,AFR,2007,DHSMICSGEOREGION,DHSMICSGEOREGION_NGAMICS200735,2.36686,1.30159,4.26631,2.4 [1.3-4.3],2022-05-26T14:37:13+02:00
cpmt,SWZ,AFR,2010,WEALTHQUINTILE,WEALTHQUINTILE_WQ2,61.06465,55.12164,66.69616,61.1 [55.1-66.7],2022-05-26T12:51:24+02:00
cpmt,BDI,AFR,2016,WEALTHDECILE,WEALTHDECILE_WEALTHDECILE07,26.60966,23.55482,29.90569,26.6 [23.6-29.9],2022-05-26T12:01:18+02:00
cpmt,DZA,AFR,2018,RESIDENCEAREATYPE,RESIDENCEAREATYPE_URB,53.27789,51.95059,54.60057,53.3 [52.0-54.6],2022-05-26T11:32:22+02:00
cpmt,GMB,AFR,2013,DHSMICSGEOREGION,DHSMICSGEOREGION_GMBDHS201306,4.22564,2.22536,7.87897,4.2 [2.2-7.9],2022-05-26T14:23:01+02:00
cpmt,UGA,AFR,1995,WEALTHQUINTILE,WEALTHQUINTILE_WQ5,32.49889,28.91101,36.30465,32.5 [28.9-36.3],2022-05-26T13:06:09+02:00
cpmt,ZAF,AFR,2016,DHSMICSGEOREGION,DHSMICSGEOREGION_ZAFDHS201605,51.28536,46.06014,56.48264,51.3 [46.1-56.5],2022-05-26T14:47:19+02:00
cpmt,GNB,AFR,2006,WEALTHDECILE,WEALTHDECILE_WEALTHDECILE06,7.93809,5.54782,11.23569,7.9 [5.5-11.2],2022-05-26T12:11:13+02:00
cpmt,STP,AFR,2019,WEALTHQUINTILE,WEALTHQUINTILE_WQ2,48.97894,42.63675,55.35418,49.0 [42.6-55.4],2022-05-26T13:02:57+02:00
cpmt,MRT,AFR,2011,WEALTHQUINTILE,WEALTHQUINTILE_WQ3,9.70428,8.0993,11.58721,9.7 [8.1-11.6],2022-05-26T12:57:45+02:00
cpmt,TZA,AFR,1999,DHSMICSGEOREGION,DHSMICSGEOREGION_TZADHS199904,23.1059,13.2496,37.15404,23.1 [13.2-37.2],2022-05-26T14:51:06+02:00
cpmt,NAM,AFR,2000,RESIDENCEAREATYPE,RESIDENCEAREATYPE_RUR,35.30684,31.54948,39.25505,35.3 [31.5-39.3],2022-05-26T11:37:33+02:00
cpmt,TZA,AFR,2015,DHSMICSGEOREGION,DHSMICSGEOREGION_TZADHS201517,23.9891,18.62786,30.31843,24.0 [18.6-30.3],2022-05-26T14:51:51+02:00
cpmt,MLI,AFR,2015,DHSMICSGEOREGION,DHSMICSGEOREGION_MLIMICS201502,17.19215,14.0307,20.89282,17.2 [14.0-20.9],2022-05-26T14:33:44+02:00
cpmt,CMR,AFR,2018,DHSMICSGEOREGION,DHSMICSGEOREGION_CMRDHS201806,25.35667,20.3077,31.16995,25.4 [20.3-31.2],2022-05-26T14:16:29+02:00
cpmt,GHA,AFR,2006,EDUCATIONLEVEL,EDUCATIONLEVEL_SHLM,22.90523,20.36349,25.662,22.9 [20.4-25.7],2022-05-26T11:18:04+02:00
cpmt,TGO,AFR,2017,DHSMICSGEOREGION,DHSMICSGEOREGION_TGOMICS201706,33.02062,27.97873,38.48557,33.0 [28.0-38.5],2022-05-26T14:49:06+02:00
cpmt,SWZ,AFR,2010,WEALTHDECILE,WEALTHDECILE_WEALTHDECILE01,63.5265,53.84332,72.22613,63.5 [53.8-72.2],2022-05-26T12:07:56+02:00
cpmt,BFA,AFR,2003,DHSMICSGEOREGION,DHSMICSGEOREGION_BFADHS200310,12.27989,9.36428,15.9436,12.3 [9.4-15.9],2022-05-26T14:14:20+02:00
cpmt,MWI,AFR,2015,WEALTHDECILE,WEALTHDECILE_WEALTHDECILE01,52.51885,49.24952,55.76674,52.5 [49.2-55.8],2022-05-26T12:18:05+02:00
cpmt,GNB,AFR,2018,DHSMICSGEOREGION,DHSMICSGEOREGION_GNBMICS201808,24.84481,20.77429,29.41677,24.8 [20.8-29.4],2022-05-26T14:25:02+02:00
cpmt,SEN,AFR,2014,WEALTHDECILE,WEALTHDECILE_WEALTHDECILE03,13.25536,10.47845,16.63146,13.3 [10.5-16.6],2022-05-26T12:30:11+02:00
cpmt,STP,AFR,2019,WEALTHDECILE,WEALTHDECILE_WEALTHDECILE01,49.54082,40.54809,58.56336,49.5 [40.5-58.6],2022-05-26T12:29:37+02:00
cpmt,CAF,AFR,2010,AGEGROUP,AGEGROUP_YEARS15-19,13.03416,10.42292,16.18142,13.0 [10.4-16.2],2022-05-26T11:00:27+02:00
cpmt,TCD,AFR,2019,DHSMICSGEOREGION,DHSMICSGEOREGION_TCDMICS201905,18.22453,10.30982,30.17132,18.2 [10.3-30.2],2022-05-26T14:17:44+02:00
cpmt,BDI,AFR,2005,WEALTHDECILE,WEALTHDECILE_WEALTHDECILE04,9.00833,6.56371,12.24413,9.0 [6.6-12.2],2022-05-26T12:01:05+02:00
cpmt,CIV,AFR,1998,WEALTHDECILE,WEALTHDECILE_WEALTHDECILE04,6.49019,3.59387,11.44361,6.5 [3.6-11.4],2022-05-26T12:05:04+02:00
cpmt,BEN,AFR,2017,DHSMICSGEOREGION,DHSMICSGEOREGION_BENDHS201709,23.18279,18.11755,29.15984,23.2 [18.1-29.2],2022-05-26T14:13:29+02:00
cpmt,MLI,AFR,2012,AGEGROUP,AGEGROUP_YEARS15-19,6.71563,4.989,8.98332,6.7 [5.0-9.0],2022-05-26T11:04:01+02:00
cpmt,DZA,AFR,2012,WEALTHDECILE,WEALTHDECILE_WEALTHDECILE09,60.25264,57.28972,63.14226,60.3 [57.3-63.1],2022-05-26T11:56:15+02:00
cpmt,TCD,AFR,2004,WEALTHDECILE,WEALTHDECILE_WEALTHDECILE06,9.48949,5.8644,14.99839,9.5 [5.9-15.0],2022-05-26T12:02:58+02:00
cpmt,GMB,AFR,2019,WEALTHQUINTILE,WEALTHQUINTILE_WQ2,17.96609,15.61162,20.58902,18.0 [15.6-20.6],2022-05-26T12:52:05+02:00
cpmt,SLE,AFR,2017,WEALTHDECILE,WEALTHDECILE_WEALTHDECILE02,17.83813,15.78372,20.09614,17.8 [15.8-20.1],2022-05-26T12:31:42+02:00
cpmt,NGA,AFR,2008,WEALTHQUINTILE,WEALTHQUINTILE_WQ3,11.4307,10.03215,12.99606,11.4 [10.0-13.0],2022-05-26T12:59:51+02:00
cpmt,SEN,AFR,2015,DHSMICSGEOREGION,DHSMICSGEOREGION_SENDHS201506,21.64906,18.28136,25.44397,21.6 [18.3-25.4],2022-05-26T14:46:09+02:00
cpmt,MOZ,AFR,1997,WEALTHDECILE,WEALTHDECILE_WEALTHDECILE06,5.37687,3.3847,8.43916,5.4 [3.4-8.4],2022-05-26T12:20:20+02:00
cpmt,SEN,AFR,2016,WEALTHDECILE,WEALTHDECILE_WEALTHDECILE10,30.60381,24.76572,37.13876,30.6 [24.8-37.1],2022-05-26T12:30:25+02:00
cpmt,KEN,AFR,2014,WEALTHDECILE,WEALTHDECILE_WEALTHDECILE07,64.63075,61.61098,67.53814,64.6 [61.6-67.5],2022-05-26T12:15:35+02:00
cpmt,KEN,AFR,2008,WEALTHQUINTILE,WEALTHQUINTILE_WQ2,40.03315,35.94588,44.26401,40.0 [35.9-44.3],2022-05-26T12:55:36+02:00
cpmt,LBR,AFR,2007,AGEGROUP,AGEGROUP_YEARS20-49,11.8157,10.22629,13.61469,11.8 [10.2-13.6],2022-05-26T11:03:35+02:00
cpmt,GHA,AFR,2014,WEALTHDECILE,WEALTHDECILE_WEALTHDECILE09,26.66461,21.90171,32.03837,26.7 [21.9-32.0],2022-05-26T12:10:06+02:00
cpmt,GMB,AFR,2010,WEALTHQUINTILE,WEALTHQUINTILE_WQ5,21.91657,18.69568,25.51819,21.9 [18.7-25.5],2022-05-26T12:51:56+02:00
cpmt,TZA,AFR,1999,DHSMICSGEOREGION,DHSMICSGEOREGION_TZADHS199910,26.66876,12.56759,47.92012,26.7 [12.6-47.9],2022-05-26T14:51:06+02:00
cpmt,MRT,AFR,2015,WEALTHDECILE,WEALTHDECILE_WEALTHDECILE09,28.21919,23.4924,33.48084,28.2 [23.5-33.5],2022-05-26T12:19:26+02:00
cpmt,LSO,AFR,2004,RESIDENCEAREATYPE,RESIDENCEAREATYPE_URB,49.94882,44.72662,55.17215,49.9 [44.7-55.2],2022-05-26T11:36:29+02:00
cpmt,CAF,AFR,2006,WEALTHQUINTILE,WEALTHQUINTILE_WQ4,22.20705,19.03651,25.73778,22.2 [19.0-25.7],2022-05-26T12:48:23+02:00
cpmt,RWA,AFR,2010,WEALTHDECILE,WEALTHDECILE_WEALTHDECILE01,39.22876,35.44642,43.14495,39.2 [35.4-43.1],2022-05-26T12:28:51+02:00
cpmt,ZAF,AFR,2016,RESIDENCEAREATYPE,RESIDENCEAREATYPE_URB,55.21488,52.32288,58.07203,55.2 [52.3-58.1],2022-05-26T11:39:37+02:00
cpmt,TCD,AFR,2004,AGEGROUP,AGEGROUP_YEARS15-19,7.42641,4.69217,11.5607,7.4 [4.7-11.6],2022-05-26T11:00:31+02:00
cpmt,MRT,AFR,2015,WEALTHQUINTILE,WEALTHQUINTILE_WQ4,26.5465,23.43221,29.91301,26.5 [23.4-29.9],2022-05-26T12:57:48+02:00
cpmt,SEN,AFR,2015,RESIDENCEAREATYPE,RESIDENCEAREATYPE_URB,33.048,28.87073,37.51093,33.0 [28.9-37.5],2022-05-26T11:39:17+02:00
cpmt,GMB,AFR,2013,AGEGROUP,AGEGROUP_YEARS15-19,3.31125,1.36187,7.82948,3.3 [1.4-7.8],2022-05-26T11:01:50+02:00
cpmt,CIV,AFR,2006,WEALTHDECILE,WEALTHDECILE_WEALTHDECILE04,11.54639,9.06566,14.59698,11.5 [9.1-14.6],2022-05-26T12:05:09+02:00
cpmt,SEN,AFR,2016,EDUCATIONLEVEL,EDUCATIONLEVEL_NHLM,21.05977,19.06444,23.20405,21.1 [19.1-23.2],2022-05-26T11:23:57+02:00
cpmt,CIV,AFR,2006,RESIDENCEAREATYPE,RESIDENCEAREATYPE_RUR,10.17186,8.65319,11.92229,10.2 [8.7-11.9],2022-05-26T11:34:07+02:00
cpmt,TZA,AFR,1996,WEALTHQUINTILE,WEALTHQUINTILE_WQ3,13.42365,11.33925,15.82283,13.4 [11.3-15.8],2022-05-26T13:06:38+02:00
cpmt,GIN,AFR,2016,DHSMICSGEOREGION,DHSMICSGEOREGION_GINMICS201607,15.12327,11.28801,19.9683,15.1 [11.3-20.0],2022-05-26T14:24:46+02:00
cpmt,MWI,AFR,2013,WEALTHDECILE,WEALTHDECILE_WEALTHDECILE05,59.47486,56.22524,62.64352,59.5 [56.2-62.6],2022-05-26T12:17:59+02:00
cpmt,BEN,AFR,2014,WEALTHDECILE,WEALTHDECILE_WEALTHDECILE04,14.76399,12.0812,17.92109,14.8 [12.1-17.9],2022-05-26T11:59:34+02:00
cpmt,GHA,AFR,2011,WEALTHDECILE,WEALTHDECILE_WEALTHDECILE07,36.44003,30.78219,42.4993,36.4 [30.8-42.5],2022-05-26T12:10:01+02:00
cpmt,MOZ,AFR,2008,WEALTHDECILE,WEALTHDECILE_WEALTHDECILE09,28.87402,25.38357,32.6345,28.9 [25.4-32.6],2022-05-26T12:20:33+02:00
cpmt,SLE,AFR,2019,EDUCATIONLEVEL,EDUCATIONLEVEL_SHLM,29.68053,27.40904,32.05713,29.7 [27.4-32.1],2022-05-26T11:24:19+02:00
cpmt,CMR,AFR,2014,WEALTHDECILE,WEALTHDECILE_WEALTHDECILE04,35.38119,29.97713,41.18645,35.4 [30.0-41.2],2022-05-26T12:02:21+02:00
cpmt,ZWE,AFR,1999,DHSMICSGEOREGION,DHSMICSGEOREGION_ZWEDHS199908,55.54271,49.541,61.38695,55.5 [49.5-61.4],2022-05-26T14:53:40+02:00
cpmt,CMR,AFR,1998,WEALTHDECILE,WEALTHDECILE_WEALTHDECILE01,6.06292,3.89817,9.31331,6.1 [3.9-9.3],2022-05-26T12:01:55+02:00
cpmt,GIN,AFR,2016,WEALTHQUINTILE,WEALTHQUINTILE_WQ3,9.22216,7.61447,11.12839,9.2 [7.6-11.1],2022-05-26T12:53:05+02:00
cpmt,SEN,AFR,2010,DHSMICSGEOREGION,DHSMICSGEOREGION_SENDHS201013,7.08332,4.30388,11.44307,7.1 [4.3-11.4],2022-05-26T14:45:44+02:00
cpmt,RWA,AFR,2000,DHSMICSGEOREGION,DHSMICSGEOREGION_RWADHS200001,11.084,7.99055,15.17747,11.1 [8.0-15.2],2022-05-26T14:45:02+02:00
cpmt,SEN,AFR,2015,DHSMICSGEOREGION,DHSMICSGEOREGION_SENDHS201501,37.32754,30.36423,44.85903,37.3 [30.4-44.9],2022-05-26T14:46:09+02:00
cpmt,NGA,AFR,2018,WEALTHQUINTILE,WEALTHQUINTILE_WQ3,14.59535,13.39054,15.88867,14.6 [13.4-15.9],2022-05-26T13:00:04+02:00
cpmt,SEN,AFR,2019,RESIDENCEAREATYPE,RESIDENCEAREATYPE_URB,34.02191,30.66705,37.54503,34.0 [30.7-37.5],2022-05-26T11:39:21+02:00
cpmt,MDG,AFR,2008,WEALTHDECILE,WEALTHDECILE_WEALTHDECILE10,60.61839,57.85505,63.31543,60.6 [57.9-63.3],2022-05-26T12:17:23+02:00
cpmt,SEN,AFR,2015,WEALTHDECILE,WEALTHDECILE_WEALTHDECILE08,28.61833,22.23269,35.98927,28.6 [22.2-36.0],2022-05-26T12:30:18+02:00
cpmt,MRT,AFR,2007,DHSMICSGEOREGION,DHSMICSGEOREGION_MRTMICS200710,0.91177,0.5384,1.54004,0.9 [0.5-1.5],2022-05-26T14:33:55+02:00
cpmt,NGA,AFR,2007,DHSMICSGEOREGION,DHSMICSGEOREGION_NGAMICS200718,15.18248,10.29737,21.82135,15.2 [10.3-21.8],2022-05-26T14:37:13+02:00
cpmt,MLI,AFR,2018,DHSMICSGEOREGION,DHSMICSGEOREGION_MLIDHS201807,3.40956,1.76118,6.49869,3.4 [1.8-6.5],2022-05-26T14:33:49+02:00
cpmt,NER,AFR,2006,EDUCATIONLEVEL,EDUCATIONLEVEL_SHLM,31.65038,26.40846,37.40395,31.7 [26.4-37.4],2022-05-26T11:21:59+02:00
cpmt,BEN,AFR,1996,DHSMICSGEOREGION,DHSMICSGEOREGION_BENDHS199602,27.33869,23.98394,30.97149,27.3 [24.0-31.0],2022-05-26T14:12:58+02:00
cpmt,TGO,AFR,2006,DHSMICSGEOREGION,DHSMICSGEOREGION_TGOMICS200604,27.30042,21.76708,33.6356,27.3 [21.8-33.6],2022-05-26T14:48:55+02:00
cpmt,KEN,AFR,1998,DHSMICSGEOREGION,DHSMICSGEOREGION_KENDHS199803,22.14487,18.80003,25.89502,22.1 [18.8-25.9],2022-05-26T14:30:39+02:00
cpmt,GNB,AFR,2018,EDUCATIONLEVEL,EDUCATIONLEVEL_PRLM,23.53187,21.24994,25.97801,23.5 [21.2-26.0],2022-05-26T11:18:35+02:00
cpmt,MWI,AFR,2006,DHSMICSGEOREGION,DHSMICSGEOREGION_MWIMICS200602,43.44508,41.69186,45.21486,43.4 [41.7-45.2],2022-05-26T14:32:46+02:00
cpmt,TCD,AFR,2019,WEALTHQUINTILE,WEALTHQUINTILE_WQ1,4.37339,3.17002,6.00522,4.4 [3.2-6.0],2022-05-26T12:48:45+02:00
cpmt,SWZ,AFR,2014,AGEGROUP,AGEGROUP_YEARS20-49,66.48874,64.23166,68.67286,66.5 [64.2-68.7],2022-05-26T11:01:38+02:00
cpmt,TZA,AFR,1999,WEALTHDECILE,WEALTHDECILE_WEALTHDECILE03,20.00707,13.89167,27.94104,20.0 [13.9-27.9],2022-05-26T12:36:40+02:00
cpmt,SEN,AFR,2018,EDUCATIONLEVEL,EDUCATIONLEVEL_PRLM,35.82563,32.44951,39.34839,35.8 [32.4-39.3],2022-05-26T11:24:00+02:00
cpmt,SLE,AFR,2008,DHSMICSGEOREGION,DHSMICSGEOREGION_SLEDHS200801,6.16108,4.7892,7.89335,6.2 [4.8-7.9],2022-05-26T14:46:59+02:00
cpmt,ETH,AFR,2000,WEALTHDECILE,WEALTHDECILE_WEALTHDECILE02,2.32203,1.40178,3.823,2.3 [1.4-3.8],2022-05-26T12:08:07+02:00
cpmt,GMB,AFR,2018,WEALTHDECILE,WEALTHDECILE_WEALTHDECILE04,14.68485,11.65201,18.34319,14.7 [11.7-18.3],2022-05-26T12:09:07+02:00
cpmt,STP,AFR,2014,WEALTHDECILE,WEALTHDECILE_WEALTHDECILE01,35.24001,27.35238,44.02384,35.2 [27.4-44.0],2022-05-26T12:29:30+02:00
cpmt,LSO,AFR,2018,RESIDENCEAREATYPE,RESIDENCEAREATYPE_RUR,64.56888,61.98816,67.06747,64.6 [62.0-67.1],2022-05-26T11:36:36+02:00
cpmt,ETH,AFR,2005,EDUCATIONLEVEL,EDUCATIONLEVEL_NHLM,9.95393,8.78248,11.26235,10.0 [8.8-11.3],2022-05-26T11:17:34+02:00
cpmt,ETH,AFR,2000,RESIDENCEAREATYPE,RESIDENCEAREATYPE_URB,35.60049,32.06143,39.30421,35.6 [32.1-39.3],2022-05-26T11:34:43+02:00
cpmt,ZWE,AFR,2010,DHSMICSGEOREGION,DHSMICSGEOREGION_ZWEDHS201003,62.48229,57.85076,66.89612,62.5 [57.9-66.9],2022-05-26T14:53:58+02:00
cpmt,KEN,AFR,1993,DHSMICSGEOREGION,DHSMICSGEOREGION_KENDHS199302,55.98977,51.16421,60.7047,56.0 [51.2-60.7],2022-05-26T14:30:35+02:00
cpmt,STP,AFR,2008,WEALTHQUINTILE,WEALTHQUINTILE_WQ5,44.06357,37.11899,51.24851,44.1 [37.1-51.2],2022-05-26T13:02:50+02:00
cpmt,GNB,AFR,2018,DHSMICSGEOREGION,DHSMICSGEOREGION_GNBMICS201805,46.39383,41.19607,51.67115,46.4 [41.2-51.7],2022-05-26T14:25:02+02:00
cpmt,TCD,AFR,1996,DHSMICSGEOREGION,DHSMICSGEOREGION_TCDDHS199610,1.76356,0.81651,3.76735,1.8 [0.8-3.8],2022-05-26T14:17:05+02:00
cpmt,SEN,AFR,1997,WEALTHDECILE,WEALTHDECILE_WEALTHDECILE02,6.41422,4.27318,9.52132,6.4 [4.3-9.5],2022-05-26T12:29:44+02:00
cpmt,CPV,AFR,1998,WEALTHQUINTILE,WEALTHQUINTILE_WQ4,70.06564,64.70138,74.93055,70.1 [64.7-74.9],2022-05-26T12:47:47+02:00
cpmt,MWI,AFR,2015,AGEGROUP,AGEGROUP_YEARS20-49,60.97417,59.8619,62.07516,61.0 [59.9-62.1],2022-05-26T11:03:50+02:00
cpmt,NAM,AFR,2006,DHSMICSGEOREGION,DHSMICSGEOREGION_NAMDHS200611,54.15599,48.13454,60.05846,54.2 [48.1-60.1],2022-05-26T14:35:42+02:00
cpmt,MLI,AFR,2015,WEALTHDECILE,WEALTHDECILE_WEALTHDECILE06,14.75593,12.30675,17.59473,14.8 [12.3-17.6],2022-05-26T12:19:03+02:00
cpmt,TCD,AFR,2004,WEALTHDECILE,WEALTHDECILE_WEALTHDECILE05,11.36544,6.87384,18.21784,11.4 [6.9-18.2],2022-05-26T12:02:58+02:00
cpmt,GIN,AFR,2005,WEALTHQUINTILE,WEALTHQUINTILE_WQ5,17.05376,14.50227,19.94941,17.1 [14.5-19.9],2022-05-26T12:52:58+02:00
cpmt,TCD,AFR,2019,WEALTHQUINTILE,WEALTHQUINTILE_WQ5,14.05112,12.20971,16.11926,14.1 [12.2-16.1],2022-05-26T12:48:45+02:00
cpmt,MRT,AFR,2007,EDUCATIONLEVEL,EDUCATIONLEVEL_SHLM,21.87592,19.28025,24.71406,21.9 [19.3-24.7],2022-05-26T11:20:56+02:00
cpmt,BFA,AFR,2003,WEALTHQUINTILE,WEALTHQUINTILE_WQ5,32.43789,29.37344,35.66062,32.4 [29.4-35.7],2022-05-26T12:47:29+02:00
cpmt,BEN,AFR,2011,DHSMICSGEOREGION,DHSMICSGEOREGION_BENDHS201110,9.15582,7.56266,11.04451,9.2 [7.6-11.0],2022-05-26T14:13:14+02:00
cpmt,COD,AFR,2017,WEALTHDECILE,WEALTHDECILE_WEALTHDECILE01,17.32123,14.46344,20.60765,17.3 [14.5-20.6],2022-05-26T12:05:44+02:00
cpmt,GMB,AFR,2013,WEALTHDECILE,WEALTHDECILE_WEALTHDECILE01,4.60088,3.11766,6.74063,4.6 [3.1-6.7],2022-05-26T12:09:01+02:00
cpmt,SLE,AFR,2008,WEALTHQUINTILE,WEALTHQUINTILE_WQ1,4.40652,3.18867,6.06038,4.4 [3.2-6.1],2022-05-26T13:03:49+02:00
cpmt,RWA,AFR,2019,WEALTHDECILE,WEALTHDECILE_WEALTHDECILE09,58.72224,54.71358,62.61852,58.7 [54.7-62.6],2022-05-26T12:29:04+02:00
cpmt,CMR,AFR,1998,WEALTHQUINTILE,WEALTHQUINTILE_WQ1,6.07585,4.31928,8.48344,6.1 [4.3-8.5],2022-05-26T12:48:02+02:00
cpmt,KEN,AFR,1993,WEALTHDECILE,WEALTHDECILE_WEALTHDECILE05,30.42247,25.50361,35.83369,30.4 [25.5-35.8],2022-05-26T12:15:11+02:00
cpmt,STP,AFR,2014,DHSMICSGEOREGION,DHSMICSGEOREGION_STPMICS201401,37.48517,33.594,41.54506,37.5 [33.6-41.5],2022-05-26T14:45:29+02:00
cpmt,CIV,AFR,2006,WEALTHDECILE,WEALTHDECILE_WEALTHDECILE06,11.1032,8.211,14.84931,11.1 [8.2-14.8],2022-05-26T12:05:09+02:00
cpmt,BEN,AFR,2011,WEALTHDECILE,WEALTHDECILE_WEALTHDECILE07,13.737,11.63086,16.1548,13.7 [11.6-16.2],2022-05-26T11:59:28+02:00
cpmt,GHA,AFR,1998,DHSMICSGEOREGION,DHSMICSGEOREGION_GHADHS199805,26.63747,21.59509,32.37112,26.6 [21.6-32.4],2022-05-26T14:23:32+02:00
cpmt,NAM,AFR,2013,WEALTHDECILE,WEALTHDECILE_WEALTHDECILE03,53.69193,47.39981,59.86863,53.7 [47.4-59.9],2022-05-26T12:21:08+02:00
cpmt,GNB,AFR,2006,WEALTHQUINTILE,WEALTHQUINTILE_WQ2,5.44717,4.09034,7.2202,5.4 [4.1-7.2],2022-05-26T12:53:11+02:00
cpmt,GIN,AFR,2005,DHSMICSGEOREGION,DHSMICSGEOREGION_GINDHS200503,18.55002,15.88763,21.54429,18.6 [15.9-21.5],2022-05-26T14:24:37+02:00
cpmt,ZAF,AFR,1998,DHSMICSGEOREGION,DHSMICSGEOREGION_ZAFDHS199803,65.31701,60.0978,70.19215,65.3 [60.1-70.2],2022-05-26T14:47:13+02:00
cpmt,ZMB,AFR,2018,DHSMICSGEOREGION,DHSMICSGEOREGION_ZMBDHS201801,50.85955,46.18531,55.51881,50.9 [46.2-55.5],2022-05-26T14:53:28+02:00
cpmt,STP,AFR,2014,WEALTHDECILE,WEALTHDECILE_WEALTHDECILE03,34.67331,25.79597,44.76276,34.7 [25.8-44.8],2022-05-26T12:29:30+02:00
cpmt,CIV,AFR,2016,AGEGROUP,AGEGROUP_YEARS15-19,7.66638,4.9871,11.60921,7.7 [5.0-11.6],2022-05-26T11:01:02+02:00
cpmt,TZA,AFR,2015,DHSMICSGEOREGION,DHSMICSGEOREGION_TZADHS201509,51.52338,43.59728,59.37358,51.5 [43.6-59.4],2022-05-26T14:51:51+02:00
cpmt,ZAF,AFR,2016,WEALTHDECILE,WEALTHDECILE_WEALTHDECILE07,56.86753,48.92226,64.47436,56.9 [48.9-64.5],2022-05-26T12:32:07+02:00
cpmt,GMB,AFR,2019,WEALTHDECILE,WEALTHDECILE_WEALTHDECILE05,17.2624,13.88367,21.26039,17.3 [13.9-21.3],2022-05-26T12:09:14+02:00
cpmt,SEN,AFR,2016,DHSMICSGEOREGION,DHSMICSGEOREGION_SENDHS201605,10.32062,6.54443,15.90488,10.3 [6.5-15.9],2022-05-26T14:46:17+02:00
cpmt,TCD,AFR,2014,WEALTHDECILE,WEALTHDECILE_WEALTHDECILE10,14.12941,11.29897,17.52876,14.1 [11.3-17.5],2022-05-26T12:03:08+02:00
cpmt,MLI,AFR,2006,WEALTHDECILE,WEALTHDECILE_WEALTHDECILE05,4.88481,3.63802,6.52994,4.9 [3.6-6.5],2022-05-26T12:18:44+02:00
cpmt,UGA,AFR,2000,DHSMICSGEOREGION,DHSMICSGEOREGION_UGADHS200002,14.50642,11.95279,17.4972,14.5 [12.0-17.5],2022-05-26T14:50:03+02:00
cpmt,ETH,AFR,2019,RESIDENCEAREATYPE,RESIDENCEAREATYPE_RUR,38.23484,34.41135,42.20976,38.2 [34.4-42.2],2022-05-26T11:34:48+02:00
cpmt,GHA,AFR,2008,DHSMICSGEOREGION,DHSMICSGEOREGION_GHADHS200803,32.62848,26.55663,39.34486,32.6 [26.6-39.3],2022-05-26T14:23:49+02:00
cpmt,MLI,AFR,2009,WEALTHDECILE,WEALTHDECILE_WEALTHDECILE06,6.97566,5.48903,8.82733,7.0 [5.5-8.8],2022-05-26T12:18:50+02:00
cpmt,GMB,AFR,2018,AGEGROUP,AGEGROUP_YEARS20-49,17.36713,16.11009,18.70039,17.4 [16.1-18.7],2022-05-26T11:01:51+02:00
cpmt,STP,AFR,2019,WEALTHDECILE,WEALTHDECILE_WEALTHDECILE03,49.39006,40.86601,57.94972,49.4 [40.9-57.9],2022-05-26T12:29:37+02:00
cpmt,SWZ,AFR,2010,DHSMICSGEOREGION,DHSMICSGEOREGION_SWZMICS201002,69.12481,65.07534,72.90028,69.1 [65.1-72.9],2022-05-26T14:22:06+02:00
cpmt,BFA,AFR,2006,EDUCATIONLEVEL,EDUCATIONLEVEL_NHLM,14.48997,11.4631,18.15222,14.5 [11.5-18.2],2022-05-26T11:15:07+02:00
cpmt,BFA,AFR,2003,WEALTHQUINTILE,WEALTHQUINTILE_WQ1,7.59217,5.94725,9.64539,7.6 [5.9-9.6],2022-05-26T12:47:29+02:00
cpmt,TZA,AFR,2015,WEALTHQUINTILE,WEALTHQUINTILE_WQ3,39.90852,36.58153,43.33135,39.9 [36.6-43.3],2022-05-26T13:06:50+02:00
cpmt,KEN,AFR,1993,DHSMICSGEOREGION,DHSMICSGEOREGION_KENDHS199304,38.42567,33.97165,43.08262,38.4 [34.0-43.1],2022-05-26T14:30:35+02:00
cpmt,GHA,AFR,2006,AGEGROUP,AGEGROUP_YEARS20-49,16.87966,14.99428,18.94927,16.9 [15.0-18.9],2022-05-26T11:02:00+02:00
cpmt,UGA,AFR,2011,WEALTHDECILE,WEALTHDECILE_WEALTHDECILE02,17.81398,14.08224,22.27821,17.8 [14.1-22.3],2022-05-26T12:35:59+02:00
cpmt,TCD,AFR,2014,DHSMICSGEOREGION,DHSMICSGEOREGION_TCDDHS201411,2.46131,1.52517,3.949,2.5 [1.5-3.9],2022-05-26T14:17:32+02:00
cpmt,RWA,AFR,2014,RESIDENCEAREATYPE,RESIDENCEAREATYPE_RUR,52.58048,50.85171,54.30307,52.6 [50.9-54.3],2022-05-26T11:39:02+02:00
cpmt,SEN,AFR,2015,WEALTHDECILE,WEALTHDECILE_WEALTHDECILE02,15.88835,12.88373,19.43734,15.9 [12.9-19.4],2022-05-26T12:30:18+02:00
cpmt,TGO,AFR,2013,DHSMICSGEOREGION,DHSMICSGEOREGION_TGODHS201304,24.89711,20.0999,30.40359,24.9 [20.1-30.4],2022-05-26T14:49:02+02:00
cpmt,BEN,AFR,2006,WEALTHQUINTILE,WEALTHQUINTILE_WQ5,33.64046,31.38977,35.96793,33.6 [31.4-36.0],2022-05-26T12:46:50+02:00
cpmt,KEN,AFR,1998,WEALTHDECILE,WEALTHDECILE_WEALTHDECILE04,38.61761,33.47306,44.02955,38.6 [33.5-44.0],2022-05-26T12:15:17+02:00
cpmt,MWI,AFR,2000,WEALTHDECILE,WEALTHDECILE_WEALTHDECILE03,28.28263,24.01012,32.9854,28.3 [24.0-33.0],2022-05-26T12:17:35+02:00
cpmt,SLE,AFR,2019,WEALTHQUINTILE,WEALTHQUINTILE_WQ2,18.38286,16.01842,21.009,18.4 [16.0-21.0],2022-05-26T13:04:02+02:00
cpmt,GIN,AFR,2005,DHSMICSGEOREGION,DHSMICSGEOREGION_GINDHS200504,13.77517,10.76017,17.4696,13.8 [10.8-17.5],2022-05-26T14:24:37+02:00
cpmt,UGA,AFR,2016,AGEGROUP,AGEGROUP_YEARS20-49,40.36152,38.9458,41.79348,40.4 [38.9-41.8],2022-05-26T11:07:25+02:00
cpmt,TZA,AFR,2004,WEALTHDECILE,WEALTHDECILE_WEALTHDECILE04,20.03743,16.39878,24.24925,20.0 [16.4-24.2],2022-05-26T12:36:46+02:00
cpmt,TGO,AFR,2017,AGEGROUP,AGEGROUP_YEARS20-49,24.08683,22.12935,26.15929,24.1 [22.1-26.2],2022-05-26T11:06:58+02:00
cpmt,CMR,AFR,2004,WEALTHDECILE,WEALTHDECILE_WEALTHDECILE04,17.40673,13.92871,21.53592,17.4 [13.9-21.5],2022-05-26T12:02:01+02:00
cpmt,MOZ,AFR,1997,RESIDENCEAREATYPE,RESIDENCEAREATYPE_RUR,2.68305,1.93419,3.71088,2.7 [1.9-3.7],2022-05-26T11:37:25+02:00
cpmt,AGO,AFR,2015,DHSMICSGEOREGION,DHSMICSGEOREGION_AGODHS201508,2.4472,1.38577,4.28629,2.4 [1.4-4.3],2022-05-26T14:10:58+02:00
cpmt,GMB,AFR,2010,DHSMICSGEOREGION,DHSMICSGEOREGION_GMBMICS201004,11.3579,9.02225,14.20379,11.4 [9.0-14.2],2022-05-26T14:22:55+02:00
cpmt,GIN,AFR,2005,WEALTHDECILE,WEALTHDECILE_WEALTHDECILE05,8.58037,5.98145,12.16243,8.6 [6.0-12.2],2022-05-26T12:10:51+02:00
cpmt,TCD,AFR,2014,WEALTHDECILE,WEALTHDECILE_WEALTHDECILE05,5.10484,3.57734,7.23562,5.1 [3.6-7.2],2022-05-26T12:03:08+02:00
cpmt,BEN,AFR,2011,WEALTHQUINTILE,WEALTHQUINTILE_WQ3,12.92519,11.5198,14.47398,12.9 [11.5-14.5],2022-05-26T12:46:53+02:00
cpmt,SSD,AFR,2010,EDUCATIONLEVEL,EDUCATIONLEVEL_NHLM,3.01765,2.48247,3.66387,3.0 [2.5-3.7],2022-05-26T11:24:25+02:00
cpmt,ZWE,AFR,1994,WEALTHDECILE,WEALTHDECILE_WEALTHDECILE03,41.51169,34.91031,48.43251,41.5 [34.9-48.4],2022-05-26T12:38:45+02:00
cpmt,GHA,AFR,1998,EDUCATIONLEVEL,EDUCATIONLEVEL_PRLM,20.324,17.04622,24.04933,20.3 [17.0-24.0],2022-05-26T11:18:00+02:00
cpmt,MOZ,AFR,2011,DHSMICSGEOREGION,DHSMICSGEOREGION_MOZDHS201101,12.35822,9.79672,15.47457,12.4 [9.8-15.5],2022-05-26T14:35:08+02:00
cpmt,CMR,AFR,2018,DHSMICSGEOREGION,DHSMICSGEOREGION_CMRDHS201812,31.49439,26.30973,37.18517,31.5 [26.3-37.2],2022-05-26T14:16:29+02:00
cpmt,TZA,AFR,2010,DHSMICSGEOREGION,DHSMICSGEOREGION_TZADHS201023,33.06861,28.20618,38.32185,33.1 [28.2-38.3],2022-05-26T14:51:35+02:00
cpmt,MDG,AFR,1997,EDUCATIONLEVEL,EDUCATIONLEVEL_PRLM,16.20695,13.85593,18.86949,16.2 [13.9-18.9],2022-05-26T11:20:21+02:00
cpmt,TZA,AFR,1996,EDUCATIONLEVEL,EDUCATIONLEVEL_NHLM,7.50252,6.30891,8.90051,7.5 [6.3-8.9],2022-05-26T11:25:42+02:00
cpmt,NGA,AFR,2016,EDUCATIONLEVEL,EDUCATIONLEVEL_SHLM,23.26959,21.94387,24.65012,23.3 [21.9-24.7],2022-05-26T11:22:13+02:00
cpmt,TCD,AFR,2019,DHSMICSGEOREGION,DHSMICSGEOREGION_TCDMICS201919,9.69334,5.0182,17.90307,9.7 [5.0-17.9],2022-05-26T14:17:44+02:00
cpmt,SEN,AFR,2015,AGEGROUP,AGEGROUP_YEARS15-19,6.18579,4.2664,8.8885,6.2 [4.3-8.9],2022-05-26T11:06:10+02:00
cpmt,TGO,AFR,2013,WEALTHDECILE,WEALTHDECILE_WEALTHDECILE09,22.89286,19.60638,26.54831,22.9 [19.6-26.5],2022-05-26T12:34:10+02:00
cpmt,MLI,AFR,2012,WEALTHDECILE,WEALTHDECILE_WEALTHDECILE01,2.35799,1.36599,4.0409,2.4 [1.4-4.0],2022-05-26T12:18:56+02:00
cpmt,CAF,AFR,2010,DHSMICSGEOREGION,DHSMICSGEOREGION_CAFMICS201013,13.79933,2.36997,51.35443,13.8 [2.4-51.4],2022-05-26T14:16:51+02:00
cpmt,MLI,AFR,2009,DHSMICSGEOREGION,DHSMICSGEOREGION_MLIMICS200909,19.38508,17.76382,21.11631,19.4 [17.8-21.1],2022-05-26T14:33:35+02:00
cpmt,UGA,AFR,1995,DHSMICSGEOREGION,DHSMICSGEOREGION_UGADHS199502,11.34381,9.05386,14.123,11.3 [9.1-14.1],2022-05-26T14:50:00+02:00
cpmt,UGA,AFR,2011,AGEGROUP,AGEGROUP_YEARS20-49,31.33011,29.52733,33.19113,31.3 [29.5-33.2],2022-05-26T11:07:24+02:00
cpmt,COG,AFR,2011,WEALTHDECILE,WEALTHDECILE_WEALTHDECILE09,51.10227,44.32077,57.84344,51.1 [44.3-57.8],2022-05-26T12:04:00+02:00
cpmt,TZA,AFR,2004,WEALTHDECILE,WEALTHDECILE_WEALTHDECILE07,26.21865,22.03502,30.88197,26.2 [22.0-30.9],2022-05-26T12:36:47+02:00
cpmt,SLE,AFR,2019,WEALTHQUINTILE,WEALTHQUINTILE_WQ1,16.1558,14.41749,18.05947,16.2 [14.4-18.1],2022-05-26T13:04:02+02:00
cpmt,CIV,AFR,2006,RESIDENCEAREATYPE,RESIDENCEAREATYPE_URB,20.91142,18.25241,23.84481,20.9 [18.3-23.8],2022-05-26T11:34:07+02:00
cpmt,MOZ,AFR,2015,WEALTHQUINTILE,WEALTHQUINTILE_WQ5,45.26982,41.79063,48.79586,45.3 [41.8-48.8],2022-05-26T12:58:35+02:00
cpmt,BFA,AFR,2003,DHSMICSGEOREGION,DHSMICSGEOREGION_BFADHS200303,15.61271,9.81243,23.93181,15.6 [9.8-23.9],2022-05-26T14:14:20+02:00
cpmt,TZA,AFR,1999,DHSMICSGEOREGION,DHSMICSGEOREGION_TZADHS199918,26.46151,16.74793,39.15891,26.5 [16.7-39.2],2022-05-26T14:51:06+02:00
cpmt,MLI,AFR,2018,DHSMICSGEOREGION,DHSMICSGEOREGION_MLIDHS201806,5.97855,3.76603,9.36442,6.0 [3.8-9.4],2022-05-26T14:33:49+02:00
cpmt,MLI,AFR,2012,WEALTHDECILE,WEALTHDECILE_WEALTHDECILE05,4.53434,3.09966,6.58793,4.5 [3.1-6.6],2022-05-26T12:18:56+02:00
cpmt,ETH,AFR,2005,DHSMICSGEOREGION,DHSMICSGEOREGION_ETHDHS200507,11.85605,9.25031,15.07387,11.9 [9.3-15.1],2022-05-26T14:22:18+02:00
cpmt,TZA,AFR,2004,WEALTHQUINTILE,WEALTHQUINTILE_WQ1,15.60871,13.35677,18.16074,15.6 [13.4-18.2],2022-05-26T13:06:44+02:00
cpmt,CAF,AFR,1994,RESIDENCEAREATYPE,RESIDENCEAREATYPE_RUR,12.12635,10.93041,13.43342,12.1 [10.9-13.4],2022-05-26T11:33:34+02:00
cpmt,MLI,AFR,2001,WEALTHQUINTILE,WEALTHQUINTILE_WQ5,21.30374,19.02076,23.78028,21.3 [19.0-23.8],2022-05-26T12:57:22+02:00
cpmt,NAM,AFR,2000,DHSMICSGEOREGION,DHSMICSGEOREGION_NAMDHS200002,66.3912,56.8098,74.79027,66.4 [56.8-74.8],2022-05-26T14:35:34+02:00
cpmt,NGA,AFR,2008,WEALTHDECILE,WEALTHDECILE_WEALTHDECILE06,13.84713,11.83659,16.13668,13.8 [11.8-16.1],2022-05-26T12:23:06+02:00
cpmt,ETH,AFR,2011,WEALTHDECILE,WEALTHDECILE_WEALTHDECILE01,11.11459,8.33832,14.66731,11.1 [8.3-14.7],2022-05-26T12:08:19+02:00
cpmt,NGA,AFR,2007,DHSMICSGEOREGION,DHSMICSGEOREGION_NGAMICS200723,21.38365,14.95888,29.60714,21.4 [15.0-29.6],2022-05-26T14:37:13+02:00
cpmt,TZA,AFR,2015,WEALTHDECILE,WEALTHDECILE_WEALTHDECILE07,45.96692,41.5444,50.45387,46.0 [41.5-50.5],2022-05-26T12:36:59+02:00
cpmt,NAM,AFR,2006,DHSMICSGEOREGION,DHSMICSGEOREGION_NAMDHS200613,57.55282,51.8595,63.05254,57.6 [51.9-63.1],2022-05-26T14:35:42+02:00
cpmt,DZA,AFR,2012,DHSMICSGEOREGION,DHSMICSGEOREGION_DZAMICS201201,58.74191,56.40316,61.04185,58.7 [56.4-61.0],2022-05-26T14:10:47+02:00
cpmt,NER,AFR,2012,WEALTHDECILE,WEALTHDECILE_WEALTHDECILE08,18.46353,15.45214,21.90972,18.5 [15.5-21.9],2022-05-26T12:22:39+02:00
cpmt,CPV,AFR,1998,WEALTHQUINTILE,WEALTHQUINTILE_WQ2,39.9784,34.20258,46.047,40.0 [34.2-46.0],2022-05-26T12:47:47+02:00
cpmt,ZMB,AFR,2018,WEALTHDECILE,WEALTHDECILE_WEALTHDECILE08,58.24628,54.14166,62.23973,58.2 [54.1-62.2],2022-05-26T12:38:39+02:00
cpmt,SEN,AFR,2019,EDUCATIONLEVEL,EDUCATIONLEVEL_SHLM,31.92605,28.15913,35.94475,31.9 [28.2-35.9],2022-05-26T11:24:02+02:00
cpmt,MWI,AFR,2015,EDUCATIONLEVEL,EDUCATIONLEVEL_SHLM,59.75453,57.25009,62.20909,59.8 [57.3-62.2],2022-05-26T11:20:37+02:00
cpmt,MOZ,AFR,2008,DHSMICSGEOREGION,DHSMICSGEOREGION_MOZMICS200811,34.2464,30.79552,37.87235,34.2 [30.8-37.9],2022-05-26T14:35:00+02:00
cpmt,SEN,AFR,2016,DHSMICSGEOREGION,DHSMICSGEOREGION_SENDHS201602,30.53063,25.19865,36.44119,30.5 [25.2-36.4],2022-05-26T14:46:17+02:00
cpmt,TGO,AFR,2006,WEALTHQUINTILE,WEALTHQUINTILE_WQ1,12.08399,9.43104,15.35668,12.1 [9.4-15.4],2022-05-26T13:05:12+02:00
cpmt,GIN,AFR,2012,DHSMICSGEOREGION,DHSMICSGEOREGION_GINDHS201202,9.31254,6.5556,13.06679,9.3 [6.6-13.1],2022-05-26T14:24:41+02:00
cpmt,ZMB,AFR,1996,DHSMICSGEOREGION,DHSMICSGEOREGION_ZMBDHS199603,21.11227,17.37613,25.40474,21.1 [17.4-25.4],2022-05-26T14:53:06+02:00
cpmt,ZWE,AFR,2010,WEALTHDECILE,WEALTHDECILE_WEALTHDECILE04,53.125,48.11314,58.0746,53.1 [48.1-58.1],2022-05-26T12:39:10+02:00
cpmt,GNB,AFR,2014,WEALTHDECILE,WEALTHDECILE_WEALTHDECILE05,9.83587,7.45117,12.87756,9.8 [7.5-12.9],2022-05-26T12:11:19+02:00
cpmt,BDI,AFR,2016,WEALTHQUINTILE,WEALTHQUINTILE_WQ5,35.52161,33.01931,38.10566,35.5 [33.0-38.1],2022-05-26T12:47:44+02:00
cpmt,TZA,AFR,1996,WEALTHDECILE,WEALTHDECILE_WEALTHDECILE01,6.38087,4.28531,9.40052,6.4 [4.3-9.4],2022-05-26T12:36:34+02:00
cpmt,CMR,AFR,2018,RESIDENCEAREATYPE,RESIDENCEAREATYPE_RUR,13.09423,11.29023,15.1373,13.1 [11.3-15.1],2022-05-26T11:33:33+02:00
cpmt,CMR,AFR,2006,EDUCATIONLEVEL,EDUCATIONLEVEL_NHLM,11.08827,8.19583,14.83654,11.1 [8.2-14.8],2022-05-26T11:15:37+02:00
cpmt,UGA,AFR,2006,DHSMICSGEOREGION,DHSMICSGEOREGION_UGADHS200601,33.88524,27.0762,41.4337,33.9 [27.1-41.4],2022-05-26T14:50:06+02:00
cpmt,GAB,AFR,2012,WEALTHQUINTILE,WEALTHQUINTILE_WQ1,21.29419,17.96924,25.04654,21.3 [18.0-25.0],2022-05-26T12:51:49+02:00
cpmt,COM,AFR,2012,DHSMICSGEOREGION,DHSMICSGEOREGION_COMDHS201202,19.42247,16.22995,23.07003,19.4 [16.2-23.1],2022-05-26T14:18:12+02:00
cpmt,CAF,AFR,2006,DHSMICSGEOREGION,DHSMICSGEOREGION_CAFMICS200616,37.19575,32.69033,41.93527,37.2 [32.7-41.9],2022-05-26T14:16:40+02:00
cpmt,SEN,AFR,2019,DHSMICSGEOREGION,DHSMICSGEOREGION_SENDHS201904,37.02133,27.72694,47.38846,37.0 [27.7-47.4],2022-05-26T14:46:41+02:00
cpmt,GMB,AFR,2013,WEALTHQUINTILE,WEALTHQUINTILE_WQ3,5.76012,4.34671,7.59664,5.8 [4.3-7.6],2022-05-26T12:51:59+02:00
cpmt,MRT,AFR,2011,RESIDENCEAREATYPE,RESIDENCEAREATYPE_RUR,5.30452,4.55807,6.16532,5.3 [4.6-6.2],2022-05-26T11:37:11+02:00
cpmt,GMB,AFR,2010,WEALTHDECILE,WEALTHDECILE_WEALTHDECILE05,11.63073,9.42838,14.26649,11.6 [9.4-14.3],2022-05-26T12:08:55+02:00
cpmt,ETH,AFR,2011,DHSMICSGEOREGION,DHSMICSGEOREGION_ETHDHS201105,4.31625,1.91882,9.42137,4.3 [1.9-9.4],2022-05-26T14:22:24+02:00
cpmt,CMR,AFR,2014,RESIDENCEAREATYPE,RESIDENCEAREATYPE_RUR,27.70611,25.05129,30.52768,27.7 [25.1-30.5],2022-05-26T11:33:32+02:00
cpmt,TGO,AFR,2010,EDUCATIONLEVEL,EDUCATIONLEVEL_PRLM,17.32792,14.8268,20.15113,17.3 [14.8-20.2],2022-05-26T11:24:56+02:00
cpmt,BFA,AFR,2010,WEALTHQUINTILE,WEALTHQUINTILE_WQ2,9.00076,7.82439,10.33415,9.0 [7.8-10.3],2022-05-26T12:47:35+02:00
cpmt,ZAF,AFR,1998,EDUCATIONLEVEL,EDUCATIONLEVEL_PRLM,47.22614,44.30631,50.16508,47.2 [44.3-50.2],2022-05-26T11:24:22+02:00
cpmt,NGA,AFR,2013,DHSMICSGEOREGION,DHSMICSGEOREGION_NGADHS201302,3.15087,2.52623,3.92375,3.2 [2.5-3.9],2022-05-26T14:37:53+02:00
cpmt,UGA,AFR,2016,WEALTHDECILE,WEALTHDECILE_WEALTHDECILE03,33.12817,30.22076,36.17031,33.1 [30.2-36.2],2022-05-26T12:36:05+02:00
cpmt,TCD,AFR,2019,WEALTHDECILE,WEALTHDECILE_WEALTHDECILE06,8.45766,6.64643,10.70586,8.5 [6.6-10.7],2022-05-26T12:03:13+02:00
cpmt,TCD,AFR,2010,DHSMICSGEOREGION,DHSMICSGEOREGION_TCDMICS201017,0.67802,0.18166,2.49668,0.7 [0.2-2.5],2022-05-26T14:17:20+02:00
cpmt,SEN,AFR,2018,WEALTHDECILE,WEALTHDECILE_WEALTHDECILE04,27.43877,22.91107,32.48419,27.4 [22.9-32.5],2022-05-26T12:30:38+02:00
cpmt,NGA,AFR,1999,DHSMICSGEOREGION,DHSMICSGEOREGION_NGADHS199901,3.05433,1.94193,4.77294,3.1 [1.9-4.8],2022-05-26T14:37:02+02:00
cpmt,SEN,AFR,2014,WEALTHQUINTILE,WEALTHQUINTILE_WQ4,30.29505,25.59982,35.4412,30.3 [25.6-35.4],2022-05-26T13:03:13+02:00
cpmt,NGA,AFR,2007,RESIDENCEAREATYPE,RESIDENCEAREATYPE_RUR,26.52501,23.55171,29.72771,26.5 [23.6-29.7],2022-05-26T11:37:59+02:00
cpmt,CIV,AFR,2011,WEALTHQUINTILE,WEALTHQUINTILE_WQ3,14.57089,12.23513,17.26484,14.6 [12.2-17.3],2022-05-26T12:49:54+02:00
cpmt,SEN,AFR,2016,DHSMICSGEOREGION,DHSMICSGEOREGION_SENDHS201613,10.54554,7.69633,14.28628,10.5 [7.7-14.3],2022-05-26T14:46:17+02:00
cpmt,KEN,AFR,2003,DHSMICSGEOREGION,DHSMICSGEOREGION_KENDHS200308,0.16734,0.02293,1.21026,0.2 [0.0-1.2],2022-05-26T14:30:43+02:00
cpmt,MOZ,AFR,2008,DHSMICSGEOREGION,DHSMICSGEOREGION_MOZMICS200801,13.61419,9.05532,19.96437,13.6 [9.1-20.0],2022-05-26T14:35:01+02:00
cpmt,GIN,AFR,1999,WEALTHDECILE,WEALTHDECILE_WEALTHDECILE07,7.21761,5.16034,10.00849,7.2 [5.2-10.0],2022-05-26T12:10:46+02:00
cpmt,NER,AFR,2006,WEALTHQUINTILE,WEALTHQUINTILE_WQ2,8.00436,5.96426,10.66315,8.0 [6.0-10.7],2022-05-26T12:59:35+02:00
cpmt,MWI,AFR,2000,WEALTHDECILE,WEALTHDECILE_WEALTHDECILE08,33.15511,30.0037,36.46507,33.2 [30.0-36.5],2022-05-26T12:17:35+02:00
cpmt,GIN,AFR,2005,DHSMICSGEOREGION,DHSMICSGEOREGION_GINDHS200507,2.62113,1.46342,4.65147,2.6 [1.5-4.7],2022-05-26T14:24:37+02:00
cpmt,COG,AFR,2014,DHSMICSGEOREGION,DHSMICSGEOREGION_COGMICS201402,14.41381,11.55463,17.8378,14.4 [11.6-17.8],2022-05-26T14:18:24+02:00
cpmt,ETH,AFR,2000,DHSMICSGEOREGION,DHSMICSGEOREGION_ETHDHS200011,28.44256,23.91104,33.45528,28.4 [23.9-33.5],2022-05-26T14:22:12+02:00
cpmt,SEN,AFR,2019,WEALTHQUINTILE,WEALTHQUINTILE_WQ2,22.20601,19.13946,25.60828,22.2 [19.1-25.6],2022-05-26T13:03:29+02:00
cpmt,CAF,AFR,2006,WEALTHDECILE,WEALTHDECILE_WEALTHDECILE01,8.09883,5.42472,11.92491,8.1 [5.4-11.9],2022-05-26T12:02:36+02:00
cpmt,GHA,AFR,2008,RESIDENCEAREATYPE,RESIDENCEAREATYPE_URB,27.09914,24.03912,30.39283,27.1 [24.0-30.4],2022-05-26T11:35:06+02:00
cpmt,CAF,AFR,2006,DHSMICSGEOREGION,DHSMICSGEOREGION_CAFMICS200611,14.24661,9.55361,20.7169,14.2 [9.6-20.7],2022-05-26T14:16:40+02:00
cpmt,UGA,AFR,2000,WEALTHDECILE,WEALTHDECILE_WEALTHDECILE10,55.35613,50.88103,59.74607,55.4 [50.9-59.7],2022-05-26T12:35:46+02:00
cpmt,GIN,AFR,2012,DHSMICSGEOREGION,DHSMICSGEOREGION_GINDHS201206,10.22951,7.72171,13.43321,10.2 [7.7-13.4],2022-05-26T14:24:41+02:00
cpmt,ETH,AFR,2011,DHSMICSGEOREGION,DHSMICSGEOREGION_ETHDHS201109,34.72424,29.71706,40.09381,34.7 [29.7-40.1],2022-05-26T14:22:24+02:00
cpmt,NGA,AFR,2013,WEALTHDECILE,WEALTHDECILE_WEALTHDECILE01,0.73185,0.46664,1.14605,0.7 [0.5-1.1],2022-05-26T12:23:20+02:00
cpmt,LSO,AFR,2004,DHSMICSGEOREGION,DHSMICSGEOREGION_LSODHS200408,23.22101,16.557,31.55297,23.2 [16.6-31.6],2022-05-26T14:31:44+02:00
cpmt,MWI,AFR,2013,DHSMICSGEOREGION,DHSMICSGEOREGION_MWIMICS201311,50.40572,43.91954,56.87827,50.4 [43.9-56.9],2022-05-26T14:32:54+02:00
cpmt,GHA,AFR,1993,DHSMICSGEOREGION,DHSMICSGEOREGION_GHADHS199303,36.79775,30.32956,43.77859,36.8 [30.3-43.8],2022-05-26T14:23:26+02:00
cpmt,COM,AFR,2012,EDUCATIONLEVEL,EDUCATIONLEVEL_PRLM,19.13765,15.81075,22.97357,19.1 [15.8-23.0],2022-05-26T11:16:10+02:00
cpmt,MLI,AFR,2001,DHSMICSGEOREGION,DHSMICSGEOREGION_MLIDHS200107,1.83221,0.50442,6.42931,1.8 [0.5-6.4],2022-05-26T14:33:23+02:00
cpmt,MOZ,AFR,2015,DHSMICSGEOREGION,DHSMICSGEOREGION_MOZDHS201505,29.81216,21.98488,39.03194,29.8 [22.0-39.0],2022-05-26T14:35:15+02:00
cpmt,COM,AFR,1996,EDUCATIONLEVEL,EDUCATIONLEVEL_NHLM,16.787,14.59658,19.23212,16.8 [14.6-19.2],2022-05-26T11:16:08+02:00
cpmt,GHA,AFR,1993,DHSMICSGEOREGION,DHSMICSGEOREGION_GHADHS199305,25.88235,20.76638,31.75358,25.9 [20.8-31.8],2022-05-26T14:23:26+02:00
cpmt,MWI,AFR,2015,WEALTHQUINTILE,WEALTHQUINTILE_WQ5,62.35626,60.04923,64.60859,62.4 [60.0-64.6],2022-05-26T12:57:06+02:00
cpmt,MWI,AFR,2019,WEALTHQUINTILE,WEALTHQUINTILE_WQ3,66.52548,64.23702,68.73877,66.5 [64.2-68.7],2022-05-26T12:57:09+02:00
cpmt,MDG,AFR,2003,RESIDENCEAREATYPE,RESIDENCEAREATYPE_URB,40.88738,38.45203,43.36829,40.9 [38.5-43.4],2022-05-26T11:36:44+02:00
cpmt,COD,AFR,2007,DHSMICSGEOREGION,DHSMICSGEOREGION_CODDHS200707,17.33465,13.72753,21.65173,17.3 [13.7-21.7],2022-05-26T14:19:23+02:00
cpmt,TCD,AFR,2019,WEALTHDECILE,WEALTHDECILE_WEALTHDECILE03,6.13767,4.58285,8.17479,6.1 [4.6-8.2],2022-05-26T12:03:13+02:00
cpmt,SLE,AFR,2005,WEALTHDECILE,WEALTHDECILE_WEALTHDECILE04,0.90873,0.41005,2.00167,0.9 [0.4-2.0],2022-05-26T12:31:18+02:00
cpmt,CIV,AFR,2016,RESIDENCEAREATYPE,RESIDENCEAREATYPE_RUR,12.17015,10.77218,13.72165,12.2 [10.8-13.7],2022-05-26T11:34:09+02:00
cpmt,COG,AFR,2014,DHSMICSGEOREGION,DHSMICSGEOREGION_COGMICS201403,37.63113,31.36068,44.34532,37.6 [31.4-44.3],2022-05-26T14:18:24+02:00
cpmt,ZAF,AFR,1998,EDUCATIONLEVEL,EDUCATIONLEVEL_NHLM,33.24427,28.23273,38.66611,33.2 [28.2-38.7],2022-05-26T11:24:22+02:00
cpmt,MWI,AFR,2015,WEALTHDECILE,WEALTHDECILE_WEALTHDECILE08,59.61974,56.70818,62.4651,59.6 [56.7-62.5],2022-05-26T12:18:05+02:00
cpmt,MOZ,AFR,2011,WEALTHQUINTILE,WEALTHQUINTILE_WQ1,2.91709,2.03918,4.15693,2.9 [2.0-4.2],2022-05-26T12:58:31+02:00
cpmt,TZA,AFR,2010,DHSMICSGEOREGION,DHSMICSGEOREGION_TZADHS201024,26.30525,19.07641,35.08574,26.3 [19.1-35.1],2022-05-26T14:51:35+02:00
cpmt,KEN,AFR,1993,EDUCATIONLEVEL,EDUCATIONLEVEL_NHLM,19.48005,16.69142,22.60812,19.5 [16.7-22.6],2022-05-26T11:19:45+02:00
cpmt,COD,AFR,2017,DHSMICSGEOREGION,DHSMICSGEOREGION_CODMICS201717,21.39078,17.47635,25.90674,21.4 [17.5-25.9],2022-05-26T14:19:46+02:00
cpmt,MDG,AFR,2018,DHSMICSGEOREGION,DHSMICSGEOREGION_MDGMICS201816,42.9743,34.90341,51.43681,43.0 [34.9-51.4],2022-05-26T14:32:33+02:00
cpmt,COG,AFR,2014,EDUCATIONLEVEL,EDUCATIONLEVEL_PRLM,29.01995,26.49508,31.68173,29.0 [26.5-31.7],2022-05-26T11:16:16+02:00
cpmt,MWI,AFR,2010,WEALTHQUINTILE,WEALTHQUINTILE_WQ4,48.38903,45.91268,50.87331,48.4 [45.9-50.9],2022-05-26T12:56:59+02:00
cpmt,NGA,AFR,2008,WEALTHDECILE,WEALTHDECILE_WEALTHDECILE05,9.1681,7.76848,10.79039,9.2 [7.8-10.8],2022-05-26T12:23:06+02:00
cpmt,MOZ,AFR,2008,RESIDENCEAREATYPE,RESIDENCEAREATYPE_URB,24.76512,21.87682,27.89858,24.8 [21.9-27.9],2022-05-26T11:37:27+02:00
cpmt,SSD,AFR,2010,WEALTHDECILE,WEALTHDECILE_WEALTHDECILE02,3.68541,2.37371,5.67977,3.7 [2.4-5.7],2022-05-26T12:32:13+02:00
cpmt,MWI,AFR,2000,WEALTHDECILE,WEALTHDECILE_WEALTHDECILE07,27.50752,24.29458,30.97154,27.5 [24.3-31.0],2022-05-26T12:17:35+02:00
cpmt,TGO,AFR,2017,EDUCATIONLEVEL,EDUCATIONLEVEL_NHLM,15.67581,13.23575,18.46996,15.7 [13.2-18.5],2022-05-26T11:25:00+02:00
cpmt,BEN,AFR,1996,EDUCATIONLEVEL,EDUCATIONLEVEL_PRLM,23.60567,20.29949,27.26613,23.6 [20.3-27.3],2022-05-26T11:14:39+02:00
cpmt,NGA,AFR,2007,DHSMICSGEOREGION,DHSMICSGEOREGION_NGAMICS200716,8.77193,5.1166,14.63583,8.8 [5.1-14.6],2022-05-26T14:37:13+02:00
cpmt,TGO,AFR,2013,DHSMICSGEOREGION,DHSMICSGEOREGION_TGODHS201302,17.93154,14.70785,21.68219,17.9 [14.7-21.7],2022-05-26T14:49:02+02:00
cpmt,MLI,AFR,2012,WEALTHDECILE,WEALTHDECILE_WEALTHDECILE04,4.74656,3.38828,6.61209,4.7 [3.4-6.6],2022-05-26T12:18:56+02:00
cpmt,CIV,AFR,2016,AGEGROUP,AGEGROUP_YEARS20-49,15.98284,14.69329,17.36253,16.0 [14.7-17.4],2022-05-26T11:01:02+02:00
cpmt,GIN,AFR,2005,AGEGROUP,AGEGROUP_YEARS15-19,8.80071,6.55836,11.71362,8.8 [6.6-11.7],2022-05-26T11:02:13+02:00
cpmt,MDG,AFR,1997,DHSMICSGEOREGION,DHSMICSGEOREGION_MDGDHS199702,9.75596,6.67957,14.03614,9.8 [6.7-14.0],2022-05-26T14:32:12+02:00
cpmt,SLE,AFR,2008,WEALTHDECILE,WEALTHDECILE_WEALTHDECILE08,10.80272,8.25671,14.01388,10.8 [8.3-14.0],2022-05-26T12:31:24+02:00
cpmt,SEN,AFR,2015,WEALTHQUINTILE,WEALTHQUINTILE_WQ5,33.87579,28.34107,39.8897,33.9 [28.3-39.9],2022-05-26T13:03:16+02:00
cpmt,BFA,AFR,2006,DHSMICSGEOREGION,DHSMICSGEOREGION_BFAMICS200605,9.30375,3.83768,20.86588,9.3 [3.8-20.9],2022-05-26T14:14:28+02:00
cpmt,ZWE,AFR,1994,WEALTHDECILE,WEALTHDECILE_WEALTHDECILE09,56.1609,50.37774,61.78139,56.2 [50.4-61.8],2022-05-26T12:38:45+02:00
cpmt,SSD,AFR,2010,WEALTHDECILE,WEALTHDECILE_WEALTHDECILE03,2.54853,1.48283,4.34637,2.5 [1.5-4.3],2022-05-26T12:32:13+02:00
cpmt,ETH,AFR,2005,WEALTHDECILE,WEALTHDECILE_WEALTHDECILE03,5.30441,3.68537,7.57876,5.3 [3.7-7.6],2022-05-26T12:08:14+02:00
cpmt,UGA,AFR,2006,WEALTHDECILE,WEALTHDECILE_WEALTHDECILE04,18.11051,14.83427,21.92406,18.1 [14.8-21.9],2022-05-26T12:35:53+02:00
cpmt,CIV,AFR,1994,DHSMICSGEOREGION,DHSMICSGEOREGION_CIVDHS199401,9.77781,6.67023,14.11422,9.8 [6.7-14.1],2022-05-26T14:18:56+02:00
cpmt,RWA,AFR,2019,RESIDENCEAREATYPE,RESIDENCEAREATYPE_RUR,64.89227,63.42986,66.32725,64.9 [63.4-66.3],2022-05-26T11:39:03+02:00
cpmt,TGO,AFR,2013,WEALTHQUINTILE,WEALTHQUINTILE_WQ3,19.18551,16.32209,22.41669,19.2 [16.3-22.4],2022-05-26T13:05:19+02:00
cpmt,MOZ,AFR,2003,WEALTHDECILE,WEALTHDECILE_WEALTHDECILE09,37.20926,33.11778,41.49262,37.2 [33.1-41.5],2022-05-26T12:20:26+02:00
cpmt,LBR,AFR,2013,DHSMICSGEOREGION,DHSMICSGEOREGION_LBRDHS201302,24.16682,18.96624,30.26089,24.2 [19.0-30.3],2022-05-26T14:32:06+02:00
cpmt,NGA,AFR,2016,DHSMICSGEOREGION,DHSMICSGEOREGION_NGAMICS201631,20.11121,15.67411,25.42567,20.1 [15.7-25.4],2022-05-26T14:38:02+02:00
cpmt,NER,AFR,1998,EDUCATIONLEVEL,EDUCATIONLEVEL_NHLM,6.42875,5.57925,7.39747,6.4 [5.6-7.4],2022-05-26T11:21:57+02:00
cpmt,RWA,AFR,2000,WEALTHQUINTILE,WEALTHQUINTILE_WQ3,12.75878,10.281,15.72903,12.8 [10.3-15.7],2022-05-26T13:02:28+02:00
cpmt,SEN,AFR,2014,WEALTHQUINTILE,WEALTHQUINTILE_WQ2,14.97655,12.07248,18.43275,15.0 [12.1-18.4],2022-05-26T13:03:13+02:00
cpmt,UGA,AFR,2011,WEALTHDECILE,WEALTHDECILE_WEALTHDECILE07,32.35786,26.87215,38.37577,32.4 [26.9-38.4],2022-05-26T12:35:59+02:00
cpmt,GNB,AFR,2018,WEALTHQUINTILE,WEALTHQUINTILE_WQ2,18.99788,16.83666,21.36526,19.0 [16.8-21.4],2022-05-26T12:53:17+02:00
cpmt,UGA,AFR,2016,RESIDENCEAREATYPE,RESIDENCEAREATYPE_URB,45.96607,43.42141,48.53193,46.0 [43.4-48.5],2022-05-26T11:40:24+02:00
cpmt,TZA,AFR,1999,WEALTHDECILE,WEALTHDECILE_WEALTHDECILE01,15.22791,10.63402,21.33263,15.2 [10.6-21.3],2022-05-26T12:36:40+02:00
cpmt,GHA,AFR,1998,DHSMICSGEOREGION,DHSMICSGEOREGION_GHADHS199802,19.34062,14.63232,25.11817,19.3 [14.6-25.1],2022-05-26T14:23:32+02:00
cpmt,SEN,AFR,2012,DHSMICSGEOREGION,DHSMICSGEOREGION_SENDHS201214,12.32843,8.03762,18.45029,12.3 [8.0-18.5],2022-05-26T14:45:52+02:00
cpmt,COG,AFR,2011,DHSMICSGEOREGION,DHSMICSGEOREGION_COGDHS201103,46.17525,41.13837,51.29144,46.2 [41.1-51.3],2022-05-26T14:18:17+02:00
cpmt,MLI,AFR,2012,WEALTHDECILE,WEALTHDECILE_WEALTHDECILE08,15.81369,12.88913,19.25516,15.8 [12.9-19.3],2022-05-26T12:18:56+02:00
cpmt,MOZ,AFR,2011,EDUCATIONLEVEL,EDUCATIONLEVEL_NHLM,5.46073,4.46707,6.66002,5.5 [4.5-6.7],2022-05-26T11:21:24+02:00
cpmt,MDG,AFR,1997,DHSMICSGEOREGION,DHSMICSGEOREGION_MDGDHS199704,10.69301,7.36201,15.28252,10.7 [7.4-15.3],2022-05-26T14:32:12+02:00
cpmt,NER,AFR,2006,DHSMICSGEOREGION,DHSMICSGEOREGION_NERDHS200604,4.32129,3.22981,5.75969,4.3 [3.2-5.8],2022-05-26T14:36:53+02:00
cpmt,CIV,AFR,2006,WEALTHDECILE,WEALTHDECILE_WEALTHDECILE08,21.18318,17.32912,25.62867,21.2 [17.3-25.6],2022-05-26T12:05:09+02:00
cpmt,MLI,AFR,2015,RESIDENCEAREATYPE,RESIDENCEAREATYPE_URB,28.14229,25.33272,31.13352,28.1 [25.3-31.1],2022-05-26T11:37:07+02:00
cpmt,NAM,AFR,2000,WEALTHDECILE,WEALTHDECILE_WEALTHDECILE02,24.92524,18.81346,32.2342,24.9 [18.8-32.2],2022-05-26T12:20:56+02:00
cpmt,CIV,AFR,2016,DHSMICSGEOREGION,DHSMICSGEOREGION_CIVMICS201611,21.79745,18.55983,25.42353,21.8 [18.6-25.4],2022-05-26T14:19:16+02:00
cpmt,BFA,AFR,2006,WEALTHDECILE,WEALTHDECILE_WEALTHDECILE04,9.56714,6.97541,12.98739,9.6 [7.0-13.0],2022-05-26T12:00:51+02:00
cpmt,MWI,AFR,2000,WEALTHQUINTILE,WEALTHQUINTILE_WQ3,26.89137,24.91252,28.96677,26.9 [24.9-29.0],2022-05-26T12:56:49+02:00
cpmt,GAB,AFR,2012,EDUCATIONLEVEL,EDUCATIONLEVEL_NHLM,13.97512,8.46966,22.1916,14.0 [8.5-22.2],2022-05-26T11:17:44+02:00
cpmt,CMR,AFR,2006,EDUCATIONLEVEL,EDUCATIONLEVEL_SHLM,45.87629,42.65653,49.13085,45.9 [42.7-49.1],2022-05-26T11:15:37+02:00
cpmt,MWI,AFR,2013,WEALTHDECILE,WEALTHDECILE_WEALTHDECILE06,58.84458,55.61956,61.99538,58.8 [55.6-62.0],2022-05-26T12:17:59+02:00
cpmt,SEN,AFR,1997,DHSMICSGEOREGION,DHSMICSGEOREGION_SENDHS199704,11.06192,8.59042,14.13454,11.1 [8.6-14.1],2022-05-26T14:45:34+02:00
cpmt,CIV,AFR,1994,WEALTHDECILE,WEALTHDECILE_WEALTHDECILE07,12.3949,9.15075,16.57927,12.4 [9.2-16.6],2022-05-26T12:04:57+02:00
cpmt,BDI,AFR,2016,EDUCATIONLEVEL,EDUCATIONLEVEL_NHLM,24.15536,22.63512,25.74372,24.2 [22.6-25.7],2022-05-26T11:15:15+02:00
cpmt,BFA,AFR,2006,WEALTHDECILE,WEALTHDECILE_WEALTHDECILE09,41.39382,29.78123,54.0491,41.4 [29.8-54.0],2022-05-26T12:00:51+02:00
cpmt,MRT,AFR,2011,EDUCATIONLEVEL,EDUCATIONLEVEL_NHLM,7.02093,6.08855,8.08381,7.0 [6.1-8.1],2022-05-26T11:20:58+02:00
cpmt,GHA,AFR,2003,WEALTHDECILE,WEALTHDECILE_WEALTHDECILE09,29.84792,25.07665,35.10168,29.8 [25.1-35.1],2022-05-26T12:09:44+02:00
cpmt,ZWE,AFR,2014,DHSMICSGEOREGION,DHSMICSGEOREGION_ZWEMICS201402,65.23888,61.679,68.63623,65.2 [61.7-68.6],2022-05-26T14:54:04+02:00
cpmt,SEN,AFR,2016,DHSMICSGEOREGION,DHSMICSGEOREGION_SENDHS201612,16.49195,12.46019,21.50776,16.5 [12.5-21.5],2022-05-26T14:46:17+02:00
cpmt,MOZ,AFR,2003,DHSMICSGEOREGION,DHSMICSGEOREGION_MOZDHS200307,20.95978,16.58597,26.12574,21.0 [16.6-26.1],2022-05-26T14:34:53+02:00
cpmt,ZAF,AFR,2016,WEALTHDECILE,WEALTHDECILE_WEALTHDECILE10,54.71429,46.93498,62.26993,54.7 [46.9-62.3],2022-05-26T12:32:07+02:00
cpmt,GNB,AFR,2006,WEALTHQUINTILE,WEALTHQUINTILE_WQ3,7.01116,5.30299,9.21602,7.0 [5.3-9.2],2022-05-26T12:53:11+02:00
cpmt,CMR,AFR,1998,DHSMICSGEOREGION,DHSMICSGEOREGION_CMRDHS199803,34.27955,30.81787,37.91695,34.3 [30.8-37.9],2022-05-26T14:15:57+02:00
cpmt,MDG,AFR,2003,WEALTHDECILE,WEALTHDECILE_WEALTHDECILE07,24.82691,19.85536,30.56848,24.8 [19.9-30.6],2022-05-26T12:17:18+02:00
cpmt,SEN,AFR,1997,AGEGROUP,AGEGROUP_YEARS15-19,5.5179,3.64503,8.27049,5.5 [3.6-8.3],2022-05-26T11:06:04+02:00
cpmt,NAM,AFR,2006,DHSMICSGEOREGION,DHSMICSGEOREGION_NAMDHS200610,49.76465,39.86371,59.68407,49.8 [39.9-59.7],2022-05-26T14:35:42+02:00
cpmt,SEN,AFR,2014,DHSMICSGEOREGION,DHSMICSGEOREGION_SENDHS201406,18.47286,13.86554,24.18132,18.5 [13.9-24.2],2022-05-26T14:46:00+02:00
cpmt,LSO,AFR,2014,DHSMICSGEOREGION,DHSMICSGEOREGION_LSODHS201402,64.23098,57.58098,70.37484,64.2 [57.6-70.4],2022-05-26T14:31:55+02:00
cpmt,SLE,AFR,2010,WEALTHDECILE,WEALTHDECILE_WEALTHDECILE02,6.15072,4.40506,8.52646,6.2 [4.4-8.5],2022-05-26T12:31:30+02:00
cpmt,COD,AFR,2017,DHSMICSGEOREGION,DHSMICSGEOREGION_CODMICS201721,4.53058,1.66043,11.76828,4.5 [1.7-11.8],2022-05-26T14:19:46+02:00
cpmt,RWA,AFR,2010,WEALTHQUINTILE,WEALTHQUINTILE_WQ4,57.24182,54.09568,60.33045,57.2 [54.1-60.3],2022-05-26T13:02:34+02:00
cpmt,UGA,AFR,2000,WEALTHQUINTILE,WEALTHQUINTILE_WQ5,45.83262,42.69188,49.00683,45.8 [42.7-49.0],2022-05-26T13:06:12+02:00
cpmt,NER,AFR,2012,DHSMICSGEOREGION,DHSMICSGEOREGION_NERDHS201207,17.16136,13.11552,22.13727,17.2 [13.1-22.1],2022-05-26T14:36:58+02:00
cpmt,MLI,AFR,2009,DHSMICSGEOREGION,DHSMICSGEOREGION_MLIMICS200902,10.05462,8.3646,12.04122,10.1 [8.4-12.0],2022-05-26T14:33:35+02:00
cpmt,TZA,AFR,1999,DHSMICSGEOREGION,DHSMICSGEOREGION_TZADHS199907,33.10518,22.86696,45.23886,33.1 [22.9-45.2],2022-05-26T14:51:06+02:00
cpmt,SEN,AFR,2005,DHSMICSGEOREGION,DHSMICSGEOREGION_SENDHS200504,6.59623,4.59665,9.38013,6.6 [4.6-9.4],2022-05-26T14:45:37+02:00
cpmt,GHA,AFR,1998,AGEGROUP,AGEGROUP_YEARS15-19,19.21069,12.69647,27.99542,19.2 [12.7-28.0],2022-05-26T11:01:57+02:00
cpmt,LSO,AFR,2009,WEALTHDECILE,WEALTHDECILE_WEALTHDECILE02,32.01626,27.54605,36.84301,32.0 [27.5-36.8],2022-05-26T12:16:38+02:00
cpmt,NGA,AFR,2016,DHSMICSGEOREGION,DHSMICSGEOREGION_NGAMICS201611,2.97454,1.74186,5.03486,3.0 [1.7-5.0],2022-05-26T14:38:01+02:00
cpmt,ZAF,AFR,1998,RESIDENCEAREATYPE,RESIDENCEAREATYPE_URB,63.74822,61.52225,65.91676,63.7 [61.5-65.9],2022-05-26T11:39:35+02:00
cpmt,GHA,AFR,2008,WEALTHDECILE,WEALTHDECILE_WEALTHDECILE07,30.44542,24.68343,36.89359,30.4 [24.7-36.9],2022-05-26T12:09:55+02:00
cpmt,CMR,AFR,2011,DHSMICSGEOREGION,DHSMICSGEOREGION_CMRDHS201107,4.92308,3.55284,6.78462,4.9 [3.6-6.8],2022-05-26T14:16:15+02:00
cpmt,NGA,AFR,2003,WEALTHDECILE,WEALTHDECILE_WEALTHDECILE02,8.58462,6.01187,12.11644,8.6 [6.0-12.1],2022-05-26T12:22:52+02:00
cpmt,CMR,AFR,2014,RESIDENCEAREATYPE,RESIDENCEAREATYPE_URB,42.38055,39.69263,45.11433,42.4 [39.7-45.1],2022-05-26T11:33:32+02:00
cpmt,SWZ,AFR,2006,EDUCATIONLEVEL,EDUCATIONLEVEL_SHLM,60.29017,57.4665,63.04691,60.3 [57.5-63.0],2022-05-26T11:17:27+02:00
cpmt,BFA,AFR,1998,EDUCATIONLEVEL,EDUCATIONLEVEL_SHLM,52.23283,47.09264,57.32616,52.2 [47.1-57.3],2022-05-26T11:15:04+02:00
cpmt,MLI,AFR,2018,RESIDENCEAREATYPE,RESIDENCEAREATYPE_URB,22.27868,19.46362,25.37262,22.3 [19.5-25.4],2022-05-26T11:37:08+02:00
cpmt,MRT,AFR,2011,WEALTHQUINTILE,WEALTHQUINTILE_WQ4,17.17141,15.1692,19.37754,17.2 [15.2-19.4],2022-05-26T12:57:45+02:00
cpmt,SWZ,AFR,2010,AGEGROUP,AGEGROUP_YEARS20-49,65.47131,63.08822,67.77912,65.5 [63.1-67.8],2022-05-26T11:01:37+02:00
cpmt,ETH,AFR,2005,DHSMICSGEOREGION,DHSMICSGEOREGION_ETHDHS200502,6.58907,3.9409,10.81637,6.6 [3.9-10.8],2022-05-26T14:22:18+02:00
cpmt,COD,AFR,2013,DHSMICSGEOREGION,DHSMICSGEOREGION_CODDHS201303,37.78273,27.91469,48.77866,37.8 [27.9-48.8],2022-05-26T14:19:36+02:00
cpmt,MLI,AFR,2015,WEALTHDECILE,WEALTHDECILE_WEALTHDECILE08,22.64258,19.60481,25.99883,22.6 [19.6-26.0],2022-05-26T12:19:03+02:00
cpmt,GHA,AFR,2003,WEALTHQUINTILE,WEALTHQUINTILE_WQ5,34.55392,30.98559,38.30511,34.6 [31.0-38.3],2022-05-26T12:52:20+02:00
cpmt,LSO,AFR,2018,WEALTHDECILE,WEALTHDECILE_WEALTHDECILE06,63.44878,56.84584,69.58203,63.4 [56.8-69.6],2022-05-26T12:16:50+02:00
cpmt,NGA,AFR,2013,WEALTHQUINTILE,WEALTHQUINTILE_WQ2,5.12394,4.13681,6.33107,5.1 [4.1-6.3],2022-05-26T12:59:57+02:00
cpmt,MWI,AFR,2013,DHSMICSGEOREGION,DHSMICSGEOREGION_MWIMICS201326,57.38021,53.94638,60.74432,57.4 [53.9-60.7],2022-05-26T14:32:54+02:00
cpmt,ZAF,AFR,1998,DHSMICSGEOREGION,DHSMICSGEOREGION_ZAFDHS199808,48.51936,43.5911,53.47658,48.5 [43.6-53.5],2022-05-26T14:47:13+02:00
cpmt,GNB,AFR,2006,WEALTHDECILE,WEALTHDECILE_WEALTHDECILE01,7.01359,4.85425,10.03219,7.0 [4.9-10.0],2022-05-26T12:11:13+02:00
cpmt,SLE,AFR,2019,DHSMICSGEOREGION,DHSMICSGEOREGION_SLEDHS201905,24.69774,21.75055,27.90188,24.7 [21.8-27.9],2022-05-26T14:47:08+02:00
cpmt,ZWE,AFR,2005,WEALTHDECILE,WEALTHDECILE_WEALTHDECILE04,57.96158,52.08599,63.61992,58.0 [52.1-63.6],2022-05-26T12:38:57+02:00
cpmt,GHA,AFR,2006,DHSMICSGEOREGION,DHSMICSGEOREGION_GHAMICS200602,22.63499,17.58348,28.63354,22.6 [17.6-28.6],2022-05-26T14:23:43+02:00
cpmt,SWZ,AFR,2014,RESIDENCEAREATYPE,RESIDENCEAREATYPE_URB,73.42852,68.61138,77.74617,73.4 [68.6-77.7],2022-05-26T11:34:42+02:00
cpmt,LSO,AFR,2018,EDUCATIONLEVEL,EDUCATIONLEVEL_NHLM,61.13225,38.30362,79.9381,61.1 [38.3-79.9],2022-05-26T11:20:15+02:00
cpmt,KEN,AFR,2014,AGEGROUP,AGEGROUP_YEARS15-19,40.18679,35.5057,45.05391,40.2 [35.5-45.1],2022-05-26T11:03:17+02:00
cpmt,MOZ,AFR,2011,DHSMICSGEOREGION,DHSMICSGEOREGION_MOZDHS201104,4.7167,3.09144,7.13352,4.7 [3.1-7.1],2022-05-26T14:35:08+02:00
cpmt,UGA,AFR,2011,DHSMICSGEOREGION,DHSMICSGEOREGION_UGADHS201103,33.68182,28.26053,39.56946,33.7 [28.3-39.6],2022-05-26T14:50:11+02:00
cpmt,ZMB,AFR,2007,AGEGROUP,AGEGROUP_YEARS20-49,41.62347,39.70402,43.56866,41.6 [39.7-43.6],2022-05-26T11:07:55+02:00
cpmt,MRT,AFR,2011,DHSMICSGEOREGION,DHSMICSGEOREGION_MRTMICS201103,6.61228,4.83546,8.9804,6.6 [4.8-9.0],2022-05-26T14:34:03+02:00
cpmt,TZA,AFR,1999,DHSMICSGEOREGION,DHSMICSGEOREGION_TZADHS199908,18.51859,9.05448,34.15939,18.5 [9.1-34.2],2022-05-26T14:51:06+02:00
cpmt,GNB,AFR,2018,WEALTHDECILE,WEALTHDECILE_WEALTHDECILE10,25.71591,19.8015,32.67709,25.7 [19.8-32.7],2022-05-26T12:11:25+02:00
cpmt,TZA,AFR,2004,DHSMICSGEOREGION,DHSMICSGEOREGION_TZADHS200415,18.13644,11.9669,26.5282,18.1 [12.0-26.5],2022-05-26T14:51:19+02:00
cpmt,MRT,AFR,2015,WEALTHDECILE,WEALTHDECILE_WEALTHDECILE10,28.24622,24.26552,32.59886,28.2 [24.3-32.6],2022-05-26T12:19:25+02:00
cpmt,TZA,AFR,2015,DHSMICSGEOREGION,DHSMICSGEOREGION_TZADHS201503,56.39712,49.42863,63.12181,56.4 [49.4-63.1],2022-05-26T14:51:51+02:00
cpmt,ZMB,AFR,2001,WEALTHDECILE,WEALTHDECILE_WEALTHDECILE09,55.41645,49.71507,60.97879,55.4 [49.7-61.0],2022-05-26T12:38:20+02:00
cpmt,SEN,AFR,2010,EDUCATIONLEVEL,EDUCATIONLEVEL_PRLM,22.09703,19.11401,25.3994,22.1 [19.1-25.4],2022-05-26T11:23:49+02:00
cpmt,NAM,AFR,2000,WEALTHDECILE,WEALTHDECILE_WEALTHDECILE10,67.42767,62.21938,72.23833,67.4 [62.2-72.2],2022-05-26T12:20:56+02:00
cpmt,MLI,AFR,2009,DHSMICSGEOREGION,DHSMICSGEOREGION_MLIMICS200908,4.58788,2.65019,7.82839,4.6 [2.7-7.8],2022-05-26T14:33:35+02:00
cpmt,TZA,AFR,2004,DHSMICSGEOREGION,DHSMICSGEOREGION_TZADHS200403,49.52298,43.06385,55.99808,49.5 [43.1-56.0],2022-05-26T14:51:19+02:00
cpmt,NER,AFR,2012,WEALTHDECILE,WEALTHDECILE_WEALTHDECILE02,11.2379,8.66745,14.45004,11.2 [8.7-14.5],2022-05-26T12:22:39+02:00
cpmt,GHA,AFR,2008,RESIDENCEAREATYPE,RESIDENCEAREATYPE_RUR,20.89188,18.41089,23.61044,20.9 [18.4-23.6],2022-05-26T11:35:06+02:00
cpmt,SEN,AFR,2018,DHSMICSGEOREGION,DHSMICSGEOREGION_SENDHS201804,34.39056,25.40304,44.6544,34.4 [25.4-44.7],2022-05-26T14:46:33+02:00
cpmt,MWI,AFR,2000,WEALTHQUINTILE,WEALTHQUINTILE_WQ4,30.40893,28.06868,32.85518,30.4 [28.1-32.9],2022-05-26T12:56:49+02:00
cpmt,KEN,AFR,2014,WEALTHQUINTILE,WEALTHQUINTILE_WQ5,63.89531,61.66981,66.06271,63.9 [61.7-66.1],2022-05-26T12:55:39+02:00
cpmt,CAF,AFR,2018,WEALTHDECILE,WEALTHDECILE_WEALTHDECILE03,13.37658,10.29984,17.1962,13.4 [10.3-17.2],2022-05-26T12:02:47+02:00
cpmt,ETH,AFR,2019,WEALTHDECILE,WEALTHDECILE_WEALTHDECILE09,52.77672,44.76396,60.64893,52.8 [44.8-60.6],2022-05-26T12:08:32+02:00
cpmt,TCD,AFR,2014,RESIDENCEAREATYPE,RESIDENCEAREATYPE_URB,11.19878,9.51946,13.13135,11.2 [9.5-13.1],2022-05-26T11:33:42+02:00
cpmt,SEN,AFR,2012,DHSMICSGEOREGION,DHSMICSGEOREGION_SENDHS201205,7.60333,5.49107,10.43837,7.6 [5.5-10.4],2022-05-26T14:45:52+02:00
cpmt,UGA,AFR,2006,WEALTHDECILE,WEALTHDECILE_WEALTHDECILE05,19.97621,16.11643,24.49049,20.0 [16.1-24.5],2022-05-26T12:35:53+02:00
cpmt,NAM,AFR,2000,EDUCATIONLEVEL,EDUCATIONLEVEL_PRLM,33.52993,29.05676,38.31976,33.5 [29.1-38.3],2022-05-26T11:21:29+02:00
cpmt,TGO,AFR,2017,WEALTHDECILE,WEALTHDECILE_WEALTHDECILE08,29.06181,24.46059,34.13742,29.1 [24.5-34.1],2022-05-26T12:34:17+02:00
cpmt,STP,AFR,2019,WEALTHQUINTILE,WEALTHQUINTILE_WQ5,47.7364,41.11998,54.43322,47.7 [41.1-54.4],2022-05-26T13:02:57+02:00
cpmt,NGA,AFR,2011,DHSMICSGEOREGION,DHSMICSGEOREGION_NGAMICS201124,28.50594,21.78309,36.33966,28.5 [21.8-36.3],2022-05-26T14:37:37+02:00
cpmt,CAF,AFR,2010,WEALTHQUINTILE,WEALTHQUINTILE_WQ1,8.69907,6.85179,10.98565,8.7 [6.9-11.0],2022-05-26T12:48:26+02:00
cpmt,UGA,AFR,1995,AGEGROUP,AGEGROUP_YEARS20-49,15.68891,14.16386,17.34498,15.7 [14.2-17.3],2022-05-26T11:07:20+02:00
cpmt,TZA,AFR,2015,DHSMICSGEOREGION,DHSMICSGEOREGION_TZADHS201530,9.06516,5.53914,14.49137,9.1 [5.5-14.5],2022-05-26T14:51:51+02:00
cpmt,MLI,AFR,2018,WEALTHDECILE,WEALTHDECILE_WEALTHDECILE10,24.0766,20.65885,27.86123,24.1 [20.7-27.9],2022-05-26T12:19:09+02:00
cpmt,CAF,AFR,2006,WEALTHDECILE,WEALTHDECILE_WEALTHDECILE03,12.87512,8.61982,18.79894,12.9 [8.6-18.8],2022-05-26T12:02:37+02:00
cpmt,TCD,AFR,2004,WEALTHQUINTILE,WEALTHQUINTILE_WQ5,15.97977,13.18299,19.2384,16.0 [13.2-19.2],2022-05-26T12:48:35+02:00
cpmt,COD,AFR,2017,WEALTHDECILE,WEALTHDECILE_WEALTHDECILE05,24.0522,18.91287,30.07019,24.1 [18.9-30.1],2022-05-26T12:05:44+02:00
cpmt,GHA,AFR,2008,AGEGROUP,AGEGROUP_YEARS15-19,13.62965,7.38207,23.80563,13.6 [7.4-23.8],2022-05-26T11:02:01+02:00
cpmt,COD,AFR,2013,AGEGROUP,AGEGROUP_YEARS20-49,21.0431,18.90786,23.35004,21.0 [18.9-23.4],2022-05-26T11:01:07+02:00
cpmt,GIN,AFR,2018,WEALTHDECILE,WEALTHDECILE_WEALTHDECILE08,17.25737,12.89396,22.71237,17.3 [12.9-22.7],2022-05-26T12:11:08+02:00
cpmt,COG,AFR,2011,WEALTHQUINTILE,WEALTHQUINTILE_WQ4,46.84452,43.21692,50.50578,46.8 [43.2-50.5],2022-05-26T12:49:15+02:00
cpmt,MLI,AFR,2018,RESIDENCEAREATYPE,RESIDENCEAREATYPE_RUR,15.77723,14.13278,17.57386,15.8 [14.1-17.6],2022-05-26T11:37:08+02:00
cpmt,BDI,AFR,2016,EDUCATIONLEVEL,EDUCATIONLEVEL_SHLM,38.0211,35.03365,41.10213,38.0 [35.0-41.1],2022-05-26T11:15:15+02:00
cpmt,CIV,AFR,2016,WEALTHDECILE,WEALTHDECILE_WEALTHDECILE07,18.72534,15.30824,22.70077,18.7 [15.3-22.7],2022-05-26T12:05:21+02:00
cpmt,ZMB,AFR,2018,WEALTHDECILE,WEALTHDECILE_WEALTHDECILE07,50.80075,46.10991,55.47752,50.8 [46.1-55.5],2022-05-26T12:38:39+02:00
cpmt,TZA,AFR,2010,WEALTHDECILE,WEALTHDECILE_WEALTHDECILE09,48.52148,43.60579,53.46595,48.5 [43.6-53.5],2022-05-26T12:36:53+02:00
cpmt,NGA,AFR,2011,DHSMICSGEOREGION,DHSMICSGEOREGION_NGAMICS201127,30.23448,25.23741,35.74788,30.2 [25.2-35.7],2022-05-26T14:37:37+02:00
cpmt,CMR,AFR,2006,WEALTHDECILE,WEALTHDECILE_WEALTHDECILE03,21.48058,17.00367,26.75621,21.5 [17.0-26.8],2022-05-26T12:02:08+02:00
cpmt,BDI,AFR,2016,WEALTHDECILE,WEALTHDECILE_WEALTHDECILE01,26.88337,23.58242,30.46218,26.9 [23.6-30.5],2022-05-26T12:01:18+02:00
cpmt,TCD,AFR,2010,EDUCATIONLEVEL,EDUCATIONLEVEL_NHLM,4.02709,3.24311,4.9908,4.0 [3.2-5.0],2022-05-26T11:15:54+02:00
cpmt,ZMB,AFR,2013,WEALTHDECILE,WEALTHDECILE_WEALTHDECILE08,52.76345,48.89157,56.60237,52.8 [48.9-56.6],2022-05-26T12:38:32+02:00
cpmt,ZMB,AFR,2007,DHSMICSGEOREGION,DHSMICSGEOREGION_ZMBDHS200708,45.78224,41.8391,49.77895,45.8 [41.8-49.8],2022-05-26T14:53:16+02:00
cpmt,ZWE,AFR,2010,WEALTHDECILE,WEALTHDECILE_WEALTHDECILE08,63.39128,59.52402,67.09331,63.4 [59.5-67.1],2022-05-26T12:39:10+02:00
cpmt,CIV,AFR,1998,WEALTHDECILE,WEALTHDECILE_WEALTHDECILE01,4.82759,2.48091,9.18492,4.8 [2.5-9.2],2022-05-26T12:05:04+02:00
cpmt,SLE,AFR,2019,WEALTHDECILE,WEALTHDECILE_WEALTHDECILE08,28.30665,25.05746,31.7984,28.3 [25.1-31.8],2022-05-26T12:31:49+02:00
cpmt,SLE,AFR,2008,WEALTHQUINTILE,WEALTHQUINTILE_WQ2,3.53771,2.45126,5.08063,3.5 [2.5-5.1],2022-05-26T13:03:49+02:00
cpmt,SEN,AFR,2015,DHSMICSGEOREGION,DHSMICSGEOREGION_SENDHS201505,11.67755,7.40049,17.9474,11.7 [7.4-17.9],2022-05-26T14:46:09+02:00
cpmt,COD,AFR,2010,EDUCATIONLEVEL,EDUCATIONLEVEL_NHLM,12.89892,10.12933,16.28852,12.9 [10.1-16.3],2022-05-26T11:16:42+02:00
cpmt,CMR,AFR,2011,WEALTHQUINTILE,WEALTHQUINTILE_WQ5,41.24216,38.30285,44.24528,41.2 [38.3-44.2],2022-05-26T12:48:10+02:00
cpmt,TGO,AFR,1998,EDUCATIONLEVEL,EDUCATIONLEVEL_SHLM,33.64224,29.37129,38.19836,33.6 [29.4-38.2],2022-05-26T11:24:53+02:00
cpmt,UGA,AFR,2006,WEALTHQUINTILE,WEALTHQUINTILE_WQ2,15.66007,13.36965,18.26016,15.7 [13.4-18.3],2022-05-26T13:06:16+02:00
cpmt,TZA,AFR,2015,WEALTHDECILE,WEALTHDECILE_WEALTHDECILE02,26.68297,23.04968,30.66078,26.7 [23.0-30.7],2022-05-26T12:36:59+02:00
cpmt,AGO,AFR,2015,DHSMICSGEOREGION,DHSMICSGEOREGION_AGODHS201503,5.51357,4.17146,7.2548,5.5 [4.2-7.3],2022-05-26T14:10:58+02:00
cpmt,MRT,AFR,2007,WEALTHQUINTILE,WEALTHQUINTILE_WQ2,3.37035,2.4033,4.70776,3.4 [2.4-4.7],2022-05-26T12:57:42+02:00
cpmt,MWI,AFR,2000,AGEGROUP,AGEGROUP_YEARS15-19,15.16389,12.59686,18.14543,15.2 [12.6-18.1],2022-05-26T11:03:44+02:00
cpmt,MLI,AFR,1995,WEALTHDECILE,WEALTHDECILE_WEALTHDECILE03,2.09758,1.21257,3.60495,2.1 [1.2-3.6],2022-05-26T12:18:32+02:00
cpmt,LSO,AFR,2018,WEALTHDECILE,WEALTHDECILE_WEALTHDECILE08,66.21937,59.37782,72.44343,66.2 [59.4-72.4],2022-05-26T12:16:50+02:00
cpmt,TZA,AFR,2010,WEALTHDECILE,WEALTHDECILE_WEALTHDECILE05,26.10439,22.00391,30.66854,26.1 [22.0-30.7],2022-05-26T12:36:53+02:00
cpmt,RWA,AFR,2005,AGEGROUP,AGEGROUP_YEARS15-19,3.24017,0.85795,11.47167,3.2 [0.9-11.5],2022-05-26T11:05:52+02:00
cpmt,TGO,AFR,2010,WEALTHDECILE,WEALTHDECILE_WEALTHDECILE06,13.23561,9.96594,17.37104,13.2 [10.0-17.4],2022-05-26T12:34:04+02:00
cpmt,TCD,AFR,2014,DHSMICSGEOREGION,DHSMICSGEOREGION_TCDDHS201404,4.15956,2.19701,7.73655,4.2 [2.2-7.7],2022-05-26T14:17:32+02:00
cpmt,GHA,AFR,2011,WEALTHDECILE,WEALTHDECILE_WEALTHDECILE03,32.50205,27.02881,38.49886,32.5 [27.0-38.5],2022-05-26T12:10:01+02:00
cpmt,COG,AFR,2011,WEALTHQUINTILE,WEALTHQUINTILE_WQ2,41.094,37.39701,44.89436,41.1 [37.4-44.9],2022-05-26T12:49:15+02:00
cpmt,MWI,AFR,2013,RESIDENCEAREATYPE,RESIDENCEAREATYPE_URB,59.29089,56.10585,62.3997,59.3 [56.1-62.4],2022-05-26T11:36:53+02:00
cpmt,CAF,AFR,2018,EDUCATIONLEVEL,EDUCATIONLEVEL_PRLM,17.81558,15.7268,20.11556,17.8 [15.7-20.1],2022-05-26T11:15:49+02:00
cpmt,NGA,AFR,2016,DHSMICSGEOREGION,DHSMICSGEOREGION_NGAMICS201634,6.70905,4.63527,9.61706,6.7 [4.6-9.6],2022-05-26T14:38:02+02:00
cpmt,NGA,AFR,2016,DHSMICSGEOREGION,DHSMICSGEOREGION_NGAMICS201601,16.60908,13.59453,20.13632,16.6 [13.6-20.1],2022-05-26T14:38:01+02:00
cpmt,SEN,AFR,2015,DHSMICSGEOREGION,DHSMICSGEOREGION_SENDHS201509,21.8939,14.7118,31.29564,21.9 [14.7-31.3],2022-05-26T14:46:09+02:00
cpmt,CMR,AFR,2011,DHSMICSGEOREGION,DHSMICSGEOREGION_CMRDHS201109,33.72919,25.47247,43.11399,33.7 [25.5-43.1],2022-05-26T14:16:15+02:00
cpmt,GMB,AFR,2013,RESIDENCEAREATYPE,RESIDENCEAREATYPE_RUR,5.00682,4.06178,6.15764,5.0 [4.1-6.2],2022-05-26T11:34:54+02:00
cpmt,MLI,AFR,2012,EDUCATIONLEVEL,EDUCATIONLEVEL_NHLM,8.14051,7.16003,9.24189,8.1 [7.2-9.2],2022-05-26T11:20:51+02:00
cpmt,TGO,AFR,2010,WEALTHDECILE,WEALTHDECILE_WEALTHDECILE02,14.32757,10.68187,18.95349,14.3 [10.7-19.0],2022-05-26T12:34:04+02:00
cpmt,TZA,AFR,2015,DHSMICSGEOREGION,DHSMICSGEOREGION_TZADHS201526,19.61739,13.37142,27.84321,19.6 [13.4-27.8],2022-05-26T14:51:51+02:00
cpmt,COG,AFR,2014,EDUCATIONLEVEL,EDUCATIONLEVEL_NHLM,23.78036,18.4352,30.10332,23.8 [18.4-30.1],2022-05-26T11:16:16+02:00
cpmt,COD,AFR,2007,WEALTHDECILE,WEALTHDECILE_WEALTHDECILE09,35.19027,31.3262,39.25849,35.2 [31.3-39.3],2022-05-26T12:05:26+02:00
cpmt,MLI,AFR,2001,WEALTHQUINTILE,WEALTHQUINTILE_WQ3,3.91193,3.03124,5.0352,3.9 [3.0-5.0],2022-05-26T12:57:22+02:00
cpmt,SSD,AFR,2010,WEALTHDECILE,WEALTHDECILE_WEALTHDECILE06,1.54548,0.72056,3.28353,1.5 [0.7-3.3],2022-05-26T12:32:13+02:00
cpmt,RWA,AFR,2000,WEALTHDECILE,WEALTHDECILE_WEALTHDECILE09,17.4554,13.91764,21.66609,17.5 [13.9-21.7],2022-05-26T12:28:38+02:00
cpmt,LBR,AFR,2019,WEALTHDECILE,WEALTHDECILE_WEALTHDECILE07,33.15262,26.9863,39.95686,33.2 [27.0-40.0],2022-05-26T12:17:06+02:00
cpmt,SEN,AFR,2014,DHSMICSGEOREGION,DHSMICSGEOREGION_SENDHS201414,16.54138,13.94129,19.51642,16.5 [13.9-19.5],2022-05-26T14:46:01+02:00
cpmt,TCD,AFR,2014,DHSMICSGEOREGION,DHSMICSGEOREGION_TCDDHS201407,0.06264,0.0083,0.47085,0.1 [0.0-0.5],2022-05-26T14:17:32+02:00
cpmt,SEN,AFR,2014,WEALTHQUINTILE,WEALTHQUINTILE_WQ1,12.20814,10.08205,14.70923,12.2 [10.1-14.7],2022-05-26T13:03:13+02:00
cpmt,MOZ,AFR,2008,WEALTHQUINTILE,WEALTHQUINTILE_WQ2,10.1347,7.7877,13.08862,10.1 [7.8-13.1],2022-05-26T12:58:28+02:00
cpmt,CAF,AFR,2006,WEALTHQUINTILE,WEALTHQUINTILE_WQ5,35.48647,31.74888,39.41,35.5 [31.7-39.4],2022-05-26T12:48:23+02:00
cpmt,LSO,AFR,2014,EDUCATIONLEVEL,EDUCATIONLEVEL_SHLM,64.22054,61.61891,66.741,64.2 [61.6-66.7],2022-05-26T11:20:13+02:00
cpmt,TZA,AFR,1996,DHSMICSGEOREGION,DHSMICSGEOREGION_TZADHS199615,14.67181,9.20143,22.58546,14.7 [9.2-22.6],2022-05-26T14:50:53+02:00
cpmt,GIN,AFR,2005,WEALTHDECILE,WEALTHDECILE_WEALTHDECILE08,12.96752,10.56571,15.81874,13.0 [10.6-15.8],2022-05-26T12:10:51+02:00
cpmt,CAF,AFR,2010,DHSMICSGEOREGION,DHSMICSGEOREGION_CAFMICS201011,15.04694,10.26574,21.5209,15.0 [10.3-21.5],2022-05-26T14:16:50+02:00
cpmt,MLI,AFR,2015,EDUCATIONLEVEL,EDUCATIONLEVEL_SHLM,30.65663,27.67198,33.8127,30.7 [27.7-33.8],2022-05-26T11:20:52+02:00
cpmt,SLE,AFR,2005,WEALTHQUINTILE,WEALTHQUINTILE_WQ5,17.05065,14.28377,20.22702,17.1 [14.3-20.2],2022-05-26T13:03:46+02:00
cpmt,MWI,AFR,2006,AGEGROUP,AGEGROUP_YEARS20-49,42.69332,41.41567,43.9808,42.7 [41.4-44.0],2022-05-26T11:03:47+02:00
cpmt,CMR,AFR,2004,DHSMICSGEOREGION,DHSMICSGEOREGION_CMRDHS200408,32.15698,27.56522,37.12163,32.2 [27.6-37.1],2022-05-26T14:16:01+02:00
cpmt,SEN,AFR,2010,WEALTHDECILE,WEALTHDECILE_WEALTHDECILE09,24.49143,20.25318,29.29084,24.5 [20.3-29.3],2022-05-26T12:29:57+02:00
cpmt,ETH,AFR,2011,WEALTHQUINTILE,WEALTHQUINTILE_WQ4,31.73384,27.48578,36.3097,31.7 [27.5-36.3],2022-05-26T12:51:37+02:00
cpmt,MDG,AFR,2003,EDUCATIONLEVEL,EDUCATIONLEVEL_SHLM,47.75768,44.67275,50.85981,47.8 [44.7-50.9],2022-05-26T11:20:23+02:00
cpmt,BEN,AFR,1996,WEALTHDECILE,WEALTHDECILE_WEALTHDECILE08,21.1892,17.00287,26.08236,21.2 [17.0-26.1],2022-05-26T11:59:10+02:00
cpmt,MOZ,AFR,2015,WEALTHDECILE,WEALTHDECILE_WEALTHDECILE05,21.28986,16.55439,26.94257,21.3 [16.6-26.9],2022-05-26T12:20:44+02:00
cpmt,GHA,AFR,2008,WEALTHDECILE,WEALTHDECILE_WEALTHDECILE06,20.69279,15.9963,26.33586,20.7 [16.0-26.3],2022-05-26T12:09:55+02:00
cpmt,MOZ,AFR,2003,EDUCATIONLEVEL,EDUCATIONLEVEL_NHLM,19.82623,17.95561,21.83985,19.8 [18.0-21.8],2022-05-26T11:21:20+02:00
cpmt,ZWE,AFR,2014,DHSMICSGEOREGION,DHSMICSGEOREGION_ZWEMICS201401,70.68599,66.17373,74.82533,70.7 [66.2-74.8],2022-05-26T14:54:04+02:00
cpmt,TCD,AFR,2004,WEALTHDECILE,WEALTHDECILE_WEALTHDECILE07,11.32682,8.27403,15.31786,11.3 [8.3-15.3],2022-05-26T12:02:58+02:00
cpmt,RWA,AFR,2005,DHSMICSGEOREGION,DHSMICSGEOREGION_RWADHS200508,15.17625,11.57639,19.64682,15.2 [11.6-19.6],2022-05-26T14:45:09+02:00
cpmt,MLI,AFR,2006,WEALTHQUINTILE,WEALTHQUINTILE_WQ4,9.75903,7.08523,13.29746,9.8 [7.1-13.3],2022-05-26T12:57:25+02:00
cpmt,GIN,AFR,2016,WEALTHDECILE,WEALTHDECILE_WEALTHDECILE02,6.50222,4.77596,8.79481,6.5 [4.8-8.8],2022-05-26T12:11:02+02:00
cpmt,ZAF,AFR,2016,WEALTHDECILE,WEALTHDECILE_WEALTHDECILE08,59.65231,52.33672,66.56243,59.7 [52.3-66.6],2022-05-26T12:32:07+02:00
cpmt,CAF,AFR,2018,DHSMICSGEOREGION,DHSMICSGEOREGION_CAFMICS201804,11.46453,8.96055,14.55635,11.5 [9.0-14.6],2022-05-26T14:16:59+02:00
cpmt,GIN,AFR,1999,WEALTHQUINTILE,WEALTHQUINTILE_WQ3,3.55649,2.4933,5.04955,3.6 [2.5-5.0],2022-05-26T12:52:55+02:00
cpmt,GNB,AFR,2006,EDUCATIONLEVEL,EDUCATIONLEVEL_NHLM,6.39986,5.42839,7.53134,6.4 [5.4-7.5],2022-05-26T11:18:31+02:00
cpmt,BDI,AFR,2016,WEALTHDECILE,WEALTHDECILE_WEALTHDECILE09,33.13206,29.37695,37.11493,33.1 [29.4-37.1],2022-05-26T12:01:19+02:00
cpmt,NAM,AFR,2006,WEALTHQUINTILE,WEALTHQUINTILE_WQ3,47.72257,43.66089,51.8146,47.7 [43.7-51.8],2022-05-26T12:58:46+02:00
cpmt,NAM,AFR,2000,AGEGROUP,AGEGROUP_YEARS15-19,45.22219,31.19146,60.05575,45.2 [31.2-60.1],2022-05-26T11:04:26+02:00
cpmt,ZWE,AFR,2015,DHSMICSGEOREGION,DHSMICSGEOREGION_ZWEDHS201508,61.24485,56.29799,65.97023,61.2 [56.3-66.0],2022-05-26T14:54:10+02:00
cpmt,MOZ,AFR,2011,WEALTHDECILE,WEALTHDECILE_WEALTHDECILE04,5.69865,4.03671,7.98786,5.7 [4.0-8.0],2022-05-26T12:20:38+02:00
cpmt,COD,AFR,2010,DHSMICSGEOREGION,DHSMICSGEOREGION_CODMICS201001,31.10444,25.96161,36.76021,31.1 [26.0-36.8],2022-05-26T14:19:29+02:00
cpmt,LBR,AFR,2007,DHSMICSGEOREGION,DHSMICSGEOREGION_LBRDHS200704,9.66205,6.5052,14.1195,9.7 [6.5-14.1],2022-05-26T14:32:03+02:00
cpmt,BEN,AFR,2006,AGEGROUP,AGEGROUP_YEARS15-19,7.8943,5.87839,10.52423,7.9 [5.9-10.5],2022-05-26T10:59:47+02:00
cpmt,COG,AFR,2011,WEALTHDECILE,WEALTHDECILE_WEALTHDECILE03,45.76401,41.85316,49.72777,45.8 [41.9-49.7],2022-05-26T12:04:00+02:00
cpmt,TZA,AFR,2004,AGEGROUP,AGEGROUP_YEARS15-19,9.55769,7.14547,12.67311,9.6 [7.1-12.7],2022-05-26T11:07:35+02:00
cpmt,CIV,AFR,2011,RESIDENCEAREATYPE,RESIDENCEAREATYPE_RUR,14.65533,12.51852,17.08565,14.7 [12.5-17.1],2022-05-26T11:34:08+02:00
cpmt,ZMB,AFR,2013,WEALTHDECILE,WEALTHDECILE_WEALTHDECILE09,62.89494,58.63592,66.9625,62.9 [58.6-67.0],2022-05-26T12:38:33+02:00
cpmt,CIV,AFR,1994,EDUCATIONLEVEL,EDUCATIONLEVEL_PRLM,20.003,17.34509,22.95509,20.0 [17.3-23.0],2022-05-26T11:16:30+02:00
cpmt,SEN,AFR,2018,WEALTHQUINTILE,WEALTHQUINTILE_WQ2,24.55422,21.6135,27.7534,24.6 [21.6-27.8],2022-05-26T13:03:26+02:00
cpmt,BEN,AFR,2017,DHSMICSGEOREGION,DHSMICSGEOREGION_BENDHS201708,27.16743,23.17338,31.56703,27.2 [23.2-31.6],2022-05-26T14:13:29+02:00
cpmt,NAM,AFR,2013,WEALTHDECILE,WEALTHDECILE_WEALTHDECILE04,53.34109,46.28285,60.26808,53.3 [46.3-60.3],2022-05-26T12:21:08+02:00
cpmt,ZWE,AFR,1994,DHSMICSGEOREGION,DHSMICSGEOREGION_ZWEDHS199404,49.09522,43.90333,54.30669,49.1 [43.9-54.3],2022-05-26T14:53:34+02:00
cpmt,COD,AFR,2017,DHSMICSGEOREGION,DHSMICSGEOREGION_CODMICS201715,37.08981,24.29375,51.99667,37.1 [24.3-52.0],2022-05-26T14:19:46+02:00
cpmt,MDG,AFR,2008,DHSMICSGEOREGION,DHSMICSGEOREGION_MDGDHS200809,12.30343,8.03182,18.39251,12.3 [8.0-18.4],2022-05-26T14:32:21+02:00
cpmt,ZWE,AFR,2015,WEALTHDECILE,WEALTHDECILE_WEALTHDECILE04,63.45771,57.95761,68.62776,63.5 [58.0-68.6],2022-05-26T12:39:22+02:00
cpmt,COD,AFR,2017,DHSMICSGEOREGION,DHSMICSGEOREGION_CODMICS201724,3.77378,2.20443,6.3874,3.8 [2.2-6.4],2022-05-26T14:19:46+02:00
cpmt,MDG,AFR,1997,WEALTHQUINTILE,WEALTHQUINTILE_WQ3,12.79845,9.63062,16.81439,12.8 [9.6-16.8],2022-05-26T12:56:36+02:00
cpmt,KEN,AFR,2003,AGEGROUP,AGEGROUP_YEARS15-19,16.4003,12.694,20.92934,16.4 [12.7-20.9],2022-05-26T11:03:15+02:00
cpmt,CPV,AFR,1998,DHSMICSGEOREGION,DHSMICSGEOREGION_CPVRHS199807,45.07088,39.62249,50.64009,45.1 [39.6-50.6],2022-05-26T14:15:03+02:00
cpmt,AGO,AFR,2015,DHSMICSGEOREGION,DHSMICSGEOREGION_AGODHS201515,9.66019,6.77375,13.59722,9.7 [6.8-13.6],2022-05-26T14:10:58+02:00
cpmt,MRT,AFR,2015,WEALTHQUINTILE,WEALTHQUINTILE_WQ2,9.79684,8.00291,11.94071,9.8 [8.0-11.9],2022-05-26T12:57:48+02:00
cpmt,ZWE,AFR,2015,DHSMICSGEOREGION,DHSMICSGEOREGION_ZWEDHS201510,72.41489,66.83145,77.3766,72.4 [66.8-77.4],2022-05-26T14:54:10+02:00
cpmt,SWZ,AFR,2014,EDUCATIONLEVEL,EDUCATIONLEVEL_NHLM,57.48608,48.96467,65.58471,57.5 [49.0-65.6],2022-05-26T11:17:30+02:00
cpmt,TCD,AFR,2010,EDUCATIONLEVEL,EDUCATIONLEVEL_SHLM,10.04778,7.73362,12.95718,10.0 [7.7-13.0],2022-05-26T11:15:54+02:00
cpmt,CMR,AFR,2006,DHSMICSGEOREGION,DHSMICSGEOREGION_CMRMICS200605,11.77413,8.29247,16.45529,11.8 [8.3-16.5],2022-05-26T14:16:08+02:00
cpmt,MRT,AFR,2011,DHSMICSGEOREGION,DHSMICSGEOREGION_MRTMICS201111,23.46522,18.30519,29.55361,23.5 [18.3-29.6],2022-05-26T14:34:03+02:00
cpmt,ZMB,AFR,2013,WEALTHQUINTILE,WEALTHQUINTILE_WQ4,52.52963,49.62578,55.41648,52.5 [49.6-55.4],2022-05-26T13:07:40+02:00
cpmt,COD,AFR,2007,EDUCATIONLEVEL,EDUCATIONLEVEL_PRLM,18.30131,15.53635,21.43347,18.3 [15.5-21.4],2022-05-26T11:16:41+02:00
cpmt,TGO,AFR,2006,DHSMICSGEOREGION,DHSMICSGEOREGION_TGOMICS200605,18.07983,14.52392,22.27942,18.1 [14.5-22.3],2022-05-26T14:48:55+02:00
cpmt,BEN,AFR,2011,AGEGROUP,AGEGROUP_YEARS20-49,13.10098,12.30269,13.94283,13.1 [12.3-13.9],2022-05-26T10:59:49+02:00
cpmt,NAM,AFR,2000,WEALTHDECILE,WEALTHDECILE_WEALTHDECILE08,52.878,45.28949,60.33577,52.9 [45.3-60.3],2022-05-26T12:20:56+02:00
cpmt,LSO,AFR,2018,WEALTHDECILE,WEALTHDECILE_WEALTHDECILE02,66.79896,61.23299,71.9321,66.8 [61.2-71.9],2022-05-26T12:16:50+02:00
cpmt,CAF,AFR,2010,WEALTHQUINTILE,WEALTHQUINTILE_WQ4,19.05924,16.2376,22.24101,19.1 [16.2-22.2],2022-05-26T12:48:26+02:00
cpmt,NER,AFR,1998,DHSMICSGEOREGION,DHSMICSGEOREGION_NERDHS199803,10.45928,8.48865,12.82329,10.5 [8.5-12.8],2022-05-26T14:36:49+02:00
cpmt,GHA,AFR,2008,WEALTHQUINTILE,WEALTHQUINTILE_WQ3,21.80205,18.08729,26.03722,21.8 [18.1-26.0],2022-05-26T12:52:27+02:00
cpmt,COD,AFR,2017,AGEGROUP,AGEGROUP_YEARS20-49,29.10887,26.35955,32.02025,29.1 [26.4-32.0],2022-05-26T11:01:08+02:00
cpmt,NER,AFR,1998,WEALTHDECILE,WEALTHDECILE_WEALTHDECILE02,3.36237,1.82305,6.12043,3.4 [1.8-6.1],2022-05-26T12:22:25+02:00
cpmt,STP,AFR,2019,EDUCATIONLEVEL,EDUCATIONLEVEL_PRLM,49.53013,45.75413,53.3115,49.5 [45.8-53.3],2022-05-26T11:23:44+02:00
cpmt,COD,AFR,2007,DHSMICSGEOREGION,DHSMICSGEOREGION_CODDHS200708,13.7881,9.88047,18.91677,13.8 [9.9-18.9],2022-05-26T14:19:23+02:00
cpmt,ZWE,AFR,2015,DHSMICSGEOREGION,DHSMICSGEOREGION_ZWEDHS201507,68.16236,63.78043,72.24486,68.2 [63.8-72.2],2022-05-26T14:54:10+02:00
cpmt,MLI,AFR,2009,AGEGROUP,AGEGROUP_YEARS15-19,6.24961,5.16932,7.53772,6.2 [5.2-7.5],2022-05-26T11:03:59+02:00
cpmt,ZWE,AFR,2009,EDUCATIONLEVEL,EDUCATIONLEVEL_PRLM,59.39921,56.8899,61.86038,59.4 [56.9-61.9],2022-05-26T11:26:25+02:00
cpmt,TCD,AFR,2010,DHSMICSGEOREGION,DHSMICSGEOREGION_TCDMICS201004,4.29807,2.02416,8.89455,4.3 [2.0-8.9],2022-05-26T14:17:20+02:00
cpmt,ZWE,AFR,1994,DHSMICSGEOREGION,DHSMICSGEOREGION_ZWEDHS199407,58.18674,52.77584,63.40753,58.2 [52.8-63.4],2022-05-26T14:53:34+02:00
cpmt,COM,AFR,2012,EDUCATIONLEVEL,EDUCATIONLEVEL_SHLM,26.84193,23.81895,30.09699,26.8 [23.8-30.1],2022-05-26T11:16:10+02:00
cpmt,UGA,AFR,1995,WEALTHDECILE,WEALTHDECILE_WEALTHDECILE08,15.69981,12.17175,20.01741,15.7 [12.2-20.0],2022-05-26T12:35:40+02:00
cpmt,ZMB,AFR,2001,WEALTHQUINTILE,WEALTHQUINTILE_WQ5,56.73584,52.7097,60.67493,56.7 [52.7-60.7],2022-05-26T13:07:33+02:00
cpmt,GAB,AFR,2012,WEALTHDECILE,WEALTHDECILE_WEALTHDECILE07,36.94769,29.67829,44.86174,36.9 [29.7-44.9],2022-05-26T12:08:43+02:00
cpmt,SEN,AFR,1997,WEALTHDECILE,WEALTHDECILE_WEALTHDECILE08,18.05795,13.77317,23.31527,18.1 [13.8-23.3],2022-05-26T12:29:44+02:00
cpmt,ZWE,AFR,2010,RESIDENCEAREATYPE,RESIDENCEAREATYPE_RUR,56.99009,55.0435,58.91531,57.0 [55.0-58.9],2022-05-26T11:41:02+02:00
cpmt,DZA,AFR,2018,WEALTHDECILE,WEALTHDECILE_WEALTHDECILE04,52.14697,49.04675,55.23074,52.1 [49.0-55.2],2022-05-26T11:56:21+02:00
cpmt,ZWE,AFR,2005,WEALTHQUINTILE,WEALTHQUINTILE_WQ5,72.1205,68.67104,75.32662,72.1 [68.7-75.3],2022-05-26T13:07:53+02:00
cpmt,BEN,AFR,1996,WEALTHQUINTILE,WEALTHQUINTILE_WQ4,20.6857,17.44077,24.35627,20.7 [17.4-24.4],2022-05-26T12:46:45+02:00
cpmt,SEN,AFR,2012,DHSMICSGEOREGION,DHSMICSGEOREGION_SENDHS201202,22.99315,15.34935,32.9613,23.0 [15.3-33.0],2022-05-26T14:45:52+02:00
cpmt,COD,AFR,2007,DHSMICSGEOREGION,DHSMICSGEOREGION_CODDHS200710,11.3485,8.2302,15.44939,11.3 [8.2-15.4],2022-05-26T14:19:23+02:00
cpmt,NGA,AFR,2016,WEALTHQUINTILE,WEALTHQUINTILE_WQ4,18.39013,16.6974,20.21283,18.4 [16.7-20.2],2022-05-26T13:00:01+02:00
cpmt,MWI,AFR,2013,DHSMICSGEOREGION,DHSMICSGEOREGION_MWIMICS201309,58.99181,54.35292,63.47606,59.0 [54.4-63.5],2022-05-26T14:32:54+02:00
cpmt,MOZ,AFR,1997,EDUCATIONLEVEL,EDUCATIONLEVEL_PRLM,6.74839,5.41049,8.38779,6.7 [5.4-8.4],2022-05-26T11:21:18+02:00
cpmt,NGA,AFR,2016,RESIDENCEAREATYPE,RESIDENCEAREATYPE_URB,21.1265,19.3645,23.00308,21.1 [19.4-23.0],2022-05-26T11:38:04+02:00
cpmt,SLE,AFR,2017,WEALTHDECILE,WEALTHDECILE_WEALTHDECILE03,16.89394,14.77761,19.2449,16.9 [14.8-19.2],2022-05-26T12:31:42+02:00
cpmt,TGO,AFR,2017,DHSMICSGEOREGION,DHSMICSGEOREGION_TGOMICS201701,25.52895,20.3919,31.44888,25.5 [20.4-31.4],2022-05-26T14:49:06+02:00
cpmt,MOZ,AFR,2011,DHSMICSGEOREGION,DHSMICSGEOREGION_MOZDHS201106,13.19506,10.35595,16.6678,13.2 [10.4-16.7],2022-05-26T14:35:08+02:00
cpmt,KEN,AFR,1998,WEALTHQUINTILE,WEALTHQUINTILE_WQ1,20.62265,17.73553,23.84353,20.6 [17.7-23.8],2022-05-26T12:55:29+02:00
cpmt,BDI,AFR,2016,DHSMICSGEOREGION,DHSMICSGEOREGION_BDIDHS201603,14.32034,10.83338,18.69435,14.3 [10.8-18.7],2022-05-26T14:14:53+02:00
cpmt,MDG,AFR,2008,DHSMICSGEOREGION,DHSMICSGEOREGION_MDGDHS200801,58.10793,54.36635,61.75852,58.1 [54.4-61.8],2022-05-26T14:32:21+02:00
cpmt,MWI,AFR,2006,RESIDENCEAREATYPE,RESIDENCEAREATYPE_URB,44.68998,41.88156,47.5327,44.7 [41.9-47.5],2022-05-26T11:36:50+02:00
cpmt,BEN,AFR,2011,WEALTHQUINTILE,WEALTHQUINTILE_WQ1,8.44126,7.09557,10.01466,8.4 [7.1-10.0],2022-05-26T12:46:53+02:00
cpmt,RWA,AFR,2014,EDUCATIONLEVEL,EDUCATIONLEVEL_PRLM,54.19775,52.42969,55.9553,54.2 [52.4-56.0],2022-05-26T11:23:34+02:00
cpmt,SEN,AFR,2016,WEALTHDECILE,WEALTHDECILE_WEALTHDECILE07,29.29127,22.1734,37.59044,29.3 [22.2-37.6],2022-05-26T12:30:25+02:00
cpmt,ETH,AFR,2019,AGEGROUP,AGEGROUP_YEARS20-49,41.84225,38.50522,45.25565,41.8 [38.5-45.3],2022-05-26T11:01:44+02:00
cpmt,ZMB,AFR,2007,WEALTHQUINTILE,WEALTHQUINTILE_WQ2,34.17101,30.71149,37.80759,34.2 [30.7-37.8],2022-05-26T13:07:37+02:00
cpmt,GHA,AFR,2006,RESIDENCEAREATYPE,RESIDENCEAREATYPE_URB,21.3342,18.58866,24.36389,21.3 [18.6-24.4],2022-05-26T11:35:04+02:00
cpmt,TCD,AFR,1996,RESIDENCEAREATYPE,RESIDENCEAREATYPE_RUR,2.72625,2.13203,3.4802,2.7 [2.1-3.5],2022-05-26T11:33:38+02:00
cpmt,TCD,AFR,2004,WEALTHDECILE,WEALTHDECILE_WEALTHDECILE09,14.21267,10.48624,18.98252,14.2 [10.5-19.0],2022-05-26T12:02:58+02:00
cpmt,SEN,AFR,1997,WEALTHQUINTILE,WEALTHQUINTILE_WQ2,7.30179,5.70104,9.30764,7.3 [5.7-9.3],2022-05-26T13:03:00+02:00
cpmt,GHA,AFR,2011,AGEGROUP,AGEGROUP_YEARS15-19,17.04184,10.90247,25.64339,17.0 [10.9-25.6],2022-05-26T11:02:02+02:00
cpmt,MWI,AFR,2006,WEALTHDECILE,WEALTHDECILE_WEALTHDECILE08,40.74834,37.61075,43.96324,40.7 [37.6-44.0],2022-05-26T12:17:47+02:00
cpmt,SSD,AFR,2010,WEALTHDECILE,WEALTHDECILE_WEALTHDECILE10,7.85621,6.03029,10.17514,7.9 [6.0-10.2],2022-05-26T12:32:13+02:00
cpmt,COG,AFR,2014,DHSMICSGEOREGION,DHSMICSGEOREGION_COGMICS201401,26.09536,21.48185,31.30466,26.1 [21.5-31.3],2022-05-26T14:18:24+02:00
cpmt,KEN,AFR,2008,WEALTHDECILE,WEALTHDECILE_WEALTHDECILE06,49.41569,43.97563,54.86962,49.4 [44.0-54.9],2022-05-26T12:15:29+02:00
cpmt,GHA,AFR,2008,WEALTHDECILE,WEALTHDECILE_WEALTHDECILE02,16.26908,12.10806,21.51011,16.3 [12.1-21.5],2022-05-26T12:09:55+02:00
cpmt,MWI,AFR,2004,WEALTHQUINTILE,WEALTHQUINTILE_WQ2,27.9427,25.44332,30.58688,27.9 [25.4-30.6],2022-05-26T12:56:52+02:00
cpmt,GMB,AFR,2019,WEALTHQUINTILE,WEALTHQUINTILE_WQ3,17.87685,15.32348,20.75142,17.9 [15.3-20.8],2022-05-26T12:52:05+02:00
cpmt,SEN,AFR,2012,WEALTHDECILE,WEALTHDECILE_WEALTHDECILE06,21.35343,16.63962,26.97055,21.4 [16.6-27.0],2022-05-26T12:30:04+02:00
cpmt,ZWE,AFR,2005,RESIDENCEAREATYPE,RESIDENCEAREATYPE_RUR,55.33237,52.68364,57.95116,55.3 [52.7-58.0],2022-05-26T11:40:59+02:00
cpmt,MRT,AFR,2015,RESIDENCEAREATYPE,RESIDENCEAREATYPE_URB,25.84755,23.45081,28.39837,25.8 [23.5-28.4],2022-05-26T11:37:12+02:00
cpmt,STP,AFR,2014,WEALTHDECILE,WEALTHDECILE_WEALTHDECILE07,41.17672,34.49853,48.19645,41.2 [34.5-48.2],2022-05-26T12:29:30+02:00
cpmt,NGA,AFR,2013,WEALTHDECILE,WEALTHDECILE_WEALTHDECILE05,10.79622,8.96195,12.9525,10.8 [9.0-13.0],2022-05-26T12:23:20+02:00
cpmt,ZAF,AFR,2016,DHSMICSGEOREGION,DHSMICSGEOREGION_ZAFDHS201603,51.96107,45.48329,58.37358,52.0 [45.5-58.4],2022-05-26T14:47:19+02:00
cpmt,GMB,AFR,2019,WEALTHDECILE,WEALTHDECILE_WEALTHDECILE06,18.42,15.02798,22.37602,18.4 [15.0-22.4],2022-05-26T12:09:14+02:00
cpmt,TGO,AFR,2017,DHSMICSGEOREGION,DHSMICSGEOREGION_TGOMICS201704,23.79152,19.48514,28.71027,23.8 [19.5-28.7],2022-05-26T14:49:06+02:00
cpmt,NGA,AFR,2008,WEALTHQUINTILE,WEALTHQUINTILE_WQ2,5.23948,4.37235,6.2673,5.2 [4.4-6.3],2022-05-26T12:59:51+02:00
cpmt,ZWE,AFR,2010,DHSMICSGEOREGION,DHSMICSGEOREGION_ZWEDHS201009,59.39431,53.41558,65.10697,59.4 [53.4-65.1],2022-05-26T14:53:58+02:00
cpmt,CIV,AFR,1994,WEALTHQUINTILE,WEALTHQUINTILE_WQ4,14.45987,12.01381,17.306,14.5 [12.0-17.3],2022-05-26T12:49:44+02:00
cpmt,BEN,AFR,2014,DHSMICSGEOREGION,DHSMICSGEOREGION_BENMICS201403,17.29349,13.92867,21.2703,17.3 [13.9-21.3],2022-05-26T14:13:21+02:00
cpmt,NAM,AFR,2006,DHSMICSGEOREGION,DHSMICSGEOREGION_NAMDHS200606,68.58561,62.99971,73.68053,68.6 [63.0-73.7],2022-05-26T14:35:42+02:00
cpmt,SEN,AFR,2010,WEALTHQUINTILE,WEALTHQUINTILE_WQ3,12.96874,11.14634,15.03866,13.0 [11.1-15.0],2022-05-26T13:03:06+02:00
cpmt,ZMB,AFR,2007,WEALTHDECILE,WEALTHDECILE_WEALTHDECILE07,45.5005,40.85571,50.22492,45.5 [40.9-50.2],2022-05-26T12:38:26+02:00
cpmt,GIN,AFR,1999,RESIDENCEAREATYPE,RESIDENCEAREATYPE_RUR,3.39964,2.64962,4.35247,3.4 [2.6-4.4],2022-05-26T11:35:16+02:00
cpmt,TCD,AFR,2010,DHSMICSGEOREGION,DHSMICSGEOREGION_TCDMICS201005,4.92596,2.45166,9.65038,4.9 [2.5-9.7],2022-05-26T14:17:20+02:00
cpmt,ZWE,AFR,2015,WEALTHDECILE,WEALTHDECILE_WEALTHDECILE02,61.37509,56.06396,66.42863,61.4 [56.1-66.4],2022-05-26T12:39:22+02:00
cpmt,LSO,AFR,2004,DHSMICSGEOREGION,DHSMICSGEOREGION_LSODHS200407,28.98102,23.38106,35.30422,29.0 [23.4-35.3],2022-05-26T14:31:44+02:00
cpmt,GMB,AFR,2010,WEALTHDECILE,WEALTHDECILE_WEALTHDECILE06,13.22606,10.30305,16.82282,13.2 [10.3-16.8],2022-05-26T12:08:55+02:00
cpmt,MOZ,AFR,2011,WEALTHDECILE,WEALTHDECILE_WEALTHDECILE05,7.1736,5.27895,9.67878,7.2 [5.3-9.7],2022-05-26T12:20:38+02:00
cpmt,CAF,AFR,2006,AGEGROUP,AGEGROUP_YEARS20-49,18.95553,16.77478,21.34707,19.0 [16.8-21.3],2022-05-26T11:00:25+02:00
cpmt,GIN,AFR,2005,WEALTHDECILE,WEALTHDECILE_WEALTHDECILE10,21.72288,16.96522,27.37488,21.7 [17.0-27.4],2022-05-26T12:10:51+02:00
cpmt,GHA,AFR,2014,DHSMICSGEOREGION,DHSMICSGEOREGION_GHADHS201405,29.36053,24.57756,34.64673,29.4 [24.6-34.6],2022-05-26T14:24:01+02:00
cpmt,MOZ,AFR,2003,WEALTHDECILE,WEALTHDECILE_WEALTHDECILE06,27.67924,23.36618,32.4513,27.7 [23.4-32.5],2022-05-26T12:20:26+02:00
cpmt,MWI,AFR,2010,WEALTHQUINTILE,WEALTHQUINTILE_WQ1,38.7387,36.3205,41.21369,38.7 [36.3-41.2],2022-05-26T12:56:59+02:00
cpmt,BEN,AFR,1996,RESIDENCEAREATYPE,RESIDENCEAREATYPE_URB,18.99704,16.81524,21.38915,19.0 [16.8-21.4],2022-05-26T11:32:57+02:00
cpmt,GMB,AFR,2013,WEALTHDECILE,WEALTHDECILE_WEALTHDECILE03,6.80525,4.84842,9.47324,6.8 [4.8-9.5],2022-05-26T12:09:01+02:00
cpmt,ETH,AFR,2005,WEALTHDECILE,WEALTHDECILE_WEALTHDECILE07,14.70288,11.92485,17.99585,14.7 [11.9-18.0],2022-05-26T12:08:14+02:00
cpmt,MLI,AFR,2015,WEALTHDECILE,WEALTHDECILE_WEALTHDECILE03,7.08751,5.53222,9.0382,7.1 [5.5-9.0],2022-05-26T12:19:03+02:00
cpmt,CIV,AFR,2006,DHSMICSGEOREGION,DHSMICSGEOREGION_CIVMICS200608,12.85704,8.87322,18.27086,12.9 [8.9-18.3],2022-05-26T14:19:04+02:00
cpmt,GIN,AFR,1999,DHSMICSGEOREGION,DHSMICSGEOREGION_GINDHS199901,4.77982,3.23198,7.0152,4.8 [3.2-7.0],2022-05-26T14:24:33+02:00
cpmt,MDG,AFR,1997,RESIDENCEAREATYPE,RESIDENCEAREATYPE_URB,34.54124,30.30976,39.03259,34.5 [30.3-39.0],2022-05-26T11:36:43+02:00
cpmt,NAM,AFR,2013,AGEGROUP,AGEGROUP_YEARS15-19,37.16892,27.01843,48.59371,37.2 [27.0-48.6],2022-05-26T11:04:29+02:00
cpmt,SEN,AFR,2019,DHSMICSGEOREGION,DHSMICSGEOREGION_SENDHS201901,34.87405,29.2659,40.93494,34.9 [29.3-40.9],2022-05-26T14:46:41+02:00
cpmt,COG,AFR,2011,WEALTHQUINTILE,WEALTHQUINTILE_WQ1,39.07062,36.39457,41.81408,39.1 [36.4-41.8],2022-05-26T12:49:15+02:00
cpmt,MWI,AFR,2013,WEALTHQUINTILE,WEALTHQUINTILE_WQ1,53.99876,51.11253,56.85842,54.0 [51.1-56.9],2022-05-26T12:57:02+02:00
cpmt,CIV,AFR,1994,RESIDENCEAREATYPE,RESIDENCEAREATYPE_RUR,6.91199,5.90755,8.07257,6.9 [5.9-8.1],2022-05-26T11:34:05+02:00
cpmt,NGA,AFR,2007,DHSMICSGEOREGION,DHSMICSGEOREGION_NGAMICS200721,3.37662,2.21444,5.11682,3.4 [2.2-5.1],2022-05-26T14:37:13+02:00
cpmt,GIN,AFR,2018,WEALTHDECILE,WEALTHDECILE_WEALTHDECILE07,12.14966,9.35572,15.63406,12.1 [9.4-15.6],2022-05-26T12:11:08+02:00
cpmt,BEN,AFR,2006,DHSMICSGEOREGION,DHSMICSGEOREGION_BENDHS200606,13.55507,10.98501,16.61418,13.6 [11.0-16.6],2022-05-26T14:13:06+02:00
cpmt,MOZ,AFR,2008,DHSMICSGEOREGION,DHSMICSGEOREGION_MOZMICS200809,17.47541,14.11638,21.43425,17.5 [14.1-21.4],2022-05-26T14:35:00+02:00
cpmt,LBR,AFR,2013,DHSMICSGEOREGION,DHSMICSGEOREGION_LBRDHS201303,20.47333,17.09807,24.31941,20.5 [17.1-24.3],2022-05-26T14:32:06+02:00
cpmt,SLE,AFR,2010,WEALTHQUINTILE,WEALTHQUINTILE_WQ1,5.9933,4.60859,7.76022,6.0 [4.6-7.8],2022-05-26T13:03:52+02:00
cpmt,CMR,AFR,1998,WEALTHDECILE,WEALTHDECILE_WEALTHDECILE07,26.82389,22.41797,31.74145,26.8 [22.4-31.7],2022-05-26T12:01:55+02:00
cpmt,SSD,AFR,2010,WEALTHDECILE,WEALTHDECILE_WEALTHDECILE07,3.17103,1.98459,5.03035,3.2 [2.0-5.0],2022-05-26T12:32:13+02:00
cpmt,SEN,AFR,2017,DHSMICSGEOREGION,DHSMICSGEOREGION_SENDHS201709,28.04044,23.87888,32.6165,28.0 [23.9-32.6],2022-05-26T14:46:25+02:00
cpmt,MWI,AFR,2013,DHSMICSGEOREGION,DHSMICSGEOREGION_MWIMICS201330,57.67915,46.14705,68.43112,57.7 [46.1-68.4],2022-05-26T14:32:54+02:00
cpmt,BEN,AFR,2006,DHSMICSGEOREGION,DHSMICSGEOREGION_BENDHS200611,6.56257,4.60316,9.27496,6.6 [4.6-9.3],2022-05-26T14:13:07+02:00
cpmt,NER,AFR,2012,WEALTHDECILE,WEALTHDECILE_WEALTHDECILE06,9.63756,7.71436,11.97799,9.6 [7.7-12.0],2022-05-26T12:22:39+02:00
cpmt,TGO,AFR,2010,WEALTHDECILE,WEALTHDECILE_WEALTHDECILE04,15.01563,11.61373,19.19758,15.0 [11.6-19.2],2022-05-26T12:34:04+02:00
cpmt,ZMB,AFR,2007,WEALTHDECILE,WEALTHDECILE_WEALTHDECILE08,43.24013,36.78857,49.92941,43.2 [36.8-49.9],2022-05-26T12:38:26+02:00
cpmt,GHA,AFR,2014,DHSMICSGEOREGION,DHSMICSGEOREGION_GHADHS201404,32.23862,26.81264,38.18966,32.2 [26.8-38.2],2022-05-26T14:24:01+02:00
cpmt,MLI,AFR,2012,RESIDENCEAREATYPE,RESIDENCEAREATYPE_RUR,7.09156,6.05551,8.28922,7.1 [6.1-8.3],2022-05-26T11:37:06+02:00
cpmt,GHA,AFR,2011,DHSMICSGEOREGION,DHSMICSGEOREGION_GHAMICS201110,27.18144,23.67889,30.9917,27.2 [23.7-31.0],2022-05-26T14:23:55+02:00
cpmt,TZA,AFR,2010,WEALTHDECILE,WEALTHDECILE_WEALTHDECILE04,27.18088,23.23333,31.52372,27.2 [23.2-31.5],2022-05-26T12:36:53+02:00
cpmt,UGA,AFR,1995,WEALTHDECILE,WEALTHDECILE_WEALTHDECILE03,8.25187,6.09078,11.08921,8.3 [6.1-11.1],2022-05-26T12:35:40+02:00
cpmt,NER,AFR,2006,RESIDENCEAREATYPE,RESIDENCEAREATYPE_URB,23.01861,20.33953,25.93569,23.0 [20.3-25.9],2022-05-26T11:37:53+02:00
cpmt,CMR,AFR,2011,DHSMICSGEOREGION,DHSMICSGEOREGION_CMRDHS201110,32.40785,27.45784,37.78541,32.4 [27.5-37.8],2022-05-26T14:16:15+02:00
cpmt,TCD,AFR,2010,DHSMICSGEOREGION,DHSMICSGEOREGION_TCDMICS201006,2.59315,1.06005,6.20448,2.6 [1.1-6.2],2022-05-26T14:17:20+02:00
cpmt,SEN,AFR,2012,WEALTHQUINTILE,WEALTHQUINTILE_WQ3,17.77271,14.67575,21.3596,17.8 [14.7-21.4],2022-05-26T13:03:10+02:00
cpmt,KEN,AFR,1993,RESIDENCEAREATYPE,RESIDENCEAREATYPE_URB,43.41989,38.3473,48.63417,43.4 [38.3-48.6],2022-05-26T11:36:14+02:00
cpmt,CIV,AFR,2011,EDUCATIONLEVEL,EDUCATIONLEVEL_SHLM,30.32027,26.0767,34.92813,30.3 [26.1-34.9],2022-05-26T11:16:36+02:00
cpmt,ZWE,AFR,2014,AGEGROUP,AGEGROUP_YEARS15-19,48.53913,44.33842,52.76058,48.5 [44.3-52.8],2022-05-26T11:08:06+02:00
cpmt,MOZ,AFR,2015,DHSMICSGEOREGION,DHSMICSGEOREGION_MOZDHS201511,50.96773,43.63325,58.26079,51.0 [43.6-58.3],2022-05-26T14:35:15+02:00
cpmt,NGA,AFR,2011,WEALTHDECILE,WEALTHDECILE_WEALTHDECILE06,19.25274,16.19796,22.72737,19.3 [16.2-22.7],2022-05-26T12:23:13+02:00
cpmt,GHA,AFR,2006,DHSMICSGEOREGION,DHSMICSGEOREGION_GHAMICS200603,28.82423,24.47601,33.60124,28.8 [24.5-33.6],2022-05-26T14:23:43+02:00
cpmt,NER,AFR,1998,WEALTHQUINTILE,WEALTHQUINTILE_WQ3,5.67849,4.33934,7.39895,5.7 [4.3-7.4],2022-05-26T12:59:32+02:00
cpmt,NGA,AFR,2007,DHSMICSGEOREGION,DHSMICSGEOREGION_NGAMICS200720,1.11421,0.55963,2.20615,1.1 [0.6-2.2],2022-05-26T14:37:13+02:00
cpmt,DZA,AFR,2018,DHSMICSGEOREGION,DHSMICSGEOREGION_DZAMICS201807,45.52578,42.8951,48.18166,45.5 [42.9-48.2],2022-05-26T14:10:52+02:00
cpmt,SWZ,AFR,2014,WEALTHQUINTILE,WEALTHQUINTILE_WQ3,64.23924,59.11422,69.0581,64.2 [59.1-69.1],2022-05-26T12:51:28+02:00
cpmt,ZWE,AFR,1994,DHSMICSGEOREGION,DHSMICSGEOREGION_ZWEDHS199408,42.00954,35.98308,48.28406,42.0 [36.0-48.3],2022-05-26T14:53:34+02:00
cpmt,GIN,AFR,2012,DHSMICSGEOREGION,DHSMICSGEOREGION_GINDHS201203,4.45124,2.79753,7.01198,4.5 [2.8-7.0],2022-05-26T14:24:41+02:00
cpmt,TZA,AFR,2015,WEALTHQUINTILE,WEALTHQUINTILE_WQ2,32.12734,28.94866,35.48076,32.1 [28.9-35.5],2022-05-26T13:06:50+02:00
cpmt,NGA,AFR,2016,DHSMICSGEOREGION,DHSMICSGEOREGION_NGAMICS201628,21.83636,17.11714,27.42612,21.8 [17.1-27.4],2022-05-26T14:38:02+02:00
cpmt,MWI,AFR,2019,DHSMICSGEOREGION,DHSMICSGEOREGION_MWIMICS201901,60.93528,57.69213,64.08459,60.9 [57.7-64.1],2022-05-26T14:33:09+02:00
cpmt,ZWE,AFR,2009,WEALTHDECILE,WEALTHDECILE_WEALTHDECILE08,69.96843,66.0414,73.62272,70.0 [66.0-73.6],2022-05-26T12:39:04+02:00
cpmt,NGA,AFR,2016,DHSMICSGEOREGION,DHSMICSGEOREGION_NGAMICS201608,5.77608,3.00905,10.80417,5.8 [3.0-10.8],2022-05-26T14:38:01+02:00
cpmt,NER,AFR,1998,WEALTHDECILE,WEALTHDECILE_WEALTHDECILE01,3.73515,2.63479,5.27018,3.7 [2.6-5.3],2022-05-26T12:22:25+02:00
cpmt,GMB,AFR,2013,WEALTHQUINTILE,WEALTHQUINTILE_WQ5,16.50065,13.49991,20.01406,16.5 [13.5-20.0],2022-05-26T12:51:59+02:00
cpmt,CIV,AFR,2006,EDUCATIONLEVEL,EDUCATIONLEVEL_NHLM,10.48172,8.87006,12.34654,10.5 [8.9-12.3],2022-05-26T11:16:34+02:00
cpmt,TCD,AFR,2014,DHSMICSGEOREGION,DHSMICSGEOREGION_TCDDHS201406,0.38405,0.12636,1.16119,0.4 [0.1-1.2],2022-05-26T14:17:32+02:00
cpmt,UGA,AFR,2016,DHSMICSGEOREGION,DHSMICSGEOREGION_UGADHS201601,44.79792,40.25242,49.43204,44.8 [40.3-49.4],2022-05-26T14:50:18+02:00
cpmt,NGA,AFR,2016,DHSMICSGEOREGION,DHSMICSGEOREGION_NGAMICS201613,31.22777,25.88064,37.12629,31.2 [25.9-37.1],2022-05-26T14:38:01+02:00
cpmt,SLE,AFR,2013,WEALTHDECILE,WEALTHDECILE_WEALTHDECILE09,26.60494,23.26966,30.22993,26.6 [23.3-30.2],2022-05-26T12:31:36+02:00
cpmt,TCD,AFR,2010,DHSMICSGEOREGION,DHSMICSGEOREGION_TCDMICS201013,3.93621,2.01415,7.55109,3.9 [2.0-7.6],2022-05-26T14:17:20+02:00
cpmt,ZMB,AFR,2007,WEALTHDECILE,WEALTHDECILE_WEALTHDECILE03,35.49966,30.60747,40.71502,35.5 [30.6-40.7],2022-05-26T12:38:26+02:00
cpmt,ZMB,AFR,2018,AGEGROUP,AGEGROUP_YEARS15-19,38.25525,32.89228,43.92035,38.3 [32.9-43.9],2022-05-26T11:07:58+02:00
cpmt,CIV,AFR,2011,WEALTHDECILE,WEALTHDECILE_WEALTHDECILE09,26.20714,21.20054,31.91717,26.2 [21.2-31.9],2022-05-26T12:05:15+02:00
cpmt,DZA,AFR,2012,WEALTHQUINTILE,WEALTHQUINTILE_WQ5,59.55642,57.26498,61.80695,59.6 [57.3-61.8],2022-05-26T12:45:12+02:00
cpmt,TZA,AFR,1999,EDUCATIONLEVEL,EDUCATIONLEVEL_NHLM,16.34342,12.86674,20.53809,16.3 [12.9-20.5],2022-05-26T11:25:44+02:00
cpmt,MLI,AFR,2001,DHSMICSGEOREGION,DHSMICSGEOREGION_MLIDHS200101,6.05818,4.11198,8.84057,6.1 [4.1-8.8],2022-05-26T14:33:23+02:00
cpmt,SEN,AFR,2010,AGEGROUP,AGEGROUP_YEARS20-49,13.77474,12.62553,15.01058,13.8 [12.6-15.0],2022-05-26T11:06:06+02:00
cpmt,DZA,AFR,2018,WEALTHDECILE,WEALTHDECILE_WEALTHDECILE10,57.52617,54.2503,60.73723,57.5 [54.3-60.7],2022-05-26T11:56:21+02:00
cpmt,ZMB,AFR,2001,RESIDENCEAREATYPE,RESIDENCEAREATYPE_URB,45.73086,42.5262,48.97125,45.7 [42.5-49.0],2022-05-26T11:40:51+02:00
cpmt,ZMB,AFR,2001,WEALTHDECILE,WEALTHDECILE_WEALTHDECILE08,40.34681,36.332,44.49522,40.3 [36.3-44.5],2022-05-26T12:38:20+02:00
cpmt,KEN,AFR,2008,DHSMICSGEOREGION,DHSMICSGEOREGION_KENDHS200801,55.31898,48.54161,61.90427,55.3 [48.5-61.9],2022-05-26T14:30:47+02:00
cpmt,MWI,AFR,2019,AGEGROUP,AGEGROUP_YEARS15-19,46.60344,42.81508,50.43139,46.6 [42.8-50.4],2022-05-26T11:03:52+02:00
cpmt,ZMB,AFR,2018,WEALTHDECILE,WEALTHDECILE_WEALTHDECILE01,36.65112,33.21298,40.23079,36.7 [33.2-40.2],2022-05-26T12:38:39+02:00
cpmt,GMB,AFR,2019,DHSMICSGEOREGION,DHSMICSGEOREGION_GMBDHS201908,8.5821,6.45228,11.3298,8.6 [6.5-11.3],2022-05-26T14:23:10+02:00
cpmt,GAB,AFR,2012,WEALTHDECILE,WEALTHDECILE_WEALTHDECILE09,35.83183,28.71963,43.62731,35.8 [28.7-43.6],2022-05-26T12:08:43+02:00
cpmt,GHA,AFR,2006,WEALTHQUINTILE,WEALTHQUINTILE_WQ5,25.05813,20.6678,30.02806,25.1 [20.7-30.0],2022-05-26T12:52:23+02:00
cpmt,ZMB,AFR,1996,AGEGROUP,AGEGROUP_YEARS15-19,16.89052,13.8201,20.48097,16.9 [13.8-20.5],2022-05-26T11:07:53+02:00
cpmt,ZWE,AFR,2010,WEALTHDECILE,WEALTHDECILE_WEALTHDECILE01,52.83434,48.54486,57.08237,52.8 [48.5-57.1],2022-05-26T12:39:10+02:00
cpmt,ZWE,AFR,2014,DHSMICSGEOREGION,DHSMICSGEOREGION_ZWEMICS201406,62.56502,58.47138,66.48642,62.6 [58.5-66.5],2022-05-26T14:54:04+02:00
cpmt,NGA,AFR,2008,EDUCATIONLEVEL,EDUCATIONLEVEL_NHLM,3.57789,3.07978,4.1531,3.6 [3.1-4.2],2022-05-26T11:22:08+02:00
cpmt,TZA,AFR,2010,DHSMICSGEOREGION,DHSMICSGEOREGION_TZADHS201010,47.26692,40.96643,53.6557,47.3 [41.0-53.7],2022-05-26T14:51:35+02:00
cpmt,TGO,AFR,2006,DHSMICSGEOREGION,DHSMICSGEOREGION_TGOMICS200603,9.7222,7.36283,12.7337,9.7 [7.4-12.7],2022-05-26T14:48:55+02:00
cpmt,MLI,AFR,2001,WEALTHDECILE,WEALTHDECILE_WEALTHDECILE05,4.10141,2.80756,5.95499,4.1 [2.8-6.0],2022-05-26T12:18:38+02:00
cpmt,MRT,AFR,2011,DHSMICSGEOREGION,DHSMICSGEOREGION_MRTMICS201104,3.70958,2.26974,6.00668,3.7 [2.3-6.0],2022-05-26T14:34:03+02:00
cpmt,GHA,AFR,1998,WEALTHQUINTILE,WEALTHQUINTILE_WQ3,22.30044,18.92481,26.08447,22.3 [18.9-26.1],2022-05-26T12:52:17+02:00
cpmt,MLI,AFR,2006,WEALTHDECILE,WEALTHDECILE_WEALTHDECILE10,23.74529,21.21293,26.47836,23.7 [21.2-26.5],2022-05-26T12:18:44+02:00
cpmt,MDG,AFR,2018,EDUCATIONLEVEL,EDUCATIONLEVEL_SHLM,46.40158,43.93738,48.88348,46.4 [43.9-48.9],2022-05-26T11:20:26+02:00
cpmt,MWI,AFR,2004,RESIDENCEAREATYPE,RESIDENCEAREATYPE_RUR,31.56443,30.06827,33.0998,31.6 [30.1-33.1],2022-05-26T11:36:49+02:00
cpmt,MWI,AFR,2019,WEALTHDECILE,WEALTHDECILE_WEALTHDECILE03,66.55525,63.3427,69.62129,66.6 [63.3-69.6],2022-05-26T12:18:12+02:00
cpmt,GHA,AFR,2011,WEALTHDECILE,WEALTHDECILE_WEALTHDECILE10,37.71014,31.62611,44.20785,37.7 [31.6-44.2],2022-05-26T12:10:01+02:00
cpmt,UGA,AFR,2000,WEALTHDECILE,WEALTHDECILE_WEALTHDECILE07,19.64598,15.64226,24.37832,19.6 [15.6-24.4],2022-05-26T12:35:46+02:00
cpmt,COD,AFR,2017,DHSMICSGEOREGION,DHSMICSGEOREGION_CODMICS201714,19.28509,14.35346,25.40847,19.3 [14.4-25.4],2022-05-26T14:19:46+02:00
cpmt,SWZ,AFR,2014,AGEGROUP,AGEGROUP_YEARS15-19,49.14877,33.55251,64.91252,49.1 [33.6-64.9],2022-05-26T11:01:38+02:00
cpmt,MWI,AFR,2013,DHSMICSGEOREGION,DHSMICSGEOREGION_MWIMICS201317,44.22015,39.28125,49.27608,44.2 [39.3-49.3],2022-05-26T14:32:54+02:00
cpmt,GHA,AFR,2008,EDUCATIONLEVEL,EDUCATIONLEVEL_SHLM,28.21024,25.50201,31.08606,28.2 [25.5-31.1],2022-05-26T11:18:06+02:00
cpmt,GHA,AFR,2014,WEALTHQUINTILE,WEALTHQUINTILE_WQ3,26.75931,23.39384,30.41671,26.8 [23.4-30.4],2022-05-26T12:52:33+02:00
cpmt,SEN,AFR,2016,RESIDENCEAREATYPE,RESIDENCEAREATYPE_RUR,18.64706,16.80663,20.63904,18.6 [16.8-20.6],2022-05-26T11:39:18+02:00
cpmt,TZA,AFR,2004,EDUCATIONLEVEL,EDUCATIONLEVEL_NHLM,13.39426,11.09922,16.07804,13.4 [11.1-16.1],2022-05-26T11:25:46+02:00
cpmt,CAF,AFR,2010,WEALTHQUINTILE,WEALTHQUINTILE_WQ5,29.71379,25.16465,34.70393,29.7 [25.2-34.7],2022-05-26T12:48:26+02:00
cpmt,MLI,AFR,2012,WEALTHQUINTILE,WEALTHQUINTILE_WQ2,5.33977,4.03565,7.03442,5.3 [4.0-7.0],2022-05-26T12:57:32+02:00
cpmt,CMR,AFR,2011,WEALTHDECILE,WEALTHDECILE_WEALTHDECILE02,3.81696,2.69815,5.37408,3.8 [2.7-5.4],2022-05-26T12:02:15+02:00
cpmt,GAB,AFR,2000,EDUCATIONLEVEL,EDUCATIONLEVEL_NHLM,8.54466,5.68312,12.65372,8.5 [5.7-12.7],2022-05-26T11:17:42+02:00
cpmt,TZA,AFR,2004,WEALTHQUINTILE,WEALTHQUINTILE_WQ4,29.84625,26.69242,33.20395,29.8 [26.7-33.2],2022-05-26T13:06:44+02:00
cpmt,BEN,AFR,2006,EDUCATIONLEVEL,EDUCATIONLEVEL_SHLM,39.30411,36.14192,42.55859,39.3 [36.1-42.6],2022-05-26T11:14:42+02:00
cpmt,SSD,AFR,2010,RESIDENCEAREATYPE,RESIDENCEAREATYPE_RUR,3.71321,3.06823,4.48748,3.7 [3.1-4.5],2022-05-26T11:39:38+02:00
cpmt,CMR,AFR,2011,WEALTHDECILE,WEALTHDECILE_WEALTHDECILE09,39.23583,35.54794,43.05077,39.2 [35.5-43.1],2022-05-26T12:02:15+02:00
cpmt,SSD,AFR,2010,WEALTHDECILE,WEALTHDECILE_WEALTHDECILE04,3.6149,2.31006,5.61442,3.6 [2.3-5.6],2022-05-26T12:32:13+02:00
cpmt,CAF,AFR,2006,DHSMICSGEOREGION,DHSMICSGEOREGION_CAFMICS200614,8.31529,4.02861,16.38451,8.3 [4.0-16.4],2022-05-26T14:16:40+02:00
cpmt,COD,AFR,2013,RESIDENCEAREATYPE,RESIDENCEAREATYPE_URB,31.07406,28.28894,34.00337,31.1 [28.3-34.0],2022-05-26T11:34:13+02:00
cpmt,RWA,AFR,2000,WEALTHDECILE,WEALTHDECILE_WEALTHDECILE01,6.64225,4.68987,9.32784,6.6 [4.7-9.3],2022-05-26T12:28:38+02:00
cpmt,MLI,AFR,2001,WEALTHDECILE,WEALTHDECILE_WEALTHDECILE02,5.04195,3.7614,6.72799,5.0 [3.8-6.7],2022-05-26T12:18:38+02:00
cpmt,ZMB,AFR,2018,DHSMICSGEOREGION,DHSMICSGEOREGION_ZMBDHS201805,56.45036,52.06499,60.73707,56.5 [52.1-60.7],2022-05-26T14:53:28+02:00
cpmt,TZA,AFR,1999,DHSMICSGEOREGION,DHSMICSGEOREGION_TZADHS199911,21.1851,11.83664,34.98688,21.2 [11.8-35.0],2022-05-26T14:51:06+02:00
cpmt,GHA,AFR,1998,DHSMICSGEOREGION,DHSMICSGEOREGION_GHADHS199801,18.3277,14.62294,22.72129,18.3 [14.6-22.7],2022-05-26T14:23:32+02:00
cpmt,MLI,AFR,2012,DHSMICSGEOREGION,DHSMICSGEOREGION_MLIDHS201206,23.53698,20.8259,26.48294,23.5 [20.8-26.5],2022-05-26T14:33:40+02:00
cpmt,MLI,AFR,2006,WEALTHQUINTILE,WEALTHQUINTILE_WQ2,5.40919,4.60491,6.34459,5.4 [4.6-6.3],2022-05-26T12:57:25+02:00
cpmt,CMR,AFR,2004,WEALTHQUINTILE,WEALTHQUINTILE_WQ1,7.30598,5.80196,9.16196,7.3 [5.8-9.2],2022-05-26T12:48:05+02:00
cpmt,NGA,AFR,2008,WEALTHQUINTILE,WEALTHQUINTILE_WQ4,21.32868,19.62224,23.14081,21.3 [19.6-23.1],2022-05-26T12:59:51+02:00
cpmt,LSO,AFR,2014,EDUCATIONLEVEL,EDUCATIONLEVEL_PRLM,55.81179,52.63206,58.94458,55.8 [52.6-58.9],2022-05-26T11:20:13+02:00
cpmt,SWZ,AFR,2006,WEALTHDECILE,WEALTHDECILE_WEALTHDECILE04,45.99452,38.71935,53.44448,46.0 [38.7-53.4],2022-05-26T12:07:51+02:00
cpmt,MRT,AFR,2015,EDUCATIONLEVEL,EDUCATIONLEVEL_NHLM,13.13232,11.49648,14.96158,13.1 [11.5-15.0],2022-05-26T11:20:59+02:00
cpmt,TGO,AFR,1998,WEALTHDECILE,WEALTHDECILE_WEALTHDECILE04,22.13105,18.22001,26.60848,22.1 [18.2-26.6],2022-05-26T12:33:51+02:00
cpmt,BEN,AFR,2006,DHSMICSGEOREGION,DHSMICSGEOREGION_BENDHS200609,10.11648,8.2231,12.38697,10.1 [8.2-12.4],2022-05-26T14:13:07+02:00
cpmt,MRT,AFR,2015,DHSMICSGEOREGION,DHSMICSGEOREGION_MRTMICS201509,11.14632,7.47941,16.29438,11.1 [7.5-16.3],2022-05-26T14:34:11+02:00
cpmt,KEN,AFR,2014,RESIDENCEAREATYPE,RESIDENCEAREATYPE_RUR,55.484,54.10795,56.85169,55.5 [54.1-56.9],2022-05-26T11:36:19+02:00
cpmt,NGA,AFR,2007,AGEGROUP,AGEGROUP_YEARS20-49,15.34577,13.91469,16.89515,15.3 [13.9-16.9],2022-05-26T11:04:51+02:00
cpmt,SSD,AFR,2010,AGEGROUP,AGEGROUP_YEARS20-49,4.13143,3.51695,4.84787,4.1 [3.5-4.8],2022-05-26T11:06:33+02:00
cpmt,STP,AFR,2008,RESIDENCEAREATYPE,RESIDENCEAREATYPE_RUR,44.1432,39.42675,48.96775,44.1 [39.4-49.0],2022-05-26T11:39:07+02:00
cpmt,BFA,AFR,2006,DHSMICSGEOREGION,DHSMICSGEOREGION_BFAMICS200601,43.80524,26.72157,62.49601,43.8 [26.7-62.5],2022-05-26T14:14:28+02:00
cpmt,ZWE,AFR,1994,DHSMICSGEOREGION,DHSMICSGEOREGION_ZWEDHS199410,47.91667,41.84698,54.0485,47.9 [41.8-54.0],2022-05-26T14:53:34+02:00
cpmt,UGA,AFR,1995,WEALTHQUINTILE,WEALTHQUINTILE_WQ2,8.12205,6.43754,10.19931,8.1 [6.4-10.2],2022-05-26T13:06:09+02:00
cpmt,GAB,AFR,2000,WEALTHDECILE,WEALTHDECILE_WEALTHDECILE07,35.06728,29.92955,40.57625,35.1 [29.9-40.6],2022-05-26T12:08:37+02:00
cpmt,MLI,AFR,2001,WEALTHDECILE,WEALTHDECILE_WEALTHDECILE07,5.88204,3.8536,8.8796,5.9 [3.9-8.9],2022-05-26T12:18:38+02:00
cpmt,GMB,AFR,2018,WEALTHQUINTILE,WEALTHQUINTILE_WQ4,18.36129,15.81754,21.21104,18.4 [15.8-21.2],2022-05-26T12:52:02+02:00
cpmt,UGA,AFR,1995,WEALTHDECILE,WEALTHDECILE_WEALTHDECILE02,10.41346,8.1261,13.25181,10.4 [8.1-13.3],2022-05-26T12:35:40+02:00
cpmt,ZMB,AFR,1996,EDUCATIONLEVEL,EDUCATIONLEVEL_SHLM,39.90026,36.56156,43.33558,39.9 [36.6-43.3],2022-05-26T11:26:12+02:00
cpmt,MDG,AFR,2008,DHSMICSGEOREGION,DHSMICSGEOREGION_MDGDHS200812,43.53645,36.99276,50.31334,43.5 [37.0-50.3],2022-05-26T14:32:21+02:00
cpmt,BDI,AFR,2005,WEALTHQUINTILE,WEALTHQUINTILE_WQ3,7.85593,5.97895,10.25786,7.9 [6.0-10.3],2022-05-26T12:47:38+02:00
cpmt,RWA,AFR,2005,WEALTHQUINTILE,WEALTHQUINTILE_WQ2,15.2042,13.12482,17.54647,15.2 [13.1-17.5],2022-05-26T13:02:31+02:00
cpmt,GNB,AFR,2006,DHSMICSGEOREGION,DHSMICSGEOREGION_GNBMICS200602,3.12197,2.24518,4.326,3.1 [2.2-4.3],2022-05-26T14:24:54+02:00
cpmt,UGA,AFR,2000,WEALTHDECILE,WEALTHDECILE_WEALTHDECILE04,14.13395,11.01045,17.96465,14.1 [11.0-18.0],2022-05-26T12:35:46+02:00
cpmt,CAF,AFR,2006,DHSMICSGEOREGION,DHSMICSGEOREGION_CAFMICS200604,32.64108,25.36199,40.86549,32.6 [25.4-40.9],2022-05-26T14:16:40+02:00
cpmt,BFA,AFR,2003,WEALTHDECILE,WEALTHDECILE_WEALTHDECILE06,10.11058,7.74333,13.09877,10.1 [7.7-13.1],2022-05-26T12:00:44+02:00
cpmt,TGO,AFR,1998,AGEGROUP,AGEGROUP_YEARS15-19,15.04191,11.41277,19.57013,15.0 [11.4-19.6],2022-05-26T11:06:53+02:00
cpmt,SEN,AFR,1997,WEALTHQUINTILE,WEALTHQUINTILE_WQ4,15.55616,12.57922,19.08382,15.6 [12.6-19.1],2022-05-26T13:03:00+02:00
cpmt,TGO,AFR,2006,AGEGROUP,AGEGROUP_YEARS15-19,15.24015,10.29307,21.98229,15.2 [10.3-22.0],2022-05-26T11:06:54+02:00
cpmt,COD,AFR,2017,RESIDENCEAREATYPE,RESIDENCEAREATYPE_URB,36.93728,32.32276,41.80365,36.9 [32.3-41.8],2022-05-26T11:34:14+02:00
cpmt,CMR,AFR,2014,AGEGROUP,AGEGROUP_YEARS20-49,35.16048,33.11735,37.25944,35.2 [33.1-37.3],2022-05-26T11:00:21+02:00
cpmt,BFA,AFR,1998,RESIDENCEAREATYPE,RESIDENCEAREATYPE_URB,29.41013,25.75311,33.35318,29.4 [25.8-33.4],2022-05-26T11:33:14+02:00
cpmt,COD,AFR,2013,DHSMICSGEOREGION,DHSMICSGEOREGION_CODDHS201304,16.91614,10.772,25.56085,16.9 [10.8-25.6],2022-05-26T14:19:36+02:00
cpmt,DZA,AFR,2012,WEALTHDECILE,WEALTHDECILE_WEALTHDECILE08,56.90616,53.95715,59.80698,56.9 [54.0-59.8],2022-05-26T11:56:15+02:00
cpmt,NGA,AFR,2018,DHSMICSGEOREGION,DHSMICSGEOREGION_NGADHS201804,28.11545,25.87932,30.46537,28.1 [25.9-30.5],2022-05-26T14:38:18+02:00
cpmt,STP,AFR,2014,WEALTHDECILE,WEALTHDECILE_WEALTHDECILE10,45.68779,37.42731,54.19244,45.7 [37.4-54.2],2022-05-26T12:29:30+02:00
cpmt,NAM,AFR,2000,EDUCATIONLEVEL,EDUCATIONLEVEL_NHLM,27.82981,22.59219,33.75224,27.8 [22.6-33.8],2022-05-26T11:21:29+02:00
cpmt,TGO,AFR,2006,WEALTHQUINTILE,WEALTHQUINTILE_WQ2,15.61683,12.86491,18.8302,15.6 [12.9-18.8],2022-05-26T13:05:12+02:00
cpmt,COD,AFR,2010,RESIDENCEAREATYPE,RESIDENCEAREATYPE_URB,25.18995,22.29054,28.329,25.2 [22.3-28.3],2022-05-26T11:34:12+02:00
cpmt,GMB,AFR,2013,EDUCATIONLEVEL,EDUCATIONLEVEL_SHLM,16.68964,13.75004,20.11117,16.7 [13.8-20.1],2022-05-26T11:17:49+02:00
cpmt,SEN,AFR,2019,EDUCATIONLEVEL,EDUCATIONLEVEL_PRLM,33.08973,29.14265,37.29006,33.1 [29.1-37.3],2022-05-26T11:24:02+02:00
cpmt,BEN,AFR,1996,WEALTHQUINTILE,WEALTHQUINTILE_WQ5,26.22398,22.78308,29.98276,26.2 [22.8-30.0],2022-05-26T12:46:45+02:00
cpmt,ZWE,AFR,2005,DHSMICSGEOREGION,DHSMICSGEOREGION_ZWEDHS200503,63.97387,57.966,69.57377,64.0 [58.0-69.6],2022-05-26T14:53:46+02:00
cpmt,TCD,AFR,2014,RESIDENCEAREATYPE,RESIDENCEAREATYPE_RUR,4.28318,3.49238,5.24331,4.3 [3.5-5.2],2022-05-26T11:33:42+02:00
cpmt,GAB,AFR,2000,WEALTHQUINTILE,WEALTHQUINTILE_WQ2,27.32095,24.14427,30.74618,27.3 [24.1-30.7],2022-05-26T12:51:46+02:00
cpmt,RWA,AFR,2000,WEALTHDECILE,WEALTHDECILE_WEALTHDECILE05,7.31374,4.09577,12.72456,7.3 [4.1-12.7],2022-05-26T12:28:38+02:00
cpmt,TZA,AFR,2015,WEALTHDECILE,WEALTHDECILE_WEALTHDECILE05,40.55198,35.95608,45.31963,40.6 [36.0-45.3],2022-05-26T12:36:59+02:00
cpmt,MDG,AFR,2018,DHSMICSGEOREGION,DHSMICSGEOREGION_MDGMICS201813,37.50028,30.63982,44.90241,37.5 [30.6-44.9],2022-05-26T14:32:33+02:00
cpmt,NER,AFR,2006,AGEGROUP,AGEGROUP_YEARS20-49,12.2494,10.9029,13.73656,12.2 [10.9-13.7],2022-05-26T11:04:46+02:00
cpmt,COD,AFR,2013,DHSMICSGEOREGION,DHSMICSGEOREGION_CODDHS201309,16.22557,10.92229,23.42664,16.2 [10.9-23.4],2022-05-26T14:19:36+02:00
cpmt,MRT,AFR,2011,RESIDENCEAREATYPE,RESIDENCEAREATYPE_URB,19.77418,18.37061,21.25706,19.8 [18.4-21.3],2022-05-26T11:37:11+02:00
cpmt,RWA,AFR,2019,AGEGROUP,AGEGROUP_YEARS20-49,64.23562,62.87021,65.57831,64.2 [62.9-65.6],2022-05-26T11:05:56+02:00
cpmt,GHA,AFR,1998,WEALTHDECILE,WEALTHDECILE_WEALTHDECILE01,11.54682,8.49254,15.51332,11.5 [8.5-15.5],2022-05-26T12:09:38+02:00
cpmt,GMB,AFR,2010,WEALTHDECILE,WEALTHDECILE_WEALTHDECILE02,9.336,7.12619,12.14149,9.3 [7.1-12.1],2022-05-26T12:08:55+02:00
cpmt,MWI,AFR,2004,DHSMICSGEOREGION,DHSMICSGEOREGION_MWIDHS200402,33.15002,30.89657,35.48343,33.2 [30.9-35.5],2022-05-26T14:32:44+02:00
cpmt,AGO,AFR,2015,WEALTHDECILE,WEALTHDECILE_WEALTHDECILE10,38.92203,32.35014,45.9227,38.9 [32.4-45.9],2022-05-26T11:56:27+02:00
cpmt,SEN,AFR,2005,WEALTHDECILE,WEALTHDECILE_WEALTHDECILE02,4.69872,3.48594,6.30587,4.7 [3.5-6.3],2022-05-26T12:29:50+02:00
cpmt,CMR,AFR,2004,AGEGROUP,AGEGROUP_YEARS15-19,23.63472,20.45525,27.13977,23.6 [20.5-27.1],2022-05-26T11:00:18+02:00
cpmt,MDG,AFR,2008,AGEGROUP,AGEGROUP_YEARS20-49,41.83549,40.17318,43.51656,41.8 [40.2-43.5],2022-05-26T11:03:42+02:00
cpmt,GAB,AFR,2000,AGEGROUP,AGEGROUP_YEARS20-49,32.05654,30.2689,33.89843,32.1 [30.3-33.9],2022-05-26T11:01:45+02:00
cpmt,ZMB,AFR,2001,DHSMICSGEOREGION,DHSMICSGEOREGION_ZMBDHS200104,31.8408,28.38105,35.51317,31.8 [28.4-35.5],2022-05-26T14:53:11+02:00
cpmt,ETH,AFR,2005,WEALTHDECILE,WEALTHDECILE_WEALTHDECILE01,3.67745,2.24781,5.9609,3.7 [2.2-6.0],2022-05-26T12:08:13+02:00
cpmt,MDG,AFR,2018,DHSMICSGEOREGION,DHSMICSGEOREGION_MDGMICS201812,52.62462,45.95501,59.20188,52.6 [46.0-59.2],2022-05-26T14:32:33+02:00
cpmt,MLI,AFR,2018,AGEGROUP,AGEGROUP_YEARS15-19,10.20594,8.15944,12.69477,10.2 [8.2-12.7],2022-05-26T11:04:03+02:00
cpmt,GMB,AFR,2019,EDUCATIONLEVEL,EDUCATIONLEVEL_SHLM,20.22359,17.9445,22.71202,20.2 [17.9-22.7],2022-05-26T11:17:53+02:00
cpmt,BEN,AFR,2011,RESIDENCEAREATYPE,RESIDENCEAREATYPE_RUR,11.45354,10.48627,12.49756,11.5 [10.5-12.5],2022-05-26T11:33:01+02:00
cpmt,GNB,AFR,2006,DHSMICSGEOREGION,DHSMICSGEOREGION_GNBMICS200601,20.75474,17.28369,24.7146,20.8 [17.3-24.7],2022-05-26T14:24:54+02:00
cpmt,LBR,AFR,2019,WEALTHDECILE,WEALTHDECILE_WEALTHDECILE02,23.86088,20.04933,28.14198,23.9 [20.0-28.1],2022-05-26T12:17:06+02:00
cpmt,CIV,AFR,1994,DHSMICSGEOREGION,DHSMICSGEOREGION_CIVDHS199406,5.17526,3.43499,7.72665,5.2 [3.4-7.7],2022-05-26T14:18:56+02:00
cpmt,LSO,AFR,2009,WEALTHDECILE,WEALTHDECILE_WEALTHDECILE10,61.04217,55.83873,66.00577,61.0 [55.8-66.0],2022-05-26T12:16:38+02:00
cpmt,ZAF,AFR,1998,DHSMICSGEOREGION,DHSMICSGEOREGION_ZAFDHS199804,66.05424,61.87941,69.99356,66.1 [61.9-70.0],2022-05-26T14:47:13+02:00
cpmt,MOZ,AFR,2003,AGEGROUP,AGEGROUP_YEARS15-19,20.0231,16.90806,23.54939,20.0 [16.9-23.5],2022-05-26T11:04:21+02:00
cpmt,CIV,AFR,1998,WEALTHQUINTILE,WEALTHQUINTILE_WQ2,6.38284,3.64073,10.9554,6.4 [3.6-11.0],2022-05-26T12:49:48+02:00
cpmt,RWA,AFR,2010,DHSMICSGEOREGION,DHSMICSGEOREGION_RWADHS201001,53.60099,50.04887,57.11695,53.6 [50.0-57.1],2022-05-26T14:45:15+02:00
cpmt,NGA,AFR,2003,WEALTHQUINTILE,WEALTHQUINTILE_WQ2,5.64633,4.0475,7.82522,5.6 [4.0-7.8],2022-05-26T12:59:45+02:00
cpmt,MWI,AFR,2010,DHSMICSGEOREGION,DHSMICSGEOREGION_MWIDHS201002,48.01168,46.04868,49.98085,48.0 [46.0-50.0],2022-05-26T14:32:48+02:00
cpmt,GAB,AFR,2012,WEALTHDECILE,WEALTHDECILE_WEALTHDECILE08,31.93368,25.14676,39.58368,31.9 [25.1-39.6],2022-05-26T12:08:43+02:00
cpmt,DZA,AFR,2012,RESIDENCEAREATYPE,RESIDENCEAREATYPE_URB,57.70485,56.44718,58.95262,57.7 [56.4-59.0],2022-05-26T11:32:20+02:00
cpmt,GIN,AFR,2016,WEALTHDECILE,WEALTHDECILE_WEALTHDECILE06,9.85273,7.47914,12.87478,9.9 [7.5-12.9],2022-05-26T12:11:02+02:00
cpmt,SWZ,AFR,2014,WEALTHQUINTILE,WEALTHQUINTILE_WQ2,63.74321,58.35321,68.8085,63.7 [58.4-68.8],2022-05-26T12:51:27+02:00
cpmt,MOZ,AFR,2015,WEALTHDECILE,WEALTHDECILE_WEALTHDECILE01,17.85413,12.51739,24.82062,17.9 [12.5-24.8],2022-05-26T12:20:44+02:00
cpmt,MLI,AFR,2006,WEALTHQUINTILE,WEALTHQUINTILE_WQ5,20.91995,18.70026,23.32752,20.9 [18.7-23.3],2022-05-26T12:57:25+02:00
cpmt,BEN,AFR,2001,WEALTHQUINTILE,WEALTHQUINTILE_WQ5,29.69577,26.52668,33.07304,29.7 [26.5-33.1],2022-05-26T12:46:47+02:00
cpmt,GIN,AFR,1999,WEALTHDECILE,WEALTHDECILE_WEALTHDECILE03,3.53427,2.05143,6.02305,3.5 [2.1-6.0],2022-05-26T12:10:46+02:00
cpmt,COD,AFR,2007,WEALTHQUINTILE,WEALTHQUINTILE_WQ3,16.56903,12.95994,20.94135,16.6 [13.0-20.9],2022-05-26T12:50:01+02:00
cpmt,MLI,AFR,2009,EDUCATIONLEVEL,EDUCATIONLEVEL_PRLM,15.49904,13.73298,17.44629,15.5 [13.7-17.4],2022-05-26T11:20:49+02:00
cpmt,GMB,AFR,2019,WEALTHDECILE,WEALTHDECILE_WEALTHDECILE04,16.36259,13.24661,20.04219,16.4 [13.2-20.0],2022-05-26T12:09:14+02:00
cpmt,MDG,AFR,2008,DHSMICSGEOREGION,DHSMICSGEOREGION_MDGDHS200802,32.90699,25.00113,41.91565,32.9 [25.0-41.9],2022-05-26T14:32:21+02:00
cpmt,COD,AFR,2017,WEALTHDECILE,WEALTHDECILE_WEALTHDECILE06,30.15068,23.9731,37.14243,30.2 [24.0-37.1],2022-05-26T12:05:44+02:00
cpmt,CAF,AFR,1994,WEALTHDECILE,WEALTHDECILE_WEALTHDECILE03,8.89902,6.38856,12.26671,8.9 [6.4-12.3],2022-05-26T12:02:31+02:00
cpmt,MOZ,AFR,2003,RESIDENCEAREATYPE,RESIDENCEAREATYPE_RUR,22.37405,20.66427,24.18217,22.4 [20.7-24.2],2022-05-26T11:37:26+02:00
cpmt,TCD,AFR,2019,RESIDENCEAREATYPE,RESIDENCEAREATYPE_URB,14.63743,12.3469,17.26917,14.6 [12.3-17.3],2022-05-26T11:33:43+02:00
cpmt,SEN,AFR,2014,EDUCATIONLEVEL,EDUCATIONLEVEL_PRLM,31.20444,26.19585,36.69454,31.2 [26.2-36.7],2022-05-26T11:23:53+02:00
cpmt,NAM,AFR,2006,WEALTHDECILE,WEALTHDECILE_WEALTHDECILE04,53.16957,46.82129,59.4169,53.2 [46.8-59.4],2022-05-26T12:21:02+02:00
cpmt,STP,AFR,2014,WEALTHQUINTILE,WEALTHQUINTILE_WQ4,43.54478,37.74986,49.5216,43.5 [37.7-49.5],2022-05-26T13:02:54+02:00
cpmt,COG,AFR,2014,WEALTHQUINTILE,WEALTHQUINTILE_WQ4,28.65367,24.91647,32.70723,28.7 [24.9-32.7],2022-05-26T12:49:18+02:00
cpmt,TZA,AFR,1999,DHSMICSGEOREGION,DHSMICSGEOREGION_TZADHS199906,32.35303,25.5445,40.00131,32.4 [25.5-40.0],2022-05-26T14:51:06+02:00
cpmt,UGA,AFR,2006,WEALTHDECILE,WEALTHDECILE_WEALTHDECILE08,28.6076,24.68909,32.87654,28.6 [24.7-32.9],2022-05-26T12:35:53+02:00
cpmt,LSO,AFR,2009,WEALTHDECILE,WEALTHDECILE_WEALTHDECILE08,50.72106,44.71935,56.70206,50.7 [44.7-56.7],2022-05-26T12:16:38+02:00
cpmt,ZWE,AFR,1994,DHSMICSGEOREGION,DHSMICSGEOREGION_ZWEDHS199403,52.3036,48.86241,55.72306,52.3 [48.9-55.7],2022-05-26T14:53:34+02:00
cpmt,LSO,AFR,2004,EDUCATIONLEVEL,EDUCATIONLEVEL_SHLM,48.38211,44.85621,51.92419,48.4 [44.9-51.9],2022-05-26T11:20:09+02:00
cpmt,CMR,AFR,1998,WEALTHDECILE,WEALTHDECILE_WEALTHDECILE10,43.99773,38.49334,49.6538,44.0 [38.5-49.7],2022-05-26T12:01:55+02:00
cpmt,GHA,AFR,2008,WEALTHDECILE,WEALTHDECILE_WEALTHDECILE05,23.00551,17.58599,29.4974,23.0 [17.6-29.5],2022-05-26T12:09:55+02:00
cpmt,BDI,AFR,2016,WEALTHQUINTILE,WEALTHQUINTILE_WQ2,27.19822,24.95102,29.56808,27.2 [25.0-29.6],2022-05-26T12:47:44+02:00
cpmt,MOZ,AFR,2003,WEALTHQUINTILE,WEALTHQUINTILE_WQ4,22.52158,19.92844,25.34534,22.5 [19.9-25.3],2022-05-26T12:58:25+02:00
cpmt,MWI,AFR,2004,WEALTHQUINTILE,WEALTHQUINTILE_WQ3,30.43152,27.88914,33.09927,30.4 [27.9-33.1],2022-05-26T12:56:52+02:00
cpmt,NER,AFR,1998,RESIDENCEAREATYPE,RESIDENCEAREATYPE_URB,22.88235,19.71356,26.39305,22.9 [19.7-26.4],2022-05-26T11:37:52+02:00
cpmt,ZMB,AFR,2018,DHSMICSGEOREGION,DHSMICSGEOREGION_ZMBDHS201802,53.53239,49.0982,57.91143,53.5 [49.1-57.9],2022-05-26T14:53:28+02:00
cpmt,SLE,AFR,2017,EDUCATIONLEVEL,EDUCATIONLEVEL_NHLM,18.48632,17.24633,19.79414,18.5 [17.2-19.8],2022-05-26T11:24:17+02:00
cpmt,UGA,AFR,2011,RESIDENCEAREATYPE,RESIDENCEAREATYPE_RUR,26.90614,25.03154,28.86707,26.9 [25.0-28.9],2022-05-26T11:40:23+02:00
cpmt,CAF,AFR,1994,DHSMICSGEOREGION,DHSMICSGEOREGION_CAFDHS199406,24.03983,20.00706,28.59489,24.0 [20.0-28.6],2022-05-26T14:16:35+02:00
cpmt,ZWE,AFR,2009,WEALTHQUINTILE,WEALTHQUINTILE_WQ5,69.49161,66.10783,72.67718,69.5 [66.1-72.7],2022-05-26T13:07:57+02:00
cpmt,MRT,AFR,2015,DHSMICSGEOREGION,DHSMICSGEOREGION_MRTMICS201502,15.81589,11.30903,21.67978,15.8 [11.3-21.7],2022-05-26T14:34:11+02:00
cpmt,NGA,AFR,2016,DHSMICSGEOREGION,DHSMICSGEOREGION_NGAMICS201637,26.24625,21.59701,31.49431,26.2 [21.6-31.5],2022-05-26T14:38:02+02:00
cpmt,TZA,AFR,2015,DHSMICSGEOREGION,DHSMICSGEOREGION_TZADHS201506,44.44975,35.41565,53.86629,44.4 [35.4-53.9],2022-05-26T14:51:51+02:00
cpmt,TZA,AFR,2015,WEALTHDECILE,WEALTHDECILE_WEALTHDECILE06,39.22771,34.93988,43.68839,39.2 [34.9-43.7],2022-05-26T12:36:59+02:00
cpmt,ZAF,AFR,1998,DHSMICSGEOREGION,DHSMICSGEOREGION_ZAFDHS199801,70.923,66.92675,74.6195,70.9 [66.9-74.6],2022-05-26T14:47:13+02:00
cpmt,CMR,AFR,2011,RESIDENCEAREATYPE,RESIDENCEAREATYPE_RUR,14.38797,12.69424,16.26558,14.4 [12.7-16.3],2022-05-26T11:33:31+02:00
